[2026-08-05T11:32:30.243Z] === TranscriptSpike launch ===
[2026-08-05T11:32:30.243Z] date=2026-08-05T11:32:30.243Z
[2026-08-05T11:32:30.243Z] build=TranscriptSpike WP-0 2026-08-05
[2026-08-05T11:32:30.243Z] machine=Openclaw's Mac mini  macOS 26.5.1 arm64
[2026-08-05T11:32:30.244Z] dbPath=/Users/openclaw/Library/Application Support/BeeChat/BeeChat.sqlite
[2026-08-05T11:32:30.244Z] generalTopicID=491EA8D6-9527-4E71-89B4-D0A06DF3F49D
[2026-08-05T11:32:30.244Z] generalSessionKey=agent:main:491ea8d6-9527-4e71-89b4-d0a06df3f49d
[2026-08-05T11:32:30.244Z] operator=Q
[2026-08-05T11:32:30.244Z] gate=g1
[2026-08-05T11:32:30.246Z] messages_loaded=427 at 2026-08-05T11:32:30.246Z
[2026-08-05T11:32:30.446Z] webView didFinish navigation at 2026-08-05T11:32:30.446Z
[2026-08-05T11:32:32.046Z] G1 START — pre-registered criteria:
[2026-08-05T11:32:32.047Z] G1 criterion soak_seconds=1800
[2026-08-05T11:32:32.047Z] G1 criterion web_content_count=1
[2026-08-05T11:32:32.047Z] G1 criterion rss_total_max_bytes=419430400
[2026-08-05T11:32:32.047Z] G1 criterion sample_interval_sec=60
[2026-08-05T11:32:32.047Z] G1 criterion plateau_window_seconds=600  tolerance_mb=20
[2026-08-05T11:32:32.048Z] G1 criterion message_count_source=GRDB general_sessionKey=agent:main:491ea8d6-9527-4e71-89b4-d0a06df3f49d
[2026-08-05T11:50:05.212Z] === TranscriptSpike launch ===
[2026-08-05T11:50:05.212Z] date=2026-08-05T11:50:05.212Z
[2026-08-05T11:50:05.212Z] build=TranscriptSpike WP-0 2026-08-05
[2026-08-05T11:50:05.212Z] machine=Openclaw's Mac mini  macOS 26.5.1 arm64
[2026-08-05T11:50:05.212Z] dbPath=/Users/openclaw/Library/Application Support/BeeChat/BeeChat.sqlite
[2026-08-05T11:50:05.212Z] generalTopicID=491EA8D6-9527-4E71-89B4-D0A06DF3F49D
[2026-08-05T11:50:05.212Z] generalSessionKey=agent:main:491ea8d6-9527-4e71-89b4-d0a06df3f49d
[2026-08-05T11:50:05.212Z] operator=Q
[2026-08-05T11:50:05.212Z] gate=g1
[2026-08-05T11:50:05.215Z] messages_loaded=427 at 2026-08-05T11:50:05.215Z
[2026-08-05T11:50:05.415Z] webView didFinish navigation at 2026-08-05T11:50:05.415Z
[2026-08-05T11:50:07.020Z] G1 START — pre-registered criteria:
[2026-08-05T11:50:07.021Z] G1 criterion soak_seconds=1800
[2026-08-05T11:50:07.021Z] G1 criterion web_content_count=1
[2026-08-05T11:50:07.022Z] G1 criterion rss_total_max_bytes=419430400
[2026-08-05T11:50:07.022Z] G1 criterion sample_interval_sec=60
[2026-08-05T11:50:07.022Z] G1 criterion plateau_window_seconds=600  tolerance_mb=20
[2026-08-05T11:50:07.022Z] G1 criterion message_count_source=GRDB general_sessionKey=agent:main:491ea8d6-9527-4e71-89b4-d0a06df3f49d
[2026-08-05T11:50:07.023Z] G1 sample_invoked appPID=48234
[2026-08-05T11:50:07.151Z] G1 sample post-ps count=29 webBytes=846741504
[2026-08-05T11:50:07.151Z] G1 sample app_mb=28.0 web_mb=807.5 total_mb=835.5 web_count=29 pids=3744,11615,15311,16129,18040,20603,22341,22343,26871,26872,31014,38173,41084,48248,51459,55767,68016,71190,73207,76808,79820,79886,86939,88536,97498,98166,98584,99283,99287
[2026-08-05T11:50:07.152Z] G1 sampling begun; will exit after windowSeconds=1800
[2026-08-05T11:50:23.175Z] === TranscriptSpike launch ===
[2026-08-05T11:50:23.175Z] date=2026-08-05T11:50:23.175Z
[2026-08-05T11:50:23.175Z] build=TranscriptSpike WP-0 2026-08-05
[2026-08-05T11:50:23.175Z] machine=Openclaw's Mac mini  macOS 26.5.1 arm64
[2026-08-05T11:50:23.176Z] dbPath=/Users/openclaw/Library/Application Support/BeeChat/BeeChat.sqlite
[2026-08-05T11:50:23.176Z] generalTopicID=491EA8D6-9527-4E71-89B4-D0A06DF3F49D
[2026-08-05T11:50:23.176Z] generalSessionKey=agent:main:491ea8d6-9527-4e71-89b4-d0a06df3f49d
[2026-08-05T11:50:23.176Z] operator=Q
[2026-08-05T11:50:23.176Z] gate=g2
[2026-08-05T11:50:23.178Z] messages_loaded=427 at 2026-08-05T11:50:23.178Z
[2026-08-05T11:50:23.372Z] webView didFinish navigation at 2026-08-05T11:50:23.372Z
[2026-08-05T11:50:24.976Z] G2 START — pre-registered criteria:
[2026-08-05T11:50:24.976Z] G2 criterion pin_state=true_throughout
[2026-08-05T11:50:24.976Z] G2 criterion distance_from_bottom_px_tolerance=4 (1 frame @1x = 16.7px; we use 4px to allow sub-pixel rounding)
[2026-08-05T11:50:24.977Z] G2 criterion late_images=10 local_fixtures
[2026-08-05T11:50:24.977Z] G2 criterion streaming_append=5fps for 10s (50 messages)
[2026-08-05T11:50:24.977Z] G2 criterion window_resize_continuous_for_10s
[2026-08-05T11:50:24.996Z] G2 stream_append[0] dfb=0px ok=true
[2026-08-05T11:50:24.998Z] G2 resize[0] dfb=0px size=760x720 ok=true
[2026-08-05T11:50:25.191Z] G2 stream_append[1] dfb=0px ok=true
[2026-08-05T11:50:25.273Z] G2 resize[1] dfb=0px size=900x600 ok=true
[2026-08-05T11:50:25.312Z] G2 image_inject[0] dfb=0px ok=true url=g2-img-0.png
[2026-08-05T11:50:25.404Z] G2 stream_append[2] dfb=0px ok=true
[2026-08-05T11:50:25.546Z] G2 resize[2] dfb=0px size=600x800 ok=true
[2026-08-05T11:50:25.614Z] G2 stream_append[3] dfb=0px ok=true
[2026-08-05T11:50:25.811Z] G2 resize[3] dfb=0px size=1100x700 ok=true
[2026-08-05T11:50:25.811Z] G2 stream_append[4] dfb=0px ok=true
[2026-08-05T11:50:25.826Z] G2 image_inject[1] dfb=0px ok=true url=g2-img-1.png
[2026-08-05T11:50:26.045Z] G2 stream_append[5] dfb=0px ok=true
[2026-08-05T11:50:26.064Z] G2 resize[4] dfb=0px size=500x900 ok=true
[2026-08-05T11:50:26.258Z] G2 stream_append[6] dfb=0px ok=true
[2026-08-05T11:50:26.275Z] G2 resize[5] dfb=0px size=760x720 ok=true
[2026-08-05T11:50:26.378Z] G2 image_inject[2] dfb=0px ok=true url=g2-img-2.png
[2026-08-05T11:50:26.475Z] G2 stream_append[7] dfb=0px ok=true
[2026-08-05T11:50:26.609Z] G2 resize[6] dfb=0px size=900x600 ok=true
[2026-08-05T11:50:26.610Z] G2 stream_append[8] dfb=0px ok=true
[2026-08-05T11:50:26.836Z] G2 resize[7] dfb=0px size=600x800 ok=true
[2026-08-05T11:50:26.836Z] G2 stream_append[9] dfb=0px ok=true
[2026-08-05T11:50:26.836Z] G2 image_inject[3] dfb=0px ok=true url=g2-img-3.png
[2026-08-05T11:50:27.112Z] G2 stream_append[10] dfb=0px ok=true
[2026-08-05T11:50:27.131Z] G2 resize[8] dfb=0px size=1100x700 ok=true
[2026-08-05T11:50:27.323Z] G2 stream_append[11] dfb=0px ok=true
[2026-08-05T11:50:27.338Z] G2 resize[9] dfb=0px size=500x900 ok=true
[2026-08-05T11:50:27.339Z] G2 image_inject[4] dfb=0px ok=true url=g2-img-4.png
[2026-08-05T11:50:27.533Z] G2 stream_append[12] dfb=0px ok=true
[2026-08-05T11:50:27.555Z] G2 resize[10] dfb=0px size=760x720 ok=true
[2026-08-05T11:50:27.751Z] G2 stream_append[13] dfb=0px ok=true
[2026-08-05T11:50:27.772Z] G2 resize[11] dfb=0px size=900x600 ok=true
[2026-08-05T11:50:27.961Z] G2 stream_append[14] dfb=0px ok=true
[2026-08-05T11:50:27.962Z] G2 image_inject[5] dfb=0px ok=true url=g2-img-5.png
[2026-08-05T11:50:28.180Z] G2 stream_append[15] dfb=0px ok=true
[2026-08-05T11:50:28.193Z] G2 resize[12] dfb=0px size=600x800 ok=true
[2026-08-05T11:50:28.194Z] G2 stream_append[16] dfb=0px ok=true
[2026-08-05T11:50:28.414Z] G2 resize[13] dfb=0px size=1100x700 ok=true
[2026-08-05T11:50:28.415Z] G2 stream_append[17] dfb=0px ok=true
[2026-08-05T11:50:28.415Z] G2 image_inject[6] dfb=0px ok=true url=g2-img-6.png
[2026-08-05T11:50:28.751Z] G2 resize[14] dfb=0px size=500x900 ok=true
[2026-08-05T11:50:28.752Z] G2 stream_append[18] dfb=0px ok=true
[2026-08-05T11:50:28.950Z] G2 resize[15] dfb=0px size=760x720 ok=true
[2026-08-05T11:50:28.950Z] G2 stream_append[19] dfb=0px ok=true
[2026-08-05T11:50:28.950Z] G2 image_inject[7] dfb=0px ok=true url=g2-img-7.png
[2026-08-05T11:50:29.244Z] G2 stream_append[20] dfb=0px ok=true
[2026-08-05T11:50:29.256Z] G2 resize[16] dfb=0px size=900x600 ok=true
[2026-08-05T11:50:29.256Z] G2 stream_append[21] dfb=0px ok=true
[2026-08-05T11:50:29.257Z] G2 resize[17] dfb=0px size=600x800 ok=true
[2026-08-05T11:50:29.457Z] G2 stream_append[22] dfb=0px ok=true
[2026-08-05T11:50:29.457Z] G2 image_inject[8] dfb=0px ok=true url=g2-img-8.png
[2026-08-05T11:50:29.807Z] G2 resize[18] dfb=0px size=1100x700 ok=true
[2026-08-05T11:50:29.807Z] G2 stream_append[23] dfb=0px ok=true
[2026-08-05T11:50:29.808Z] G2 resize[19] dfb=0px size=500x900 ok=true
[2026-08-05T11:50:29.808Z] G2 stream_append[24] dfb=0px ok=true
[2026-08-05T11:50:30.003Z] G2 stream_append[25] dfb=0px ok=true
[2026-08-05T11:50:30.004Z] G2 image_inject[9] dfb=0px ok=true url=g2-img-9.png
[2026-08-05T11:50:30.021Z] G2 resize[20] dfb=0px size=760x720 ok=true
[2026-08-05T11:50:30.526Z] G2 stream_append[26] dfb=0px ok=true
[2026-08-05T11:50:30.539Z] G2 resize[21] dfb=0px size=900x600 ok=true
[2026-08-05T11:50:30.539Z] G2 stream_append[27] dfb=0px ok=true
[2026-08-05T11:50:30.539Z] G2 resize[22] dfb=0px size=600x800 ok=true
[2026-08-05T11:50:30.954Z] G2 stream_append[28] dfb=0px ok=true
[2026-08-05T11:50:30.978Z] G2 resize[23] dfb=0px size=1100x700 ok=true
[2026-08-05T11:50:30.978Z] G2 stream_append[29] dfb=0px ok=true
[2026-08-05T11:50:31.378Z] G2 stream_append[30] dfb=0px ok=true
[2026-08-05T11:50:31.397Z] G2 resize[24] dfb=0px size=500x900 ok=true
[2026-08-05T11:50:31.397Z] G2 stream_append[31] dfb=0px ok=true
[2026-08-05T11:50:31.398Z] G2 resize[25] dfb=0px size=760x720 ok=true
[2026-08-05T11:50:31.398Z] G2 stream_append[32] dfb=0px ok=true
[2026-08-05T11:50:31.959Z] G2 resize[26] dfb=0px size=900x600 ok=true
[2026-08-05T11:50:31.959Z] G2 stream_append[33] dfb=0px ok=true
[2026-08-05T11:50:31.959Z] G2 resize[27] dfb=0px size=600x800 ok=true
[2026-08-05T11:50:31.960Z] G2 stream_append[34] dfb=0px ok=true
[2026-08-05T11:50:32.447Z] G2 stream_append[35] dfb=0px ok=true
[2026-08-05T11:50:32.465Z] G2 resize[28] dfb=0px size=1100x700 ok=true
[2026-08-05T11:50:32.466Z] G2 stream_append[36] dfb=0px ok=true
[2026-08-05T11:50:32.471Z] G2 resize[29] dfb=0px size=500x900 ok=true
[2026-08-05T11:50:32.472Z] G2 stream_append[37] dfb=0px ok=true
[2026-08-05T11:50:33.007Z] G2 resize[30] dfb=0px size=760x720 ok=true
[2026-08-05T11:50:33.008Z] G2 stream_append[38] dfb=0px ok=true
[2026-08-05T11:50:33.008Z] G2 resize[31] dfb=0px size=900x600 ok=true
[2026-08-05T11:50:33.008Z] G2 stream_append[39] dfb=0px ok=true
[2026-08-05T11:50:33.008Z] G2 stream_append[40] dfb=0px ok=true
[2026-08-05T11:50:33.008Z] G2 resize[32] dfb=0px size=600x800 ok=true
[2026-08-05T11:50:33.724Z] G2 stream_append[41] dfb=0px ok=true
[2026-08-05T11:50:33.744Z] G2 resize[33] dfb=0px size=1100x700 ok=true
[2026-08-05T11:50:33.744Z] G2 stream_append[42] dfb=0px ok=true
[2026-08-05T11:50:33.745Z] G2 resize[34] dfb=0px size=500x900 ok=true
[2026-08-05T11:50:33.746Z] G2 stream_append[43] dfb=0px ok=true
[2026-08-05T11:50:34.353Z] G2 resize[35] dfb=0px size=760x720 ok=true
[2026-08-05T11:50:34.354Z] G2 stream_append[44] dfb=0px ok=true
[2026-08-05T11:50:34.354Z] G2 stream_append[45] dfb=0px ok=true
[2026-08-05T11:50:34.354Z] G2 resize[36] dfb=0px size=900x600 ok=true
[2026-08-05T11:50:34.355Z] G2 stream_append[46] dfb=0px ok=true
[2026-08-05T11:50:34.355Z] G2 resize[37] dfb=0px size=600x800 ok=true
[2026-08-05T11:50:35.009Z] G2 stream_append[47] dfb=0px ok=true
[2026-08-05T11:50:35.031Z] G2 resize[38] dfb=0px size=1100x700 ok=true
[2026-08-05T11:50:35.031Z] G2 stream_append[48] dfb=0px ok=true
[2026-08-05T11:50:35.031Z] G2 resize[39] dfb=0px size=500x900 ok=true
[2026-08-05T11:50:35.032Z] G2 stream_append[49] dfb=0px ok=true
[2026-08-05T11:50:37.260Z] G2 evidence written: /Users/openclaw/projects/BeeChat-v5/Docs/Reviews/optionb/G2-evidence.md
[2026-08-05T11:50:37.261Z] === exit code=0 ===
[2026-08-05T11:50:40.022Z] === TranscriptSpike launch ===
[2026-08-05T11:50:40.022Z] date=2026-08-05T11:50:40.022Z
[2026-08-05T11:50:40.022Z] build=TranscriptSpike WP-0 2026-08-05
[2026-08-05T11:50:40.022Z] machine=Openclaw's Mac mini  macOS 26.5.1 arm64
[2026-08-05T11:50:40.022Z] dbPath=/Users/openclaw/Library/Application Support/BeeChat/BeeChat.sqlite
[2026-08-05T11:50:40.022Z] generalTopicID=491EA8D6-9527-4E71-89B4-D0A06DF3F49D
[2026-08-05T11:50:40.023Z] generalSessionKey=agent:main:491ea8d6-9527-4e71-89b4-d0a06df3f49d
[2026-08-05T11:50:40.023Z] operator=Q
[2026-08-05T11:50:40.023Z] gate=g3
[2026-08-05T11:50:40.025Z] messages_loaded=427 at 2026-08-05T11:50:40.025Z
[2026-08-05T11:50:40.222Z] webView didFinish navigation at 2026-08-05T11:50:40.222Z
[2026-08-05T11:50:41.827Z] G3 START — pre-registered criteria:
[2026-08-05T11:50:41.827Z] G3 criterion fixture=golden_table_and_code (5 bubbles)
[2026-08-05T11:50:41.828Z] G3 criterion drag_select_from=bubble1_top to=bubble5_bottom
[2026-08-05T11:50:41.828Z] G3 criterion paste_target=TextEdit (textedit://) OR NSPasteboard readback
[2026-08-05T11:50:41.829Z] G3 criterion content_in_order_match — every non-empty line of expected appears in actual in order (FR-MULTICOPY A1 semantics)
[2026-08-05T11:50:41.830Z] JS[consoleLog]: [G3] bc keys=20
[2026-08-05T11:50:41.846Z] G3 fixture_loaded_check: {"bubbles":5,"hasTable":true,"hasCode":true}
[2026-08-05T11:50:42.470Z] G3 selection_text_bytes=196
[2026-08-05T11:50:42.471Z] G3 content_in_order_match=true
[2026-08-05T11:50:42.473Z] G3 evidence written: /Users/openclaw/projects/BeeChat-v5/Docs/Reviews/optionb/G3-evidence.md
[2026-08-05T11:50:42.474Z] === exit code=0 ===
[2026-08-05T11:50:45.220Z] === TranscriptSpike launch ===
[2026-08-05T11:50:45.220Z] date=2026-08-05T11:50:45.220Z
[2026-08-05T11:50:45.220Z] build=TranscriptSpike WP-0 2026-08-05
[2026-08-05T11:50:45.220Z] machine=Openclaw's Mac mini  macOS 26.5.1 arm64
[2026-08-05T11:50:45.220Z] dbPath=/Users/openclaw/Library/Application Support/BeeChat/BeeChat.sqlite
[2026-08-05T11:50:45.220Z] generalTopicID=491EA8D6-9527-4E71-89B4-D0A06DF3F49D
[2026-08-05T11:50:45.220Z] generalSessionKey=agent:main:491ea8d6-9527-4e71-89b4-d0a06df3f49d
[2026-08-05T11:50:45.221Z] operator=Q
[2026-08-05T11:50:45.221Z] gate=g4
[2026-08-05T11:50:45.223Z] messages_loaded=427 at 2026-08-05T11:50:45.223Z
[2026-08-05T11:50:45.425Z] webView didFinish navigation at 2026-08-05T11:50:45.425Z
[2026-08-05T11:50:47.026Z] G4 START — pre-registered criteria:
[2026-08-05T11:50:47.027Z] G4 criterion ported_theme=light (the representative theme; state rationale)
[2026-08-05T11:50:47.027Z] G4 criterion font_scale_steps=[0.8, 1.0, 1.2, 1.5]
[2026-08-05T11:50:47.027Z] G4 criterion target_perceived_frame=16.7ms; recorded_as=documented_performance_target_if_metric_unavailable
[2026-08-05T11:50:47.027Z] G4 criterion metric_chosen=requestAnimationFrame deltas around style mutation (best-available proxy)
[2026-08-05T11:50:47.422Z] G4 reference screenshot: /Users/openclaw/projects/BeeChat-v5/Docs/Reviews/optionb/G4-reference-light.png
[2026-08-05T11:50:47.531Z] G4 font_scale=0.80 raf_ms=71.00
[2026-08-05T11:50:48.306Z] G4 font_scale=1.00 raf_ms=38.00
[2026-08-05T11:50:49.156Z] G4 font_scale=1.20 raf_ms=96.00
[2026-08-05T11:50:50.016Z] G4 font_scale=1.50 raf_ms=96.00
[2026-08-05T11:50:51.371Z] G4 evidence written: /Users/openclaw/projects/BeeChat-v5/Docs/Reviews/optionb/G4-evidence.md
[2026-08-05T11:50:51.371Z] === exit code=0 ===
[2026-08-05T11:50:54.146Z] === TranscriptSpike launch ===
[2026-08-05T11:50:54.147Z] date=2026-08-05T11:50:54.147Z
[2026-08-05T11:50:54.147Z] build=TranscriptSpike WP-0 2026-08-05
[2026-08-05T11:50:54.147Z] machine=Openclaw's Mac mini  macOS 26.5.1 arm64
[2026-08-05T11:50:54.147Z] dbPath=/Users/openclaw/Library/Application Support/BeeChat/BeeChat.sqlite
[2026-08-05T11:50:54.147Z] generalTopicID=491EA8D6-9527-4E71-89B4-D0A06DF3F49D
[2026-08-05T11:50:54.147Z] generalSessionKey=agent:main:491ea8d6-9527-4e71-89b4-d0a06df3f49d
[2026-08-05T11:50:54.147Z] operator=Q
[2026-08-05T11:50:54.147Z] gate=g5
[2026-08-05T11:50:54.149Z] messages_loaded=427 at 2026-08-05T11:50:54.149Z
[2026-08-05T11:50:54.333Z] webView didFinish navigation at 2026-08-05T11:50:54.333Z
[2026-08-05T11:50:55.937Z] G5 START — pre-registered criteria:
[2026-08-05T11:50:55.937Z] G5 criterion swaps=20 alternating between two 25-message subsets
[2026-08-05T11:50:55.937Z] G5 criterion swap_window=JS mutation-to-first-rAF (best available proxy for first composited frame)
[2026-08-05T11:50:55.937Z] G5 criterion white_flash=non-white background pixels during swap, sampled at 60Hz from the document's first body pixel
[2026-08-05T11:50:55.938Z] G5 topics_loaded=2 ([agent:main:be8d141c-09ac-4b40-941f-634abc8f7f32,agent:main:ac9d4deb-adc5-4bd3-b23d-37ea4cefae53])
[2026-08-05T11:50:55.938Z] G5 subsetA_count=25 subsetB_count=25
[2026-08-05T11:50:56.049Z] G5 swap[0] A count=25 ms=9.00
[2026-08-05T11:50:56.583Z] G5 swap[1] B count=25 ms=27.00
[2026-08-05T11:50:57.114Z] G5 swap[2] A count=25 ms=9.00
[2026-08-05T11:50:57.650Z] G5 swap[3] B count=25 ms=15.00
[2026-08-05T11:50:58.184Z] G5 swap[4] A count=25 ms=10.00
[2026-08-05T11:50:58.715Z] G5 swap[5] B count=25 ms=14.00
[2026-08-05T11:50:59.249Z] G5 swap[6] A count=25 ms=13.00
[2026-08-05T11:50:59.775Z] G5 swap[7] B count=25 ms=13.00
[2026-08-05T11:51:00.308Z] G5 swap[8] A count=25 ms=4.00
[2026-08-05T11:51:00.847Z] G5 swap[9] B count=25 ms=5.00
[2026-08-05T11:51:01.384Z] G5 swap[10] A count=25 ms=14.00
[2026-08-05T11:51:01.918Z] G5 swap[11] B count=25 ms=14.00
[2026-08-05T11:51:02.447Z] G5 swap[12] A count=25 ms=14.00
[2026-08-05T11:51:02.556Z] G5 swap[13] B count=25 ms=16.00
[2026-08-05T11:51:03.511Z] G5 swap[14] A count=25 ms=9.00
[2026-08-05T11:51:03.569Z] G5 swap[15] B count=25 ms=9.00
[2026-08-05T11:51:04.579Z] G5 swap[16] A count=25 ms=10.00
[2026-08-05T11:51:04.579Z] G5 swap[17] B count=25 ms=10.00
[2026-08-05T11:51:05.646Z] G5 swap[18] A count=25 ms=11.00
[2026-08-05T11:51:05.647Z] G5 swap[19] B count=25 ms=11.00
[2026-08-05T11:51:07.142Z] G5 evidence written: /Users/openclaw/projects/BeeChat-v5/Docs/Reviews/optionb/G5-evidence.md
[2026-08-05T11:51:07.142Z] === exit code=0 ===
[2026-08-05T11:51:07.160Z] G1 sample_invoked appPID=48234
[2026-08-05T11:51:07.287Z] G1 sample post-ps count=30 webBytes=936165376
[2026-08-05T11:51:07.287Z] G1 sample app_mb=27.5 web_mb=892.8 total_mb=920.3 web_count=30 pids=3744,11615,15311,16129,18040,20603,22341,22343,26871,26872,31014,38173,41084,48248,48512,51459,55767,68016,71190,73207,76808,79820,79886,86939,88536,97498,98166,98584,99283,99287
[2026-08-05T11:51:09.924Z] === TranscriptSpike launch ===
[2026-08-05T11:51:09.925Z] date=2026-08-05T11:51:09.924Z
[2026-08-05T11:51:09.925Z] build=TranscriptSpike WP-0 2026-08-05
[2026-08-05T11:51:09.925Z] machine=Openclaw's Mac mini  macOS 26.5.1 arm64
[2026-08-05T11:51:09.925Z] dbPath=/Users/openclaw/Library/Application Support/BeeChat/BeeChat.sqlite
[2026-08-05T11:51:09.925Z] generalTopicID=491EA8D6-9527-4E71-89B4-D0A06DF3F49D
[2026-08-05T11:51:09.925Z] generalSessionKey=agent:main:491ea8d6-9527-4e71-89b4-d0a06df3f49d
[2026-08-05T11:51:09.925Z] operator=Q
[2026-08-05T11:51:09.925Z] gate=g6
[2026-08-05T11:51:09.928Z] messages_loaded=427 at 2026-08-05T11:51:09.927Z
[2026-08-05T11:51:10.108Z] webView didFinish navigation at 2026-08-05T11:51:10.108Z
[2026-08-05T11:51:11.709Z] G6 START — pre-registered criteria:
[2026-08-05T11:51:11.710Z] G6 criterion typed_string=known pangram + digits + specials + emoji + trailing punctuation
[2026-08-05T11:51:11.710Z] G6 criterion typing_method=NSApp.sendEvent(.keyDown) dispatched to firstResponder (deterministic, reproducible)
[2026-08-05T11:51:11.711Z] G6 criterion target=host NSWindow's first responder (a hidden NSTextField)
[2026-08-05T11:51:11.711Z] G6 criterion comparison=typed_string == composer_text (zero dropped keystrokes)
[2026-08-05T11:51:11.712Z] G6 criterion focus=first_responder remains the composer throughout
[2026-08-05T11:51:11.712Z] G6 criterion out_of_scope=IME, key repeat, paste, modifier keys
[2026-08-05T11:51:11.727Z] G6 composer=<NSTextField: 0xc535c8000> composerOwnsFocus=true isKey=true makeFirstResponder=true currentFR_type=NSTextView
[2026-08-05T11:51:16.614Z] G6 typed_chars=136 expected=136 match=true
[2026-08-05T11:51:16.614Z] G6 focus_retained=true currentFR_type=NSTextView
[2026-08-05T11:51:16.617Z] G6 evidence written: /Users/openclaw/projects/BeeChat-v5/Docs/Reviews/optionb/G6-evidence.md
[2026-08-05T11:51:16.617Z] === exit code=0 ===
[2026-08-05T11:51:16.618Z] G6 page_state keystrokesReceived=136
[2026-08-05T11:52:07.163Z] G1 sample_invoked appPID=48234
[2026-08-05T11:52:07.259Z] G1 sample post-ps count=29 webBytes=846544896
[2026-08-05T11:52:07.259Z] G1 sample app_mb=24.6 web_mb=807.3 total_mb=831.9 web_count=29 pids=3744,11615,15311,16129,18040,20603,22341,22343,26871,26872,31014,38173,41084,48248,51459,55767,68016,71190,73207,76808,79820,79886,86939,88536,97498,98166,98584,99283,99287
[2026-08-05T11:53:07.163Z] G1 sample_invoked appPID=48234
[2026-08-05T11:53:07.290Z] G1 sample post-ps count=29 webBytes=846528512
[2026-08-05T11:53:07.291Z] G1 sample app_mb=24.1 web_mb=807.3 total_mb=831.4 web_count=29 pids=3744,11615,15311,16129,18040,20603,22341,22343,26871,26872,31014,38173,41084,48248,51459,55767,68016,71190,73207,76808,79820,79886,86939,88536,97498,98166,98584,99283,99287
[2026-08-05T11:54:07.162Z] G1 sample_invoked appPID=48234
[2026-08-05T11:54:07.289Z] G1 sample post-ps count=29 webBytes=846528512
[2026-08-05T11:54:07.289Z] G1 sample app_mb=24.1 web_mb=807.3 total_mb=831.4 web_count=29 pids=3744,11615,15311,16129,18040,20603,22341,22343,26871,26872,31014,38173,41084,48248,51459,55767,68016,71190,73207,76808,79820,79886,86939,88536,97498,98166,98584,99283,99287
[2026-08-05T11:55:07.162Z] G1 sample_invoked appPID=48234
[2026-08-05T11:55:07.289Z] G1 sample post-ps count=29 webBytes=846528512
[2026-08-05T11:55:07.289Z] G1 sample app_mb=24.1 web_mb=807.3 total_mb=831.4 web_count=29 pids=3744,11615,15311,16129,18040,20603,22341,22343,26871,26872,31014,38173,41084,48248,51459,55767,68016,71190,73207,76808,79820,79886,86939,88536,97498,98166,98584,99283,99287
[2026-08-05T11:56:07.161Z] G1 sample_invoked appPID=48234
[2026-08-05T11:56:07.283Z] G1 sample post-ps count=29 webBytes=846528512
[2026-08-05T11:56:07.283Z] G1 sample app_mb=24.1 web_mb=807.3 total_mb=831.4 web_count=29 pids=3744,11615,15311,16129,18040,20603,22341,22343,26871,26872,31014,38173,41084,48248,51459,55767,68016,71190,73207,76808,79820,79886,86939,88536,97498,98166,98584,99283,99287
[2026-08-05T11:57:07.161Z] G1 sample_invoked appPID=48234
[2026-08-05T11:57:07.287Z] G1 sample post-ps count=29 webBytes=846528512
[2026-08-05T11:57:07.287Z] G1 sample app_mb=24.1 web_mb=807.3 total_mb=831.4 web_count=29 pids=3744,11615,15311,16129,18040,20603,22341,22343,26871,26872,31014,38173,41084,48248,51459,55767,68016,71190,73207,76808,79820,79886,86939,88536,97498,98166,98584,99283,99287
[2026-08-05T11:58:07.160Z] G1 sample_invoked appPID=48234
[2026-08-05T11:58:07.287Z] G1 sample post-ps count=29 webBytes=861061120
[2026-08-05T11:58:07.287Z] G1 sample app_mb=24.1 web_mb=821.2 total_mb=845.3 web_count=29 pids=3744,11615,15311,16129,18040,20603,22341,22343,26871,26872,31014,38173,41084,48248,51459,55767,68016,71190,73207,76808,79820,79886,86939,88536,97498,98166,98584,99283,99287
[2026-08-05T11:59:07.167Z] G1 sample_invoked appPID=48234
[2026-08-05T11:59:07.297Z] G1 sample post-ps count=29 webBytes=861110272
[2026-08-05T11:59:07.298Z] G1 sample app_mb=24.1 web_mb=821.2 total_mb=845.3 web_count=29 pids=3744,11615,15311,16129,18040,20603,22341,22343,26871,26872,31014,38173,41084,48248,51459,55767,68016,71190,73207,76808,79820,79886,86939,88536,97498,98166,98584,99283,99287
[2026-08-05T12:00:07.166Z] G1 sample_invoked appPID=48234
[2026-08-05T12:00:07.296Z] G1 sample post-ps count=29 webBytes=861061120
[2026-08-05T12:00:07.296Z] G1 sample app_mb=24.1 web_mb=821.2 total_mb=845.3 web_count=29 pids=3744,11615,15311,16129,18040,20603,22341,22343,26871,26872,31014,38173,41084,48248,51459,55767,68016,71190,73207,76808,79820,79886,86939,88536,97498,98166,98584,99283,99287
[2026-08-05T12:01:07.166Z] G1 sample_invoked appPID=48234
[2026-08-05T12:01:07.296Z] G1 sample post-ps count=29 webBytes=861061120
[2026-08-05T12:01:07.296Z] G1 sample app_mb=24.1 web_mb=821.2 total_mb=845.3 web_count=29 pids=3744,11615,15311,16129,18040,20603,22341,22343,26871,26872,31014,38173,41084,48248,51459,55767,68016,71190,73207,76808,79820,79886,86939,88536,97498,98166,98584,99283,99287
[2026-08-05T12:02:07.169Z] G1 sample_invoked appPID=48234
[2026-08-05T12:02:07.295Z] G1 sample post-ps count=29 webBytes=861061120
[2026-08-05T12:02:07.296Z] G1 sample app_mb=24.1 web_mb=821.2 total_mb=845.3 web_count=29 pids=3744,11615,15311,16129,18040,20603,22341,22343,26871,26872,31014,38173,41084,48248,51459,55767,68016,71190,73207,76808,79820,79886,86939,88536,97498,98166,98584,99283,99287
[2026-08-05T12:03:07.168Z] G1 sample_invoked appPID=48234
[2026-08-05T12:03:07.294Z] G1 sample post-ps count=29 webBytes=861061120
[2026-08-05T12:03:07.295Z] G1 sample app_mb=24.1 web_mb=821.2 total_mb=845.3 web_count=29 pids=3744,11615,15311,16129,18040,20603,22341,22343,26871,26872,31014,38173,41084,48248,51459,55767,68016,71190,73207,76808,79820,79886,86939,88536,97498,98166,98584,99283,99287
[2026-08-05T12:04:07.167Z] G1 sample_invoked appPID=48234
[2026-08-05T12:04:07.294Z] G1 sample post-ps count=29 webBytes=861061120
[2026-08-05T12:04:07.295Z] G1 sample app_mb=24.1 web_mb=821.2 total_mb=845.3 web_count=29 pids=3744,11615,15311,16129,18040,20603,22341,22343,26871,26872,31014,38173,41084,48248,51459,55767,68016,71190,73207,76808,79820,79886,86939,88536,97498,98166,98584,99283,99287
[2026-08-05T12:05:07.167Z] G1 sample_invoked appPID=48234
[2026-08-05T12:05:07.283Z] G1 sample post-ps count=29 webBytes=861061120
[2026-08-05T12:05:07.283Z] G1 sample app_mb=24.1 web_mb=821.2 total_mb=845.3 web_count=29 pids=3744,11615,15311,16129,18040,20603,22341,22343,26871,26872,31014,38173,41084,48248,51459,55767,68016,71190,73207,76808,79820,79886,86939,88536,97498,98166,98584,99283,99287
[2026-08-05T12:06:07.172Z] G1 sample_invoked appPID=48234
[2026-08-05T12:06:07.298Z] G1 sample post-ps count=29 webBytes=863240192
[2026-08-05T12:06:07.299Z] G1 sample app_mb=24.1 web_mb=823.2 total_mb=847.3 web_count=29 pids=3744,11615,15311,16129,18040,20603,22341,22343,26871,26872,31014,38173,41084,48248,51459,55767,68016,71190,73207,76808,79820,79886,86939,88536,97498,98166,98584,99283,99287
[2026-08-05T12:07:07.133Z] G1 sample_invoked appPID=48234
[2026-08-05T12:07:07.254Z] G1 sample post-ps count=29 webBytes=863453184
[2026-08-05T12:07:07.255Z] G1 sample app_mb=24.2 web_mb=823.5 total_mb=847.6 web_count=29 pids=3744,11615,15311,16129,18040,20603,22341,22343,26871,26872,31014,38173,41084,48248,51459,55767,68016,71190,73207,76808,79820,79886,86939,88536,97498,98166,98584,99283,99287
[2026-08-05T12:08:07.129Z] G1 sample_invoked appPID=48234
[2026-08-05T12:08:07.249Z] G1 sample post-ps count=29 webBytes=863453184
[2026-08-05T12:08:07.249Z] G1 sample app_mb=24.2 web_mb=823.5 total_mb=847.6 web_count=29 pids=3744,11615,15311,16129,18040,20603,22341,22343,26871,26872,31014,38173,41084,48248,51459,55767,68016,71190,73207,76808,79820,79886,86939,88536,97498,98166,98584,99283,99287
[2026-08-05T12:09:07.128Z] G1 sample_invoked appPID=48234
[2026-08-05T12:09:07.237Z] G1 sample post-ps count=29 webBytes=863453184
[2026-08-05T12:09:07.237Z] G1 sample app_mb=24.1 web_mb=823.5 total_mb=847.6 web_count=29 pids=3744,11615,15311,16129,18040,20603,22341,22343,26871,26872,31014,38173,41084,48248,51459,55767,68016,71190,73207,76808,79820,79886,86939,88536,97498,98166,98584,99283,99287
[2026-08-05T12:10:07.127Z] G1 sample_invoked appPID=48234
[2026-08-05T12:10:07.253Z] G1 sample post-ps count=29 webBytes=863469568
[2026-08-05T12:10:07.254Z] G1 sample app_mb=24.2 web_mb=823.5 total_mb=847.6 web_count=29 pids=3744,11615,15311,16129,18040,20603,22341,22343,26871,26872,31014,38173,41084,48248,51459,55767,68016,71190,73207,76808,79820,79886,86939,88536,97498,98166,98584,99283,99287
[2026-08-05T12:11:07.126Z] G1 sample_invoked appPID=48234
[2026-08-05T12:11:07.252Z] G1 sample post-ps count=29 webBytes=863469568
[2026-08-05T12:11:07.252Z] G1 sample app_mb=24.2 web_mb=823.5 total_mb=847.6 web_count=29 pids=3744,11615,15311,16129,18040,20603,22341,22343,26871,26872,31014,38173,41084,48248,51459,55767,68016,71190,73207,76808,79820,79886,86939,88536,97498,98166,98584,99283,99287
[2026-08-05T12:12:07.128Z] G1 sample_invoked appPID=48234
[2026-08-05T12:12:07.259Z] G1 sample post-ps count=29 webBytes=833077248
[2026-08-05T12:12:07.259Z] G1 sample app_mb=24.2 web_mb=794.5 total_mb=818.6 web_count=29 pids=3744,11615,15311,16129,18040,20603,22341,22343,26871,26872,31014,38173,41084,48248,51459,55767,68016,71190,73207,76808,79820,79886,86939,88536,97498,98166,98584,99283,99287
[2026-08-05T12:12:07.259Z] G1 plateau_window samples=3 app_min_mb=24.2 app_max_mb=24.2 app_spread_mb=0.0
[2026-08-05T12:12:07.366Z] G1 VERDICT: passes=3 fails=
[2026-08-05T12:12:07.368Z] G1 evidence written: /Users/openclaw/projects/BeeChat-v5/Docs/Reviews/optionb/G1-evidence.md
[2026-08-05T12:12:07.368Z] === exit code=0 ===
[2026-08-05T15:48:28.346Z] === TranscriptSpike launch ===
[2026-08-05T15:48:28.346Z] date=2026-08-05T15:48:28.346Z
[2026-08-05T15:48:28.346Z] build=TranscriptSpike WP-0 2026-08-05
[2026-08-05T15:48:28.347Z] machine=Openclaw's Mac mini  macOS 26.5.1 arm64
[2026-08-05T15:48:28.347Z] dbPath=/Users/openclaw/Library/Application Support/BeeChat/BeeChat.sqlite
[2026-08-05T15:48:28.347Z] generalTopicID=491EA8D6-9527-4E71-89B4-D0A06DF3F49D
[2026-08-05T15:48:28.347Z] generalSessionKey=agent:main:491ea8d6-9527-4e71-89b4-d0a06df3f49d
[2026-08-05T15:48:28.347Z] operator=Q
[2026-08-05T15:48:28.347Z] gate=g2
[2026-08-05T15:48:28.381Z] messages_loaded=428 at 2026-08-05T15:48:28.381Z
[2026-08-05T15:48:28.661Z] webView didFinish navigation at 2026-08-05T15:48:28.661Z
[2026-08-05T15:48:30.262Z] G2 START — pre-registered criteria:
[2026-08-05T15:48:30.263Z] G2 criterion scroll_engine=route_plan_4.4 (pinned+ResizeObserver+50/120 hysteresis+window.resize)
[2026-08-05T15:48:30.264Z] G2 criterion pin_state_required=true throughout all measurement phases
[2026-08-05T15:48:30.264Z] G2 criterion distance_from_bottom_px_tolerance=4 (sub-frame; allows sub-pixel rounding)
[2026-08-05T15:48:30.265Z] G2 criterion streaming_append_count=50 at everyMs=200 (5fps for 10s)
[2026-08-05T15:48:30.265Z] G2 criterion late_image_count=10 at everyMs=500 (local PNG fixtures)
[2026-08-05T15:48:30.266Z] G2 criterion window_resize_duration_sec=10 at hz=4 cycling 5 sizes
[2026-08-05T15:48:30.266Z] G2 criterion bounce_probe_method=scroll_up_500px_then_inject_above_and_below_then_hold_10_frames_no_repin
[2026-08-05T15:48:30.266Z] G2 criterion bounce_probe_passes_only_if_pinned_state_remains_correct_under_stress
[2026-08-05T15:48:30.267Z] G2 criterion no_imperative_pinToBottom_during_measurement_phases (the scroll engine is the pin)
[2026-08-05T15:48:30.267Z] G2 criterion verdict_logic_evaluates_each_criterion_above_explicitly (E8 compliance)
[2026-08-05T15:48:30.496Z] G2 stream_append[0] dfb=0px pinned=true (no imperative pin issued) ok=true
[2026-08-05T15:48:30.496Z] G2 resize[0] dfb=0px pinned=true size=760x720 ok=true
[2026-08-05T15:48:30.684Z] G2 stream_append[1] dfb=104px pinned=true (no imperative pin issued) ok=false
[2026-08-05T15:48:30.768Z] G2 resize[1] dfb=0px pinned=true size=900x600 ok=true
[2026-08-05T15:48:30.893Z] G2 stream_append[2] dfb=122px pinned=true (no imperative pin issued) ok=false
[2026-08-05T15:48:31.013Z] G2 image_inject[0] dfb=0px pinned=true url=g2-img-0.png ok=true
[2026-08-05T15:48:31.030Z] G2 resize[2] dfb=0px pinned=true size=600x800 ok=true
[2026-08-05T15:48:31.113Z] G2 stream_append[3] dfb=104px pinned=true (no imperative pin issued) ok=false
[2026-08-05T15:48:31.301Z] G2 resize[3] dfb=104px pinned=true size=1100x700 ok=false
[2026-08-05T15:48:31.301Z] G2 stream_append[4] dfb=104px pinned=true (no imperative pin issued) ok=false
[2026-08-05T15:48:31.513Z] G2 image_inject[1] dfb=140px pinned=true url=g2-img-1.png ok=false
[2026-08-05T15:48:31.513Z] G2 stream_append[5] dfb=140px pinned=true (no imperative pin issued) ok=false
[2026-08-05T15:48:31.514Z] G2 resize[4] dfb=140px pinned=true size=500x900 ok=false
[2026-08-05T15:48:31.719Z] G2 stream_append[6] dfb=104px pinned=true (no imperative pin issued) ok=false
[2026-08-05T15:48:31.856Z] G2 resize[5] dfb=0px pinned=true size=760x720 ok=true
[2026-08-05T15:48:31.933Z] G2 stream_append[7] dfb=163px pinned=true (no imperative pin issued) ok=false
[2026-08-05T15:48:32.045Z] G2 resize[6] dfb=0px pinned=true size=900x600 ok=true
[2026-08-05T15:48:32.093Z] G2 image_inject[2] dfb=0px pinned=true url=g2-img-2.png ok=true
[2026-08-05T15:48:32.143Z] G2 stream_append[8] dfb=0px pinned=true (no imperative pin issued) ok=true
[2026-08-05T15:48:32.258Z] G2 resize[7] dfb=0px pinned=true size=600x800 ok=true
[2026-08-05T15:48:32.327Z] G2 stream_append[9] dfb=0px pinned=true (no imperative pin issued) ok=true
[2026-08-05T15:48:32.510Z] G2 stream_append[10] dfb=163px pinned=true (no imperative pin issued) ok=false
[2026-08-05T15:48:32.511Z] G2 resize[8] dfb=163px pinned=true size=1100x700 ok=false
[2026-08-05T15:48:32.572Z] G2 image_inject[3] dfb=0px pinned=true url=g2-img-3.png ok=true
[2026-08-05T15:48:32.716Z] G2 stream_append[11] dfb=140px pinned=true (no imperative pin issued) ok=false
[2026-08-05T15:48:32.782Z] G2 resize[9] dfb=0px pinned=true size=500x900 ok=true
[2026-08-05T15:48:32.949Z] G2 stream_append[12] dfb=163px pinned=true (no imperative pin issued) ok=false
[2026-08-05T15:48:33.154Z] G2 image_inject[4] dfb=104px pinned=true url=g2-img-4.png ok=false
[2026-08-05T15:48:33.155Z] G2 resize[10] dfb=104px pinned=true size=760x720 ok=false
[2026-08-05T15:48:33.155Z] G2 stream_append[13] dfb=104px pinned=true (no imperative pin issued) ok=false
[2026-08-05T15:48:33.379Z] G2 resize[11] dfb=0px pinned=true size=900x600 ok=true
[2026-08-05T15:48:33.380Z] G2 stream_append[14] dfb=0px pinned=true (no imperative pin issued) ok=true
[2026-08-05T15:48:33.558Z] G2 image_inject[5] dfb=181px pinned=true url=g2-img-5.png ok=false
[2026-08-05T15:48:33.588Z] G2 stream_append[15] dfb=0px pinned=true (no imperative pin issued) ok=true
[2026-08-05T15:48:33.589Z] G2 resize[12] dfb=0px pinned=true size=600x800 ok=true
[2026-08-05T15:48:33.768Z] G2 stream_append[16] dfb=104px pinned=true (no imperative pin issued) ok=false
[2026-08-05T15:48:33.768Z] G2 resize[13] dfb=104px pinned=true size=1100x700 ok=false
[2026-08-05T15:48:34.004Z] G2 stream_append[17] dfb=67157px pinned=true (no imperative pin issued) ok=false
[2026-08-05T15:48:34.213Z] G2 image_inject[6] dfb=104px pinned=true url=g2-img-6.png ok=false
[2026-08-05T15:48:34.213Z] G2 resize[14] dfb=104px pinned=true size=500x900 ok=false
[2026-08-05T15:48:34.214Z] G2 stream_append[18] dfb=104px pinned=true (no imperative pin issued) ok=false
[2026-08-05T15:48:34.416Z] G2 resize[15] dfb=0px pinned=true size=760x720 ok=true
[2026-08-05T15:48:34.416Z] G2 stream_append[19] dfb=0px pinned=true (no imperative pin issued) ok=true
[2026-08-05T15:48:34.628Z] G2 image_inject[7] dfb=35728px pinned=true url=g2-img-7.png ok=false
[2026-08-05T15:48:34.629Z] G2 stream_append[20] dfb=35728px pinned=true (no imperative pin issued) ok=false
[2026-08-05T15:48:34.629Z] G2 resize[16] dfb=35728px pinned=true size=900x600 ok=false
[2026-08-05T15:48:34.840Z] G2 stream_append[21] dfb=0px pinned=true (no imperative pin issued) ok=true
[2026-08-05T15:48:34.841Z] G2 resize[17] dfb=0px pinned=true size=600x800 ok=true
[2026-08-05T15:48:35.020Z] G2 image_inject[8] dfb=163px pinned=true url=g2-img-8.png ok=false
[2026-08-05T15:48:35.020Z] G2 stream_append[22] dfb=163px pinned=true (no imperative pin issued) ok=false
[2026-08-05T15:48:35.021Z] G2 resize[18] dfb=163px pinned=true size=1100x700 ok=false
[2026-08-05T15:48:35.261Z] G2 stream_append[23] dfb=67314px pinned=true (no imperative pin issued) ok=false
[2026-08-05T15:48:35.477Z] G2 resize[19] dfb=0px pinned=true size=500x900 ok=true
[2026-08-05T15:48:35.477Z] G2 stream_append[24] dfb=0px pinned=true (no imperative pin issued) ok=true
[2026-08-05T15:48:35.684Z] G2 image_inject[9] dfb=0px pinned=true url=g2-img-9.png ok=true
[2026-08-05T15:48:35.684Z] G2 stream_append[25] dfb=0px pinned=true (no imperative pin issued) ok=true
[2026-08-05T15:48:35.684Z] G2 resize[20] dfb=0px pinned=true size=760x720 ok=true
[2026-08-05T15:48:35.896Z] G2 stream_append[26] dfb=35836px pinned=true (no imperative pin issued) ok=false
[2026-08-05T15:48:35.896Z] G2 resize[21] dfb=35836px pinned=true size=900x600 ok=false
[2026-08-05T15:48:36.097Z] G2 stream_append[27] dfb=0px pinned=true (no imperative pin issued) ok=true
[2026-08-05T15:48:36.098Z] G2 resize[22] dfb=0px pinned=true size=600x800 ok=true
[2026-08-05T15:48:36.098Z] G2 stream_append[28] dfb=104px pinned=true (no imperative pin issued) ok=false
[2026-08-05T15:48:36.272Z] G2 resize[23] dfb=104px pinned=true size=1100x700 ok=false
[2026-08-05T15:48:36.283Z] G2 stream_append[29] dfb=0px pinned=true (no imperative pin issued) ok=true
[2026-08-05T15:48:36.512Z] G2 stream_append[30] dfb=67566px pinned=true (no imperative pin issued) ok=false
[2026-08-05T15:48:36.715Z] G2 resize[24] dfb=104px pinned=true size=500x900 ok=false
[2026-08-05T15:48:36.715Z] G2 stream_append[31] dfb=104px pinned=true (no imperative pin issued) ok=false
[2026-08-05T15:48:36.929Z] G2 resize[25] dfb=104px pinned=true size=760x720 ok=false
[2026-08-05T15:48:36.930Z] G2 stream_append[32] dfb=104px pinned=true (no imperative pin issued) ok=false
[2026-08-05T15:48:37.114Z] G2 resize[26] dfb=36066px pinned=true size=900x600 ok=false
[2026-08-05T15:48:37.114Z] G2 stream_append[33] dfb=36066px pinned=true (no imperative pin issued) ok=false
[2026-08-05T15:48:37.334Z] G2 resize[27] dfb=0px pinned=true size=600x800 ok=true
[2026-08-05T15:48:37.335Z] G2 stream_append[34] dfb=0px pinned=true (no imperative pin issued) ok=true
[2026-08-05T15:48:37.507Z] G2 stream_append[35] dfb=104px pinned=true (no imperative pin issued) ok=false
[2026-08-05T15:48:37.507Z] G2 resize[28] dfb=104px pinned=true size=1100x700 ok=false
[2026-08-05T15:48:37.749Z] G2 stream_append[36] dfb=67782px pinned=true (no imperative pin issued) ok=false
[2026-08-05T15:48:37.954Z] G2 resize[29] dfb=104px pinned=true size=500x900 ok=false
[2026-08-05T15:48:37.954Z] G2 stream_append[37] dfb=104px pinned=true (no imperative pin issued) ok=false
[2026-08-05T15:48:38.166Z] G2 resize[30] dfb=104px pinned=true size=760x720 ok=false
[2026-08-05T15:48:38.167Z] G2 stream_append[38] dfb=104px pinned=true (no imperative pin issued) ok=false
[2026-08-05T15:48:38.383Z] G2 resize[31] dfb=36070px pinned=true size=900x600 ok=false
[2026-08-05T15:48:38.384Z] G2 stream_append[39] dfb=36070px pinned=true (no imperative pin issued) ok=false
[2026-08-05T15:48:38.595Z] G2 stream_append[40] dfb=0px pinned=true (no imperative pin issued) ok=true
[2026-08-05T15:48:38.595Z] G2 resize[32] dfb=0px pinned=true size=600x800 ok=true
[2026-08-05T15:48:38.771Z] G2 stream_append[41] dfb=104px pinned=true (no imperative pin issued) ok=false
[2026-08-05T15:48:38.772Z] G2 resize[33] dfb=104px pinned=true size=1100x700 ok=false
[2026-08-05T15:48:39.005Z] G2 stream_append[42] dfb=67998px pinned=true (no imperative pin issued) ok=false
[2026-08-05T15:48:39.217Z] G2 resize[34] dfb=104px pinned=true size=500x900 ok=false
[2026-08-05T15:48:39.217Z] G2 stream_append[43] dfb=104px pinned=true (no imperative pin issued) ok=false
[2026-08-05T15:48:39.419Z] G2 resize[35] dfb=0px pinned=true size=760x720 ok=true
[2026-08-05T15:48:39.419Z] G2 stream_append[44] dfb=0px pinned=true (no imperative pin issued) ok=true
[2026-08-05T15:48:39.631Z] G2 stream_append[45] dfb=36178px pinned=true (no imperative pin issued) ok=false
[2026-08-05T15:48:39.631Z] G2 resize[36] dfb=36178px pinned=true size=900x600 ok=false
[2026-08-05T15:48:39.838Z] G2 stream_append[46] dfb=0px pinned=true (no imperative pin issued) ok=true
[2026-08-05T15:48:39.838Z] G2 resize[37] dfb=0px pinned=true size=600x800 ok=true
[2026-08-05T15:48:40.019Z] G2 stream_append[47] dfb=104px pinned=true (no imperative pin issued) ok=false
[2026-08-05T15:48:40.020Z] G2 resize[38] dfb=104px pinned=true size=1100x700 ok=false
[2026-08-05T15:48:40.252Z] G2 stream_append[48] dfb=68214px pinned=true (no imperative pin issued) ok=false
[2026-08-05T15:48:40.424Z] G2 resize[39] dfb=0px pinned=true size=500x900 ok=true
[2026-08-05T15:48:40.425Z] G2 stream_append[49] dfb=0px pinned=true (no imperative pin issued) ok=true
[2026-08-05T15:48:42.516Z] JS_ERR: JavaScript execution returned a result of an unsupported type
[2026-08-05T15:48:45.195Z] G2 evidence written: /Users/openclaw/projects/BeeChat-v5/Docs/Reviews/optionb/G2-evidence.md
[2026-08-05T15:48:45.195Z] === exit code=1 ===
[2026-08-05T15:49:53.408Z] === TranscriptSpike launch ===
[2026-08-05T15:49:53.408Z] date=2026-08-05T15:49:53.408Z
[2026-08-05T15:49:53.408Z] build=TranscriptSpike WP-0 2026-08-05
[2026-08-05T15:49:53.408Z] machine=Openclaw's Mac mini  macOS 26.5.1 arm64
[2026-08-05T15:49:53.409Z] dbPath=/Users/openclaw/Library/Application Support/BeeChat/BeeChat.sqlite
[2026-08-05T15:49:53.409Z] generalTopicID=491EA8D6-9527-4E71-89B4-D0A06DF3F49D
[2026-08-05T15:49:53.409Z] generalSessionKey=agent:main:491ea8d6-9527-4e71-89b4-d0a06df3f49d
[2026-08-05T15:49:53.409Z] operator=Q
[2026-08-05T15:49:53.409Z] gate=g2
[2026-08-05T15:49:53.411Z] messages_loaded=428 at 2026-08-05T15:49:53.411Z
[2026-08-05T15:49:53.605Z] webView didFinish navigation at 2026-08-05T15:49:53.605Z
[2026-08-05T15:49:55.203Z] G2 START — pre-registered criteria:
[2026-08-05T15:49:55.204Z] G2 criterion scroll_engine=route_plan_4.4 (pinned+ResizeObserver+50/120 hysteresis+window.resize)
[2026-08-05T15:49:55.205Z] G2 criterion pin_state_required=true throughout all measurement phases
[2026-08-05T15:49:55.205Z] G2 criterion distance_from_bottom_px_tolerance=4 (sub-frame; allows sub-pixel rounding)
[2026-08-05T15:49:55.206Z] G2 criterion streaming_append_count=50 at everyMs=200 (5fps for 10s)
[2026-08-05T15:49:55.206Z] G2 criterion late_image_count=10 at everyMs=500 (local PNG fixtures)
[2026-08-05T15:49:55.207Z] G2 criterion window_resize_duration_sec=10 at hz=4 cycling 5 sizes
[2026-08-05T15:49:55.207Z] G2 criterion bounce_probe_method=scroll_up_500px_then_inject_above_and_below_then_hold_10_frames_no_repin
[2026-08-05T15:49:55.208Z] G2 criterion bounce_probe_passes_only_if_pinned_state_remains_correct_under_stress
[2026-08-05T15:49:55.208Z] G2 criterion no_imperative_pinToBottom_during_measurement_phases (the scroll engine is the pin)
[2026-08-05T15:49:55.209Z] G2 criterion verdict_logic_evaluates_each_criterion_above_explicitly (E8 compliance)
[2026-08-05T15:49:55.424Z] G2 stream_append[0] dfb=104px pinned=true (no imperative pin issued) ok=false
[2026-08-05T15:49:55.424Z] G2 resize[0] dfb=104px pinned=true size=760x720 ok=false
[2026-08-05T15:49:55.632Z] G2 stream_append[1] dfb=0px pinned=true (no imperative pin issued) ok=true
[2026-08-05T15:49:55.698Z] G2 resize[1] dfb=0px pinned=true size=900x600 ok=true
[2026-08-05T15:49:55.828Z] G2 stream_append[2] dfb=35508px pinned=false (no imperative pin issued) ok=false
[2026-08-05T15:49:55.932Z] G2 image_inject[0] dfb=35591px pinned=false url=g2-img-0.png ok=false
[2026-08-05T15:49:55.951Z] G2 resize[2] dfb=35591px pinned=false size=600x800 ok=false
[2026-08-05T15:49:56.036Z] G2 stream_append[3] dfb=191px pinned=false (no imperative pin issued) ok=false
[2026-08-05T15:49:56.221Z] G2 resize[3] dfb=295px pinned=false size=1100x700 ok=false
[2026-08-05T15:49:56.221Z] G2 stream_append[4] dfb=295px pinned=false (no imperative pin issued) ok=false
[2026-08-05T15:49:56.432Z] G2 stream_append[5] dfb=67044px pinned=false (no imperative pin issued) ok=false
[2026-08-05T15:49:56.433Z] G2 image_inject[1] dfb=67044px pinned=false url=g2-img-1.png ok=false
[2026-08-05T15:49:56.530Z] G2 resize[4] dfb=7302px pinned=false size=500x900 ok=false
[2026-08-05T15:49:56.633Z] G2 stream_append[6] dfb=7406px pinned=false (no imperative pin issued) ok=false
[2026-08-05T15:49:56.713Z] G2 resize[5] dfb=7406px pinned=false size=760x720 ok=false
[2026-08-05T15:49:56.848Z] G2 stream_append[7] dfb=849px pinned=false (no imperative pin issued) ok=false
[2026-08-05T15:49:57.034Z] G2 image_inject[2] dfb=36367px pinned=false url=g2-img-2.png ok=false
[2026-08-05T15:49:57.035Z] G2 resize[6] dfb=36489px pinned=false size=900x600 ok=false
[2026-08-05T15:49:57.035Z] G2 stream_append[8] dfb=36489px pinned=false (no imperative pin issued) ok=false
[2026-08-05T15:49:57.221Z] G2 resize[7] dfb=36611px pinned=false size=600x800 ok=false
[2026-08-05T15:49:57.221Z] G2 stream_append[9] dfb=36611px pinned=false (no imperative pin issued) ok=false
[2026-08-05T15:49:57.421Z] G2 stream_append[10] dfb=1144px pinned=false (no imperative pin issued) ok=false
[2026-08-05T15:49:57.433Z] G2 image_inject[3] dfb=1168px pinned=false url=g2-img-3.png ok=false
[2026-08-05T15:49:57.433Z] G2 resize[8] dfb=1168px pinned=false size=1100x700 ok=false
[2026-08-05T15:49:57.649Z] G2 stream_append[11] dfb=68050px pinned=false (no imperative pin issued) ok=false
[2026-08-05T15:49:57.849Z] G2 resize[9] dfb=8255px pinned=false size=500x900 ok=false
[2026-08-05T15:49:57.849Z] G2 stream_append[12] dfb=8255px pinned=false (no imperative pin issued) ok=false
[2026-08-05T15:49:58.060Z] G2 image_inject[4] dfb=1663px pinned=false url=g2-img-4.png ok=false
[2026-08-05T15:49:58.061Z] G2 resize[10] dfb=1663px pinned=false size=760x720 ok=false
[2026-08-05T15:49:58.061Z] G2 stream_append[13] dfb=1663px pinned=false (no imperative pin issued) ok=false
[2026-08-05T15:49:58.264Z] G2 resize[11] dfb=37387px pinned=false size=900x600 ok=false
[2026-08-05T15:49:58.264Z] G2 stream_append[14] dfb=37387px pinned=false (no imperative pin issued) ok=false
[2026-08-05T15:49:58.445Z] G2 image_inject[5] dfb=37568px pinned=false url=g2-img-5.png ok=false
[2026-08-05T15:49:58.446Z] G2 stream_append[15] dfb=37568px pinned=false (no imperative pin issued) ok=false
[2026-08-05T15:49:58.446Z] G2 resize[12] dfb=37568px pinned=false size=600x800 ok=false
[2026-08-05T15:49:58.655Z] G2 stream_append[16] dfb=1958px pinned=false (no imperative pin issued) ok=false
[2026-08-05T15:49:58.849Z] G2 resize[13] dfb=69115px pinned=false size=1100x700 ok=false
[2026-08-05T15:49:58.849Z] G2 stream_append[17] dfb=69115px pinned=false (no imperative pin issued) ok=false
[2026-08-05T15:49:59.062Z] G2 resize[14] dfb=9069px pinned=false size=500x900 ok=false
[2026-08-05T15:49:59.062Z] G2 stream_append[18] dfb=9069px pinned=false (no imperative pin issued) ok=false
[2026-08-05T15:49:59.081Z] G2 image_inject[6] dfb=9069px pinned=false url=g2-img-6.png ok=false
[2026-08-05T15:49:59.263Z] G2 resize[15] dfb=2453px pinned=false size=760x720 ok=false
[2026-08-05T15:49:59.263Z] G2 stream_append[19] dfb=2453px pinned=false (no imperative pin issued) ok=false
[2026-08-05T15:49:59.442Z] G2 image_inject[7] dfb=2616px pinned=false url=g2-img-7.png ok=false
[2026-08-05T15:49:59.443Z] G2 stream_append[20] dfb=2616px pinned=false (no imperative pin issued) ok=false
[2026-08-05T15:49:59.443Z] G2 resize[16] dfb=2616px pinned=false size=900x600 ok=false
[2026-08-05T15:49:59.678Z] G2 stream_append[21] dfb=38490px pinned=false (no imperative pin issued) ok=false
[2026-08-05T15:49:59.886Z] G2 resize[17] dfb=2807px pinned=false size=600x800 ok=false
[2026-08-05T15:49:59.886Z] G2 stream_append[22] dfb=2807px pinned=false (no imperative pin issued) ok=false
[2026-08-05T15:50:00.101Z] G2 image_inject[8] dfb=70145px pinned=false url=g2-img-8.png ok=false
[2026-08-05T15:50:00.101Z] G2 resize[18] dfb=70145px pinned=false size=1100x700 ok=false
[2026-08-05T15:50:00.101Z] G2 stream_append[23] dfb=70145px pinned=false (no imperative pin issued) ok=false
[2026-08-05T15:50:00.311Z] G2 resize[19] dfb=9859px pinned=false size=500x900 ok=false
[2026-08-05T15:50:00.311Z] G2 stream_append[24] dfb=9859px pinned=false (no imperative pin issued) ok=false
[2026-08-05T15:50:00.493Z] G2 image_inject[9] dfb=9963px pinned=false url=g2-img-9.png ok=false
[2026-08-05T15:50:00.519Z] G2 stream_append[25] dfb=3243px pinned=false (no imperative pin issued) ok=false
[2026-08-05T15:50:00.520Z] G2 resize[20] dfb=3243px pinned=false size=760x720 ok=false
[2026-08-05T15:50:00.702Z] G2 stream_append[26] dfb=3347px pinned=false (no imperative pin issued) ok=false
[2026-08-05T15:50:00.702Z] G2 resize[21] dfb=3347px pinned=false size=900x600 ok=false
[2026-08-05T15:50:00.932Z] G2 stream_append[27] dfb=39305px pinned=false (no imperative pin issued) ok=false
[2026-08-05T15:50:01.123Z] G2 resize[22] dfb=3455px pinned=false size=600x800 ok=false
[2026-08-05T15:50:01.123Z] G2 stream_append[28] dfb=3455px pinned=false (no imperative pin issued) ok=false
[2026-08-05T15:50:01.331Z] G2 resize[23] dfb=70985px pinned=false size=1100x700 ok=false
[2026-08-05T15:50:01.331Z] G2 stream_append[29] dfb=70985px pinned=false (no imperative pin issued) ok=false
[2026-08-05T15:50:01.539Z] G2 stream_append[30] dfb=10483px pinned=false (no imperative pin issued) ok=false
[2026-08-05T15:50:01.540Z] G2 resize[24] dfb=10483px pinned=false size=500x900 ok=false
[2026-08-05T15:50:01.725Z] G2 stream_append[31] dfb=10587px pinned=false (no imperative pin issued) ok=false
[2026-08-05T15:50:01.725Z] G2 resize[25] dfb=10587px pinned=false size=760x720 ok=false
[2026-08-05T15:50:01.925Z] G2 stream_append[32] dfb=3971px pinned=false (no imperative pin issued) ok=false
[2026-08-05T15:50:01.926Z] G2 resize[26] dfb=3971px pinned=false size=900x600 ok=false
[2026-08-05T15:50:02.166Z] G2 stream_append[33] dfb=40037px pinned=false (no imperative pin issued) ok=false
[2026-08-05T15:50:02.368Z] G2 resize[27] dfb=4079px pinned=false size=600x800 ok=false
[2026-08-05T15:50:02.368Z] G2 stream_append[34] dfb=4079px pinned=false (no imperative pin issued) ok=false
[2026-08-05T15:50:02.583Z] G2 stream_append[35] dfb=71825px pinned=false (no imperative pin issued) ok=false
[2026-08-05T15:50:02.583Z] G2 resize[28] dfb=71825px pinned=false size=1100x700 ok=false
[2026-08-05T15:50:02.786Z] G2 stream_append[36] dfb=11107px pinned=false (no imperative pin issued) ok=false
[2026-08-05T15:50:02.786Z] G2 resize[29] dfb=11107px pinned=false size=500x900 ok=false
[2026-08-05T15:50:02.960Z] G2 stream_append[37] dfb=11211px pinned=false (no imperative pin issued) ok=false
[2026-08-05T15:50:02.961Z] G2 resize[30] dfb=11211px pinned=false size=760x720 ok=false
[2026-08-05T15:50:03.198Z] G2 stream_append[38] dfb=4595px pinned=false (no imperative pin issued) ok=false
[2026-08-05T15:50:03.407Z] G2 resize[31] dfb=40769px pinned=false size=900x600 ok=false
[2026-08-05T15:50:03.408Z] G2 stream_append[39] dfb=40769px pinned=false (no imperative pin issued) ok=false
[2026-08-05T15:50:03.602Z] G2 stream_append[40] dfb=4703px pinned=false (no imperative pin issued) ok=false
[2026-08-05T15:50:03.602Z] G2 resize[32] dfb=4703px pinned=false size=600x800 ok=false
[2026-08-05T15:50:03.807Z] G2 stream_append[41] dfb=72665px pinned=false (no imperative pin issued) ok=false
[2026-08-05T15:50:03.807Z] G2 resize[33] dfb=72665px pinned=false size=1100x700 ok=false
[2026-08-05T15:50:04.022Z] G2 stream_append[42] dfb=11731px pinned=false (no imperative pin issued) ok=false
[2026-08-05T15:50:04.023Z] G2 resize[34] dfb=11731px pinned=false size=500x900 ok=false
[2026-08-05T15:50:04.199Z] G2 stream_append[43] dfb=11835px pinned=false (no imperative pin issued) ok=false
[2026-08-05T15:50:04.200Z] G2 resize[35] dfb=11835px pinned=false size=760x720 ok=false
[2026-08-05T15:50:04.435Z] G2 stream_append[44] dfb=5219px pinned=false (no imperative pin issued) ok=false
[2026-08-05T15:50:04.641Z] G2 stream_append[45] dfb=41501px pinned=false (no imperative pin issued) ok=false
[2026-08-05T15:50:04.641Z] G2 resize[36] dfb=41501px pinned=false size=900x600 ok=false
[2026-08-05T15:50:04.642Z] G2 stream_append[46] dfb=41623px pinned=false (no imperative pin issued) ok=false
[2026-08-05T15:50:04.839Z] G2 resize[37] dfb=5431px pinned=false size=600x800 ok=false
[2026-08-05T15:50:04.840Z] G2 stream_append[47] dfb=5431px pinned=false (no imperative pin issued) ok=false
[2026-08-05T15:50:05.040Z] G2 resize[38] dfb=73645px pinned=false size=1100x700 ok=false
[2026-08-05T15:50:05.040Z] G2 stream_append[48] dfb=73645px pinned=false (no imperative pin issued) ok=false
[2026-08-05T15:50:05.220Z] G2 resize[39] dfb=73645px pinned=false size=500x900 ok=false
[2026-08-05T15:50:05.221Z] G2 stream_append[49] dfb=73645px pinned=false (no imperative pin issued) ok=false
[2026-08-05T15:50:07.483Z] JS_ERR: JavaScript execution returned a result of an unsupported type
[2026-08-05T15:50:10.147Z] G2 evidence written: /Users/openclaw/projects/BeeChat-v5/Docs/Reviews/optionb/G2-evidence.md
[2026-08-05T15:50:10.147Z] === exit code=1 ===
[2026-08-05T15:51:34.950Z] === TranscriptSpike launch ===
[2026-08-05T15:51:34.950Z] date=2026-08-05T15:51:34.950Z
[2026-08-05T15:51:34.950Z] build=TranscriptSpike WP-0 2026-08-05
[2026-08-05T15:51:34.950Z] machine=Openclaw's Mac mini  macOS 26.5.1 arm64
[2026-08-05T15:51:34.950Z] dbPath=/Users/openclaw/Library/Application Support/BeeChat/BeeChat.sqlite
[2026-08-05T15:51:34.950Z] generalTopicID=491EA8D6-9527-4E71-89B4-D0A06DF3F49D
[2026-08-05T15:51:34.951Z] generalSessionKey=agent:main:491ea8d6-9527-4e71-89b4-d0a06df3f49d
[2026-08-05T15:51:34.951Z] operator=Q
[2026-08-05T15:51:34.951Z] gate=g2
[2026-08-05T15:51:34.970Z] messages_loaded=428 at 2026-08-05T15:51:34.970Z
[2026-08-05T15:51:35.209Z] webView didFinish navigation at 2026-08-05T15:51:35.209Z
[2026-08-05T15:51:36.814Z] G2 START — pre-registered criteria:
[2026-08-05T15:51:36.815Z] G2 criterion scroll_engine=route_plan_4.4 (pinned+ResizeObserver+50/120 hysteresis+window.resize)
[2026-08-05T15:51:36.815Z] G2 criterion pin_state_required=true throughout all measurement phases
[2026-08-05T15:51:36.816Z] G2 criterion distance_from_bottom_px_tolerance=4 (sub-frame; allows sub-pixel rounding)
[2026-08-05T15:51:36.816Z] G2 criterion streaming_append_count=50 at everyMs=200 (5fps for 10s)
[2026-08-05T15:51:36.816Z] G2 criterion late_image_count=10 at everyMs=500 (local PNG fixtures)
[2026-08-05T15:51:36.817Z] G2 criterion window_resize_duration_sec=10 at hz=4 cycling 5 sizes
[2026-08-05T15:51:36.817Z] G2 criterion bounce_probe_method=scroll_up_500px_then_inject_above_and_below_then_hold_10_frames_no_repin
[2026-08-05T15:51:36.817Z] G2 criterion bounce_probe_passes_only_if_pinned_state_remains_correct_under_stress
[2026-08-05T15:51:36.817Z] G2 criterion no_imperative_pinToBottom_during_measurement_phases (the scroll engine is the pin)
[2026-08-05T15:51:36.818Z] G2 criterion verdict_logic_evaluates_each_criterion_above_explicitly (E8 compliance)
[2026-08-05T15:51:36.951Z] JS[consoleLog]: ERROR: Script error.
[2026-08-05T15:51:37.044Z] G2 stream_append[0] dfb=0px pinned=true (no imperative pin issued) ok=true
[2026-08-05T15:51:37.044Z] G2 resize[0] dfb=0px pinned=true size=760x720 ok=true
[2026-08-05T15:51:37.231Z] G2 stream_append[1] dfb=104px pinned=true (no imperative pin issued) ok=false
[2026-08-05T15:51:37.311Z] G2 resize[1] dfb=0px pinned=true size=900x600 ok=true
[2026-08-05T15:51:37.436Z] G2 stream_append[2] dfb=35508px pinned=false (no imperative pin issued) ok=false
[2026-08-05T15:51:37.437Z] JS[consoleLog]: ERROR: Script error.
[2026-08-05T15:51:37.566Z] G2 image_inject[0] dfb=35591px pinned=false url=g2-img-0.png ok=false
[2026-08-05T15:51:37.566Z] G2 resize[2] dfb=35591px pinned=false size=600x800 ok=false
[2026-08-05T15:51:37.661Z] G2 stream_append[3] dfb=191px pinned=false (no imperative pin issued) ok=false
[2026-08-05T15:51:37.862Z] G2 resize[3] dfb=66821px pinned=false size=1100x700 ok=false
[2026-08-05T15:51:37.863Z] G2 stream_append[4] dfb=66821px pinned=false (no imperative pin issued) ok=false
[2026-08-05T15:51:38.006Z] JS[consoleLog]: ERROR: Script error.
[2026-08-05T15:51:38.050Z] G2 stream_append[5] dfb=67044px pinned=false (no imperative pin issued) ok=false
[2026-08-05T15:51:38.050Z] G2 image_inject[1] dfb=67044px pinned=false url=g2-img-1.png ok=false
[2026-08-05T15:51:38.051Z] G2 resize[4] dfb=67044px pinned=false size=500x900 ok=false
[2026-08-05T15:51:38.254Z] G2 stream_append[6] dfb=7406px pinned=false (no imperative pin issued) ok=false
[2026-08-05T15:51:38.409Z] G2 resize[5] dfb=686px pinned=false size=760x720 ok=false
[2026-08-05T15:51:38.466Z] G2 stream_append[7] dfb=849px pinned=false (no imperative pin issued) ok=false
[2026-08-05T15:51:38.468Z] JS[consoleLog]: ERROR: Script error.
[2026-08-05T15:51:38.589Z] G2 resize[6] dfb=873px pinned=false size=900x600 ok=false
[2026-08-05T15:51:38.637Z] G2 image_inject[2] dfb=36367px pinned=false url=g2-img-2.png ok=false
[2026-08-05T15:51:38.673Z] G2 stream_append[8] dfb=36489px pinned=false (no imperative pin issued) ok=false
[2026-08-05T15:51:38.799Z] G2 resize[7] dfb=36489px pinned=false size=600x800 ok=false
[2026-08-05T15:51:38.878Z] G2 stream_append[9] dfb=981px pinned=false (no imperative pin issued) ok=false
[2026-08-05T15:51:39.061Z] G2 stream_append[10] dfb=1144px pinned=false (no imperative pin issued) ok=false
[2026-08-05T15:51:39.062Z] G2 resize[8] dfb=1144px pinned=false size=1100x700 ok=false
[2026-08-05T15:51:39.062Z] JS[consoleLog]: ERROR: Script error.
[2026-08-05T15:51:39.108Z] G2 image_inject[3] dfb=1168px pinned=false url=g2-img-3.png ok=false
[2026-08-05T15:51:39.270Z] G2 stream_append[11] dfb=68050px pinned=false (no imperative pin issued) ok=false
[2026-08-05T15:51:39.316Z] G2 resize[9] dfb=68050px pinned=false size=500x900 ok=false
[2026-08-05T15:51:39.503Z] G2 stream_append[12] dfb=8255px pinned=false (no imperative pin issued) ok=false
[2026-08-05T15:51:39.505Z] JS[consoleLog]: ERROR: Script error.
[2026-08-05T15:51:39.706Z] G2 image_inject[4] dfb=1663px pinned=false url=g2-img-4.png ok=false
[2026-08-05T15:51:39.706Z] G2 resize[10] dfb=1663px pinned=false size=760x720 ok=false
[2026-08-05T15:51:39.706Z] G2 stream_append[13] dfb=1663px pinned=false (no imperative pin issued) ok=false
[2026-08-05T15:51:39.933Z] G2 resize[11] dfb=37387px pinned=false size=900x600 ok=false
[2026-08-05T15:51:39.934Z] G2 stream_append[14] dfb=37387px pinned=false (no imperative pin issued) ok=false
[2026-08-05T15:51:40.131Z] G2 image_inject[5] dfb=1830px pinned=false url=g2-img-5.png ok=false
[2026-08-05T15:51:40.131Z] G2 stream_append[15] dfb=1830px pinned=false (no imperative pin issued) ok=false
[2026-08-05T15:51:40.132Z] G2 resize[12] dfb=1830px pinned=false size=600x800 ok=false
[2026-08-05T15:51:40.138Z] JS[consoleLog]: ERROR: Script error.
[2026-08-05T15:51:40.308Z] G2 stream_append[16] dfb=1958px pinned=false (no imperative pin issued) ok=false
[2026-08-05T15:51:40.309Z] G2 resize[13] dfb=1958px pinned=false size=1100x700 ok=false
[2026-08-05T15:51:40.550Z] G2 stream_append[17] dfb=69115px pinned=false (no imperative pin issued) ok=false
[2026-08-05T15:51:40.555Z] JS[consoleLog]: ERROR: Script error.
[2026-08-05T15:51:40.762Z] G2 image_inject[6] dfb=9069px pinned=false url=g2-img-6.png ok=false
[2026-08-05T15:51:40.762Z] G2 resize[14] dfb=9069px pinned=false size=500x900 ok=false
[2026-08-05T15:51:40.762Z] G2 stream_append[18] dfb=9069px pinned=false (no imperative pin issued) ok=false
[2026-08-05T15:51:40.977Z] G2 resize[15] dfb=2512px pinned=false size=760x720 ok=false
[2026-08-05T15:51:40.977Z] G2 stream_append[19] dfb=2512px pinned=false (no imperative pin issued) ok=false
[2026-08-05T15:51:40.984Z] JS[consoleLog]: ERROR: Script error.
[2026-08-05T15:51:41.191Z] G2 image_inject[7] dfb=38368px pinned=false url=g2-img-7.png ok=false
[2026-08-05T15:51:41.191Z] G2 stream_append[20] dfb=38368px pinned=false (no imperative pin issued) ok=false
[2026-08-05T15:51:41.191Z] G2 resize[16] dfb=38368px pinned=false size=900x600 ok=false
[2026-08-05T15:51:41.398Z] G2 stream_append[21] dfb=2644px pinned=false (no imperative pin issued) ok=false
[2026-08-05T15:51:41.398Z] G2 resize[17] dfb=2644px pinned=false size=600x800 ok=false
[2026-08-05T15:51:41.578Z] G2 image_inject[8] dfb=2807px pinned=false url=g2-img-8.png ok=false
[2026-08-05T15:51:41.578Z] G2 stream_append[22] dfb=2807px pinned=false (no imperative pin issued) ok=false
[2026-08-05T15:51:41.579Z] G2 resize[18] dfb=2807px pinned=false size=1100x700 ok=false
[2026-08-05T15:51:41.579Z] JS[consoleLog]: ERROR: Script error.
[2026-08-05T15:51:41.819Z] G2 stream_append[23] dfb=70145px pinned=false (no imperative pin issued) ok=false
[2026-08-05T15:51:42.027Z] G2 resize[19] dfb=9859px pinned=false size=500x900 ok=false
[2026-08-05T15:51:42.028Z] G2 stream_append[24] dfb=9859px pinned=false (no imperative pin issued) ok=false
[2026-08-05T15:51:42.239Z] G2 image_inject[9] dfb=3243px pinned=false url=g2-img-9.png ok=false
[2026-08-05T15:51:42.240Z] G2 stream_append[25] dfb=3243px pinned=false (no imperative pin issued) ok=false
[2026-08-05T15:51:42.240Z] G2 resize[20] dfb=3243px pinned=false size=760x720 ok=false
[2026-08-05T15:51:42.451Z] G2 stream_append[26] dfb=39183px pinned=false (no imperative pin issued) ok=false
[2026-08-05T15:51:42.451Z] G2 resize[21] dfb=39183px pinned=false size=900x600 ok=false
[2026-08-05T15:51:42.652Z] G2 stream_append[27] dfb=3351px pinned=false (no imperative pin issued) ok=false
[2026-08-05T15:51:42.652Z] G2 resize[22] dfb=3455px pinned=false size=600x800 ok=false
[2026-08-05T15:51:42.652Z] G2 stream_append[28] dfb=3455px pinned=false (no imperative pin issued) ok=false
[2026-08-05T15:51:42.840Z] G2 resize[23] dfb=3559px pinned=false size=1100x700 ok=false
[2026-08-05T15:51:42.840Z] G2 stream_append[29] dfb=3559px pinned=false (no imperative pin issued) ok=false
[2026-08-05T15:51:43.038Z] G2 stream_append[30] dfb=71125px pinned=false (no imperative pin issued) ok=false
[2026-08-05T15:51:43.050Z] G2 resize[24] dfb=71125px pinned=false size=500x900 ok=false
[2026-08-05T15:51:43.278Z] G2 stream_append[31] dfb=10587px pinned=false (no imperative pin issued) ok=false
[2026-08-05T15:51:43.483Z] G2 resize[25] dfb=3971px pinned=false size=760x720 ok=false
[2026-08-05T15:51:43.483Z] G2 stream_append[32] dfb=3971px pinned=false (no imperative pin issued) ok=false
[2026-08-05T15:51:43.685Z] G2 resize[26] dfb=40037px pinned=false size=900x600 ok=false
[2026-08-05T15:51:43.685Z] G2 stream_append[33] dfb=40037px pinned=false (no imperative pin issued) ok=false
[2026-08-05T15:51:43.901Z] G2 resize[27] dfb=4079px pinned=false size=600x800 ok=false
[2026-08-05T15:51:43.901Z] G2 stream_append[34] dfb=4079px pinned=false (no imperative pin issued) ok=false
[2026-08-05T15:51:44.072Z] G2 stream_append[35] dfb=4183px pinned=false (no imperative pin issued) ok=false
[2026-08-05T15:51:44.073Z] G2 resize[28] dfb=4183px pinned=false size=1100x700 ok=false
[2026-08-05T15:51:44.307Z] G2 stream_append[36] dfb=71965px pinned=false (no imperative pin issued) ok=false
[2026-08-05T15:51:44.518Z] G2 resize[29] dfb=11211px pinned=false size=500x900 ok=false
[2026-08-05T15:51:44.518Z] G2 stream_append[37] dfb=11211px pinned=false (no imperative pin issued) ok=false
[2026-08-05T15:51:44.732Z] G2 resize[30] dfb=4595px pinned=false size=760x720 ok=false
[2026-08-05T15:51:44.732Z] G2 stream_append[38] dfb=4595px pinned=false (no imperative pin issued) ok=false
[2026-08-05T15:51:44.954Z] G2 resize[31] dfb=40769px pinned=false size=900x600 ok=false
[2026-08-05T15:51:44.955Z] G2 stream_append[39] dfb=40769px pinned=false (no imperative pin issued) ok=false
[2026-08-05T15:51:45.154Z] G2 stream_append[40] dfb=4703px pinned=false (no imperative pin issued) ok=false
[2026-08-05T15:51:45.155Z] G2 resize[32] dfb=4703px pinned=false size=600x800 ok=false
[2026-08-05T15:51:45.342Z] G2 stream_append[41] dfb=4807px pinned=false (no imperative pin issued) ok=false
[2026-08-05T15:51:45.343Z] G2 resize[33] dfb=4807px pinned=false size=1100x700 ok=false
[2026-08-05T15:51:45.551Z] G2 stream_append[42] dfb=72805px pinned=false (no imperative pin issued) ok=false
[2026-08-05T15:51:45.551Z] G2 resize[34] dfb=72805px pinned=false size=500x900 ok=false
[2026-08-05T15:51:45.785Z] G2 stream_append[43] dfb=11835px pinned=false (no imperative pin issued) ok=false
[2026-08-05T15:51:45.985Z] G2 resize[35] dfb=5219px pinned=false size=760x720 ok=false
[2026-08-05T15:51:45.985Z] G2 stream_append[44] dfb=5219px pinned=false (no imperative pin issued) ok=false
[2026-08-05T15:51:46.201Z] G2 stream_append[45] dfb=41501px pinned=false (no imperative pin issued) ok=false
[2026-08-05T15:51:46.201Z] G2 resize[36] dfb=41501px pinned=false size=900x600 ok=false
[2026-08-05T15:51:46.406Z] G2 stream_append[46] dfb=5327px pinned=false (no imperative pin issued) ok=false
[2026-08-05T15:51:46.406Z] G2 resize[37] dfb=5327px pinned=false size=600x800 ok=false
[2026-08-05T15:51:46.590Z] G2 stream_append[47] dfb=5431px pinned=false (no imperative pin issued) ok=false
[2026-08-05T15:51:46.590Z] G2 resize[38] dfb=5431px pinned=false size=1100x700 ok=false
[2026-08-05T15:51:46.800Z] G2 stream_append[48] dfb=73645px pinned=false (no imperative pin issued) ok=false
[2026-08-05T15:51:46.801Z] G2 resize[39] dfb=73645px pinned=false size=500x900 ok=false
[2026-08-05T15:51:47.006Z] G2 stream_append[49] dfb=73645px pinned=false (no imperative pin issued) ok=false
[2026-08-05T15:51:49.099Z] JS_ERR: JavaScript execution returned a result of an unsupported type
[2026-08-05T15:51:51.767Z] G2 evidence written: /Users/openclaw/projects/BeeChat-v5/Docs/Reviews/optionb/G2-evidence.md
[2026-08-05T15:51:51.768Z] === exit code=1 ===
[2026-08-05T15:53:00.121Z] === TranscriptSpike launch ===
[2026-08-05T15:53:00.121Z] date=2026-08-05T15:53:00.121Z
[2026-08-05T15:53:00.121Z] build=TranscriptSpike WP-0 2026-08-05
[2026-08-05T15:53:00.121Z] machine=Openclaw's Mac mini  macOS 26.5.1 arm64
[2026-08-05T15:53:00.121Z] dbPath=/Users/openclaw/Library/Application Support/BeeChat/BeeChat.sqlite
[2026-08-05T15:53:00.121Z] generalTopicID=491EA8D6-9527-4E71-89B4-D0A06DF3F49D
[2026-08-05T15:53:00.121Z] generalSessionKey=agent:main:491ea8d6-9527-4e71-89b4-d0a06df3f49d
[2026-08-05T15:53:00.121Z] operator=Q
[2026-08-05T15:53:00.121Z] gate=g2
[2026-08-05T15:53:00.124Z] messages_loaded=428 at 2026-08-05T15:53:00.124Z
[2026-08-05T15:53:00.340Z] webView didFinish navigation at 2026-08-05T15:53:00.340Z
[2026-08-05T15:53:01.933Z] G2 START — pre-registered criteria:
[2026-08-05T15:53:01.934Z] G2 criterion scroll_engine=route_plan_4.4 (pinned+ResizeObserver+50/120 hysteresis+window.resize)
[2026-08-05T15:53:01.934Z] G2 criterion pin_state_required=true throughout all measurement phases
[2026-08-05T15:53:01.935Z] G2 criterion distance_from_bottom_px_tolerance=4 (sub-frame; allows sub-pixel rounding)
[2026-08-05T15:53:01.935Z] G2 criterion streaming_append_count=50 at everyMs=200 (5fps for 10s)
[2026-08-05T15:53:01.935Z] G2 criterion late_image_count=10 at everyMs=500 (local PNG fixtures)
[2026-08-05T15:53:01.936Z] G2 criterion window_resize_duration_sec=10 at hz=4 cycling 5 sizes
[2026-08-05T15:53:01.936Z] G2 criterion bounce_probe_method=scroll_up_500px_then_inject_above_and_below_then_hold_10_frames_no_repin
[2026-08-05T15:53:01.936Z] G2 criterion bounce_probe_passes_only_if_pinned_state_remains_correct_under_stress
[2026-08-05T15:53:01.937Z] G2 criterion no_imperative_pinToBottom_during_measurement_phases (the scroll engine is the pin)
[2026-08-05T15:53:01.937Z] G2 criterion verdict_logic_evaluates_each_criterion_above_explicitly (E8 compliance)
[2026-08-05T15:53:02.066Z] JS[consoleLog]: ERROR: Script error.
[2026-08-05T15:53:02.167Z] G2 stream_append[0] dfb=104px pinned=true (no imperative pin issued) ok=false
[2026-08-05T15:53:02.168Z] G2 resize[0] dfb=104px pinned=true size=760x720 ok=false
[2026-08-05T15:53:02.362Z] G2 stream_append[1] dfb=104px pinned=true (no imperative pin issued) ok=false
[2026-08-05T15:53:02.434Z] G2 resize[1] dfb=0px pinned=true size=900x600 ok=true
[2026-08-05T15:53:02.573Z] G2 stream_append[2] dfb=35567px pinned=false (no imperative pin issued) ok=false
[2026-08-05T15:53:02.574Z] JS[consoleLog]: ERROR: Script error.
[2026-08-05T15:53:02.684Z] G2 image_inject[0] dfb=35591px pinned=false url=g2-img-0.png ok=false
[2026-08-05T15:53:02.687Z] G2 resize[2] dfb=35591px pinned=false size=600x800 ok=false
[2026-08-05T15:53:02.791Z] G2 stream_append[3] dfb=191px pinned=false (no imperative pin issued) ok=false
[2026-08-05T15:53:02.996Z] G2 resize[3] dfb=66821px pinned=false size=1100x700 ok=false
[2026-08-05T15:53:02.996Z] G2 stream_append[4] dfb=66821px pinned=false (no imperative pin issued) ok=false
[2026-08-05T15:53:03.121Z] JS[consoleLog]: ERROR: Script error.
[2026-08-05T15:53:03.159Z] G2 stream_append[5] dfb=67044px pinned=false (no imperative pin issued) ok=false
[2026-08-05T15:53:03.184Z] G2 resize[4] dfb=67044px pinned=false size=500x900 ok=false
[2026-08-05T15:53:03.184Z] G2 image_inject[1] dfb=67044px pinned=false url=g2-img-1.png ok=false
[2026-08-05T15:53:03.368Z] G2 stream_append[6] dfb=7406px pinned=false (no imperative pin issued) ok=false
[2026-08-05T15:53:03.529Z] G2 resize[5] dfb=686px pinned=false size=760x720 ok=false
[2026-08-05T15:53:03.574Z] G2 stream_append[7] dfb=849px pinned=false (no imperative pin issued) ok=false
[2026-08-05T15:53:03.576Z] JS[consoleLog]: ERROR: Script error.
[2026-08-05T15:53:03.712Z] G2 resize[6] dfb=873px pinned=false size=900x600 ok=false
[2026-08-05T15:53:03.756Z] G2 image_inject[2] dfb=36367px pinned=false url=g2-img-2.png ok=false
[2026-08-05T15:53:03.784Z] G2 stream_append[8] dfb=36489px pinned=false (no imperative pin issued) ok=false
[2026-08-05T15:53:03.919Z] G2 resize[7] dfb=36489px pinned=false size=600x800 ok=false
[2026-08-05T15:53:03.998Z] G2 stream_append[9] dfb=981px pinned=false (no imperative pin issued) ok=false
[2026-08-05T15:53:04.176Z] G2 stream_append[10] dfb=1144px pinned=false (no imperative pin issued) ok=false
[2026-08-05T15:53:04.176Z] G2 resize[8] dfb=1144px pinned=false size=1100x700 ok=false
[2026-08-05T15:53:04.177Z] JS[consoleLog]: ERROR: Script error.
[2026-08-05T15:53:04.211Z] G2 image_inject[3] dfb=1168px pinned=false url=g2-img-3.png ok=false
[2026-08-05T15:53:04.385Z] G2 stream_append[11] dfb=68050px pinned=false (no imperative pin issued) ok=false
[2026-08-05T15:53:04.419Z] G2 resize[9] dfb=68050px pinned=false size=500x900 ok=false
[2026-08-05T15:53:04.617Z] G2 stream_append[12] dfb=8255px pinned=false (no imperative pin issued) ok=false
[2026-08-05T15:53:04.622Z] JS[consoleLog]: ERROR: Script error.
[2026-08-05T15:53:04.830Z] G2 image_inject[4] dfb=1663px pinned=false url=g2-img-4.png ok=false
[2026-08-05T15:53:04.831Z] G2 resize[10] dfb=1663px pinned=false size=760x720 ok=false
[2026-08-05T15:53:04.831Z] G2 stream_append[13] dfb=1663px pinned=false (no imperative pin issued) ok=false
[2026-08-05T15:53:05.039Z] G2 resize[11] dfb=37387px pinned=false size=900x600 ok=false
[2026-08-05T15:53:05.040Z] G2 stream_append[14] dfb=37387px pinned=false (no imperative pin issued) ok=false
[2026-08-05T15:53:05.223Z] G2 image_inject[5] dfb=37568px pinned=false url=g2-img-5.png ok=false
[2026-08-05T15:53:05.250Z] G2 stream_append[15] dfb=1830px pinned=false (no imperative pin issued) ok=false
[2026-08-05T15:53:05.250Z] G2 resize[12] dfb=1830px pinned=false size=600x800 ok=false
[2026-08-05T15:53:05.257Z] JS[consoleLog]: ERROR: Script error.
[2026-08-05T15:53:05.434Z] G2 stream_append[16] dfb=1958px pinned=false (no imperative pin issued) ok=false
[2026-08-05T15:53:05.435Z] G2 resize[13] dfb=1958px pinned=false size=1100x700 ok=false
[2026-08-05T15:53:05.670Z] G2 stream_append[17] dfb=69115px pinned=false (no imperative pin issued) ok=false
[2026-08-05T15:53:05.675Z] JS[consoleLog]: ERROR: Script error.
[2026-08-05T15:53:05.882Z] G2 image_inject[6] dfb=9069px pinned=false url=g2-img-6.png ok=false
[2026-08-05T15:53:05.882Z] G2 resize[14] dfb=9069px pinned=false size=500x900 ok=false
[2026-08-05T15:53:05.882Z] G2 stream_append[18] dfb=9069px pinned=false (no imperative pin issued) ok=false
[2026-08-05T15:53:06.082Z] G2 resize[15] dfb=2453px pinned=false size=760x720 ok=false
[2026-08-05T15:53:06.082Z] G2 stream_append[19] dfb=2453px pinned=false (no imperative pin issued) ok=false
[2026-08-05T15:53:06.090Z] JS[consoleLog]: ERROR: Script error.
[2026-08-05T15:53:06.286Z] G2 image_inject[7] dfb=38368px pinned=false url=g2-img-7.png ok=false
[2026-08-05T15:53:06.287Z] G2 stream_append[20] dfb=38368px pinned=false (no imperative pin issued) ok=false
[2026-08-05T15:53:06.287Z] G2 resize[16] dfb=38368px pinned=false size=900x600 ok=false
[2026-08-05T15:53:06.500Z] G2 stream_append[21] dfb=2644px pinned=false (no imperative pin issued) ok=false
[2026-08-05T15:53:06.500Z] G2 resize[17] dfb=2644px pinned=false size=600x800 ok=false
[2026-08-05T15:53:06.683Z] G2 image_inject[8] dfb=2807px pinned=false url=g2-img-8.png ok=false
[2026-08-05T15:53:06.683Z] G2 stream_append[22] dfb=2807px pinned=false (no imperative pin issued) ok=false
[2026-08-05T15:53:06.684Z] G2 resize[18] dfb=2807px pinned=false size=1100x700 ok=false
[2026-08-05T15:53:06.684Z] JS[consoleLog]: ERROR: Script error.
[2026-08-05T15:53:06.921Z] G2 stream_append[23] dfb=70145px pinned=false (no imperative pin issued) ok=false
[2026-08-05T15:53:07.098Z] G2 resize[19] dfb=9859px pinned=false size=500x900 ok=false
[2026-08-05T15:53:07.098Z] G2 stream_append[24] dfb=9859px pinned=false (no imperative pin issued) ok=false
[2026-08-05T15:53:07.330Z] G2 image_inject[9] dfb=3243px pinned=false url=g2-img-9.png ok=false
[2026-08-05T15:53:07.330Z] G2 stream_append[25] dfb=3243px pinned=false (no imperative pin issued) ok=false
[2026-08-05T15:53:07.331Z] G2 resize[20] dfb=3243px pinned=false size=760x720 ok=false
[2026-08-05T15:53:07.543Z] G2 stream_append[26] dfb=39183px pinned=false (no imperative pin issued) ok=false
[2026-08-05T15:53:07.543Z] G2 resize[21] dfb=39183px pinned=false size=900x600 ok=false
[2026-08-05T15:53:07.753Z] G2 stream_append[27] dfb=3351px pinned=false (no imperative pin issued) ok=false
[2026-08-05T15:53:07.753Z] G2 resize[22] dfb=3351px pinned=false size=600x800 ok=false
[2026-08-05T15:53:07.934Z] G2 stream_append[28] dfb=3455px pinned=false (no imperative pin issued) ok=false
[2026-08-05T15:53:07.934Z] G2 resize[23] dfb=3455px pinned=false size=1100x700 ok=false
[2026-08-05T15:53:08.171Z] G2 stream_append[29] dfb=70985px pinned=false (no imperative pin issued) ok=false
[2026-08-05T15:53:08.372Z] G2 stream_append[30] dfb=10587px pinned=false (no imperative pin issued) ok=false
[2026-08-05T15:53:08.373Z] G2 resize[24] dfb=10587px pinned=false size=500x900 ok=false
[2026-08-05T15:53:08.373Z] G2 stream_append[31] dfb=10587px pinned=false (no imperative pin issued) ok=false
[2026-08-05T15:53:08.569Z] G2 resize[25] dfb=3971px pinned=false size=760x720 ok=false
[2026-08-05T15:53:08.569Z] G2 stream_append[32] dfb=3971px pinned=false (no imperative pin issued) ok=false
[2026-08-05T15:53:08.785Z] G2 resize[26] dfb=40037px pinned=false size=900x600 ok=false
[2026-08-05T15:53:08.785Z] G2 stream_append[33] dfb=40037px pinned=false (no imperative pin issued) ok=false
[2026-08-05T15:53:08.986Z] G2 resize[27] dfb=4079px pinned=false size=600x800 ok=false
[2026-08-05T15:53:08.986Z] G2 stream_append[34] dfb=4079px pinned=false (no imperative pin issued) ok=false
[2026-08-05T15:53:09.161Z] G2 stream_append[35] dfb=4183px pinned=false (no imperative pin issued) ok=false
[2026-08-05T15:53:09.161Z] G2 resize[28] dfb=4183px pinned=false size=1100x700 ok=false
[2026-08-05T15:53:09.406Z] G2 stream_append[36] dfb=71965px pinned=false (no imperative pin issued) ok=false
[2026-08-05T15:53:09.603Z] G2 resize[29] dfb=11211px pinned=false size=500x900 ok=false
[2026-08-05T15:53:09.603Z] G2 stream_append[37] dfb=11211px pinned=false (no imperative pin issued) ok=false
[2026-08-05T15:53:09.817Z] G2 resize[30] dfb=4595px pinned=false size=760x720 ok=false
[2026-08-05T15:53:09.817Z] G2 stream_append[38] dfb=4595px pinned=false (no imperative pin issued) ok=false
[2026-08-05T15:53:10.022Z] G2 resize[31] dfb=40769px pinned=false size=900x600 ok=false
[2026-08-05T15:53:10.023Z] G2 stream_append[39] dfb=40769px pinned=false (no imperative pin issued) ok=false
[2026-08-05T15:53:10.199Z] G2 stream_append[40] dfb=40891px pinned=false (no imperative pin issued) ok=false
[2026-08-05T15:53:10.200Z] G2 resize[32] dfb=40891px pinned=false size=600x800 ok=false
[2026-08-05T15:53:10.437Z] G2 stream_append[41] dfb=4807px pinned=false (no imperative pin issued) ok=false
[2026-08-05T15:53:10.654Z] G2 resize[33] dfb=72805px pinned=false size=1100x700 ok=false
[2026-08-05T15:53:10.655Z] G2 stream_append[42] dfb=72805px pinned=false (no imperative pin issued) ok=false
[2026-08-05T15:53:10.856Z] G2 resize[34] dfb=11835px pinned=false size=500x900 ok=false
[2026-08-05T15:53:10.857Z] G2 stream_append[43] dfb=11835px pinned=false (no imperative pin issued) ok=false
[2026-08-05T15:53:11.053Z] G2 resize[35] dfb=5219px pinned=false size=760x720 ok=false
[2026-08-05T15:53:11.053Z] G2 stream_append[44] dfb=5219px pinned=false (no imperative pin issued) ok=false
[2026-08-05T15:53:11.257Z] G2 stream_append[45] dfb=41501px pinned=false (no imperative pin issued) ok=false
[2026-08-05T15:53:11.258Z] G2 resize[36] dfb=41501px pinned=false size=900x600 ok=false
[2026-08-05T15:53:11.441Z] G2 stream_append[46] dfb=41623px pinned=false (no imperative pin issued) ok=false
[2026-08-05T15:53:11.441Z] G2 resize[37] dfb=41623px pinned=false size=600x800 ok=false
[2026-08-05T15:53:11.681Z] G2 stream_append[47] dfb=5431px pinned=false (no imperative pin issued) ok=false
[2026-08-05T15:53:11.892Z] G2 resize[38] dfb=73645px pinned=false size=1100x700 ok=false
[2026-08-05T15:53:11.892Z] G2 stream_append[48] dfb=73645px pinned=false (no imperative pin issued) ok=false
[2026-08-05T15:53:12.073Z] G2 resize[39] dfb=73645px pinned=false size=500x900 ok=false
[2026-08-05T15:53:12.074Z] G2 stream_append[49] dfb=73645px pinned=false (no imperative pin issued) ok=false
[2026-08-05T15:53:14.201Z] JS_ERR: JavaScript execution returned a result of an unsupported type
[2026-08-05T15:53:16.867Z] G2 evidence written: /Users/openclaw/projects/BeeChat-v5/Docs/Reviews/optionb/G2-evidence.md
[2026-08-05T15:53:16.867Z] === exit code=1 ===
[2026-08-05T15:53:48.800Z] === TranscriptSpike launch ===
[2026-08-05T15:53:48.800Z] date=2026-08-05T15:53:48.800Z
[2026-08-05T15:53:48.801Z] build=TranscriptSpike WP-0 2026-08-05
[2026-08-05T15:53:48.801Z] machine=Openclaw's Mac mini  macOS 26.5.1 arm64
[2026-08-05T15:53:48.801Z] dbPath=/Users/openclaw/Library/Application Support/BeeChat/BeeChat.sqlite
[2026-08-05T15:53:48.801Z] generalTopicID=491EA8D6-9527-4E71-89B4-D0A06DF3F49D
[2026-08-05T15:53:48.801Z] generalSessionKey=agent:main:491ea8d6-9527-4e71-89b4-d0a06df3f49d
[2026-08-05T15:53:48.801Z] operator=Q
[2026-08-05T15:53:48.801Z] gate=g2
[2026-08-05T15:53:48.803Z] messages_loaded=428 at 2026-08-05T15:53:48.803Z
[2026-08-05T15:53:48.996Z] webView didFinish navigation at 2026-08-05T15:53:48.996Z
[2026-08-05T15:53:50.593Z] G2 START — pre-registered criteria:
[2026-08-05T15:53:50.593Z] G2 criterion scroll_engine=route_plan_4.4 (pinned+ResizeObserver+50/120 hysteresis+window.resize)
[2026-08-05T15:53:50.594Z] G2 criterion pin_state_required=true throughout all measurement phases
[2026-08-05T15:53:50.594Z] G2 criterion distance_from_bottom_px_tolerance=4 (sub-frame; allows sub-pixel rounding)
[2026-08-05T15:53:50.595Z] G2 criterion streaming_append_count=50 at everyMs=200 (5fps for 10s)
[2026-08-05T15:53:50.595Z] G2 criterion late_image_count=10 at everyMs=500 (local PNG fixtures)
[2026-08-05T15:53:50.596Z] G2 criterion window_resize_duration_sec=10 at hz=4 cycling 5 sizes
[2026-08-05T15:53:50.597Z] G2 criterion bounce_probe_method=scroll_up_500px_then_inject_above_and_below_then_hold_10_frames_no_repin
[2026-08-05T15:53:50.597Z] G2 criterion bounce_probe_passes_only_if_pinned_state_remains_correct_under_stress
[2026-08-05T15:53:50.597Z] G2 criterion no_imperative_pinToBottom_during_measurement_phases (the scroll engine is the pin)
[2026-08-05T15:53:50.597Z] G2 criterion verdict_logic_evaluates_each_criterion_above_explicitly (E8 compliance)
[2026-08-05T15:53:50.724Z] JS[consoleLog]: ERROR: Script error.
[2026-08-05T15:53:50.815Z] G2 stream_append[0] dfb=104px pinned=true (no imperative pin issued) ok=false
[2026-08-05T15:53:50.816Z] G2 resize[0] dfb=104px pinned=true size=760x720 ok=false
[2026-08-05T15:53:51.026Z] G2 stream_append[1] dfb=104px pinned=true (no imperative pin issued) ok=false
[2026-08-05T15:53:51.090Z] G2 resize[1] dfb=0px pinned=true size=780x740 ok=true
[2026-08-05T15:53:51.230Z] G2 stream_append[2] dfb=5189px pinned=false (no imperative pin issued) ok=false
[2026-08-05T15:53:51.230Z] JS[consoleLog]: ERROR: Script error.
[2026-08-05T15:53:51.350Z] G2 image_inject[0] dfb=5213px pinned=false url=g2-img-0.png ok=false
[2026-08-05T15:53:51.351Z] G2 resize[2] dfb=5213px pinned=false size=740x700 ok=false
[2026-08-05T15:53:51.441Z] G2 stream_append[3] dfb=104px pinned=false (no imperative pin issued) ok=false
[2026-08-05T15:53:51.643Z] G2 resize[3] dfb=9864px pinned=false size=800x760 ok=false
[2026-08-05T15:53:51.643Z] G2 stream_append[4] dfb=9864px pinned=false (no imperative pin issued) ok=false
[2026-08-05T15:53:51.778Z] JS[consoleLog]: ERROR: Script error.
[2026-08-05T15:53:51.825Z] G2 stream_append[5] dfb=10051px pinned=false (no imperative pin issued) ok=false
[2026-08-05T15:53:51.826Z] G2 resize[4] dfb=10051px pinned=false size=720x680 ok=false
[2026-08-05T15:53:51.868Z] G2 image_inject[1] dfb=10051px pinned=false url=g2-img-1.png ok=false
[2026-08-05T15:53:52.026Z] G2 stream_append[6] dfb=5489px pinned=false (no imperative pin issued) ok=false
[2026-08-05T15:53:52.075Z] G2 resize[5] dfb=5489px pinned=false size=760x720 ok=false
[2026-08-05T15:53:52.238Z] G2 stream_append[7] dfb=2770px pinned=false (no imperative pin issued) ok=false
[2026-08-05T15:53:52.245Z] JS[consoleLog]: ERROR: Script error.
[2026-08-05T15:53:52.437Z] G2 image_inject[2] dfb=7820px pinned=false url=g2-img-2.png ok=false
[2026-08-05T15:53:52.437Z] G2 resize[6] dfb=7924px pinned=false size=780x740 ok=false
[2026-08-05T15:53:52.437Z] G2 stream_append[8] dfb=7924px pinned=false (no imperative pin issued) ok=false
[2026-08-05T15:53:52.640Z] G2 resize[7] dfb=894px pinned=false size=740x700 ok=false
[2026-08-05T15:53:52.640Z] G2 stream_append[9] dfb=894px pinned=false (no imperative pin issued) ok=false
[2026-08-05T15:53:52.826Z] G2 stream_append[10] dfb=1057px pinned=false (no imperative pin issued) ok=false
[2026-08-05T15:53:52.827Z] G2 image_inject[3] dfb=1057px pinned=false url=g2-img-3.png ok=false
[2026-08-05T15:53:52.827Z] G2 resize[8] dfb=1057px pinned=false size=800x760 ok=false
[2026-08-05T15:53:52.828Z] JS[consoleLog]: ERROR: Script error.
[2026-08-05T15:53:53.037Z] G2 stream_append[11] dfb=10877px pinned=false (no imperative pin issued) ok=false
[2026-08-05T15:53:53.239Z] G2 resize[9] dfb=6338px pinned=false size=720x680 ok=false
[2026-08-05T15:53:53.240Z] G2 stream_append[12] dfb=6338px pinned=false (no imperative pin issued) ok=false
[2026-08-05T15:53:53.245Z] JS[consoleLog]: ERROR: Script error.
[2026-08-05T15:53:53.452Z] G2 resize[10] dfb=3584px pinned=false size=760x720 ok=false
[2026-08-05T15:53:53.453Z] G2 stream_append[13] dfb=3584px pinned=false (no imperative pin issued) ok=false
[2026-08-05T15:53:53.453Z] G2 image_inject[4] dfb=3584px pinned=false url=g2-img-4.png ok=false
[2026-08-05T15:53:53.654Z] G2 resize[11] dfb=8714px pinned=false size=780x740 ok=false
[2026-08-05T15:53:53.654Z] G2 stream_append[14] dfb=8714px pinned=false (no imperative pin issued) ok=false
[2026-08-05T15:53:53.830Z] G2 image_inject[5] dfb=8877px pinned=false url=g2-img-5.png ok=false
[2026-08-05T15:53:53.830Z] G2 stream_append[15] dfb=8877px pinned=false (no imperative pin issued) ok=false
[2026-08-05T15:53:53.831Z] G2 resize[12] dfb=8877px pinned=false size=740x700 ok=false
[2026-08-05T15:53:53.831Z] JS[consoleLog]: ERROR: Script error.
[2026-08-05T15:53:54.061Z] G2 stream_append[16] dfb=1871px pinned=false (no imperative pin issued) ok=false
[2026-08-05T15:53:54.256Z] G2 resize[13] dfb=11834px pinned=false size=800x760 ok=false
[2026-08-05T15:53:54.257Z] G2 stream_append[17] dfb=11834px pinned=false (no imperative pin issued) ok=false
[2026-08-05T15:53:54.261Z] JS[consoleLog]: ERROR: Script error.
[2026-08-05T15:53:54.471Z] G2 image_inject[6] dfb=7152px pinned=false url=g2-img-6.png ok=false
[2026-08-05T15:53:54.472Z] G2 resize[14] dfb=7152px pinned=false size=720x680 ok=false
[2026-08-05T15:53:54.472Z] G2 stream_append[18] dfb=7152px pinned=false (no imperative pin issued) ok=false
[2026-08-05T15:53:54.672Z] G2 resize[15] dfb=4374px pinned=false size=760x720 ok=false
[2026-08-05T15:53:54.673Z] G2 stream_append[19] dfb=4374px pinned=false (no imperative pin issued) ok=false
[2026-08-05T15:53:54.850Z] G2 image_inject[7] dfb=4537px pinned=false url=g2-img-7.png ok=false
[2026-08-05T15:53:54.851Z] G2 stream_append[20] dfb=4537px pinned=false (no imperative pin issued) ok=false
[2026-08-05T15:53:54.851Z] G2 resize[16] dfb=4537px pinned=false size=780x740 ok=false
[2026-08-05T15:53:54.852Z] JS[consoleLog]: ERROR: Script error.
[2026-08-05T15:53:55.088Z] G2 stream_append[21] dfb=9691px pinned=false (no imperative pin issued) ok=false
[2026-08-05T15:53:55.301Z] G2 resize[17] dfb=2720px pinned=false size=740x700 ok=false
[2026-08-05T15:53:55.301Z] G2 stream_append[22] dfb=2720px pinned=false (no imperative pin issued) ok=false
[2026-08-05T15:53:55.308Z] JS[consoleLog]: ERROR: Script error.
[2026-08-05T15:53:55.482Z] G2 image_inject[8] dfb=12756px pinned=false url=g2-img-8.png ok=false
[2026-08-05T15:53:55.482Z] G2 resize[18] dfb=12756px pinned=false size=800x760 ok=false
[2026-08-05T15:53:55.482Z] G2 stream_append[23] dfb=12756px pinned=false (no imperative pin issued) ok=false
[2026-08-05T15:53:55.639Z] G2 resize[19] dfb=7942px pinned=false size=720x680 ok=false
[2026-08-05T15:53:55.639Z] G2 stream_append[24] dfb=7942px pinned=false (no imperative pin issued) ok=false
[2026-08-05T15:53:55.816Z] G2 stream_append[25] dfb=8046px pinned=false (no imperative pin issued) ok=false
[2026-08-05T15:53:55.816Z] G2 resize[20] dfb=8046px pinned=false size=760x720 ok=false
[2026-08-05T15:53:55.941Z] G2 image_inject[9] dfb=5164px pinned=false url=g2-img-9.png ok=false
[2026-08-05T15:53:56.025Z] G2 stream_append[26] dfb=5268px pinned=false (no imperative pin issued) ok=false
[2026-08-05T15:53:56.145Z] G2 resize[21] dfb=10294px pinned=false size=780x740 ok=false
[2026-08-05T15:53:56.228Z] G2 stream_append[27] dfb=10398px pinned=false (no imperative pin issued) ok=false
[2026-08-05T15:53:56.328Z] G2 resize[22] dfb=10398px pinned=false size=740x700 ok=false
[2026-08-05T15:53:56.461Z] G2 stream_append[28] dfb=3368px pinned=false (no imperative pin issued) ok=false
[2026-08-05T15:53:56.659Z] G2 resize[23] dfb=13488px pinned=false size=800x760 ok=false
[2026-08-05T15:53:56.659Z] G2 stream_append[29] dfb=13488px pinned=false (no imperative pin issued) ok=false
[2026-08-05T15:53:56.831Z] G2 stream_append[30] dfb=13610px pinned=false (no imperative pin issued) ok=false
[2026-08-05T15:53:56.832Z] G2 resize[24] dfb=13610px pinned=false size=720x680 ok=false
[2026-08-05T15:53:57.053Z] G2 stream_append[31] dfb=8670px pinned=false (no imperative pin issued) ok=false
[2026-08-05T15:53:57.252Z] G2 resize[25] dfb=5892px pinned=false size=760x720 ok=false
[2026-08-05T15:53:57.252Z] G2 stream_append[32] dfb=5892px pinned=false (no imperative pin issued) ok=false
[2026-08-05T15:53:57.458Z] G2 resize[26] dfb=11022px pinned=false size=780x740 ok=false
[2026-08-05T15:53:57.458Z] G2 stream_append[33] dfb=11022px pinned=false (no imperative pin issued) ok=false
[2026-08-05T15:53:57.658Z] G2 resize[27] dfb=3992px pinned=false size=740x700 ok=false
[2026-08-05T15:53:57.658Z] G2 stream_append[34] dfb=3992px pinned=false (no imperative pin issued) ok=false
[2026-08-05T15:53:57.832Z] G2 stream_append[35] dfb=4096px pinned=false (no imperative pin issued) ok=false
[2026-08-05T15:53:57.833Z] G2 resize[28] dfb=4096px pinned=false size=800x760 ok=false
[2026-08-05T15:53:58.062Z] G2 stream_append[36] dfb=14342px pinned=false (no imperative pin issued) ok=false
[2026-08-05T15:53:58.259Z] G2 resize[29] dfb=9294px pinned=false size=720x680 ok=false
[2026-08-05T15:53:58.259Z] G2 stream_append[37] dfb=9294px pinned=false (no imperative pin issued) ok=false
[2026-08-05T15:53:58.476Z] G2 resize[30] dfb=6516px pinned=false size=760x720 ok=false
[2026-08-05T15:53:58.476Z] G2 stream_append[38] dfb=6516px pinned=false (no imperative pin issued) ok=false
[2026-08-05T15:53:58.674Z] G2 resize[31] dfb=11646px pinned=false size=780x740 ok=false
[2026-08-05T15:53:58.674Z] G2 stream_append[39] dfb=11646px pinned=false (no imperative pin issued) ok=false
[2026-08-05T15:53:58.849Z] G2 stream_append[40] dfb=11750px pinned=false (no imperative pin issued) ok=false
[2026-08-05T15:53:58.850Z] G2 resize[32] dfb=11750px pinned=false size=740x700 ok=false
[2026-08-05T15:53:59.088Z] G2 stream_append[41] dfb=4720px pinned=false (no imperative pin issued) ok=false
[2026-08-05T15:53:59.300Z] G2 resize[33] dfb=15074px pinned=false size=800x760 ok=false
[2026-08-05T15:53:59.300Z] G2 stream_append[42] dfb=15074px pinned=false (no imperative pin issued) ok=false
[2026-08-05T15:53:59.510Z] G2 resize[34] dfb=9918px pinned=false size=720x680 ok=false
[2026-08-05T15:53:59.510Z] G2 stream_append[43] dfb=9918px pinned=false (no imperative pin issued) ok=false
[2026-08-05T15:53:59.712Z] G2 resize[35] dfb=7140px pinned=false size=760x720 ok=false
[2026-08-05T15:53:59.712Z] G2 stream_append[44] dfb=7140px pinned=false (no imperative pin issued) ok=false
[2026-08-05T15:53:59.911Z] G2 stream_append[45] dfb=12270px pinned=false (no imperative pin issued) ok=false
[2026-08-05T15:53:59.911Z] G2 resize[36] dfb=12270px pinned=false size=780x740 ok=false
[2026-08-05T15:54:00.094Z] G2 stream_append[46] dfb=12374px pinned=false (no imperative pin issued) ok=false
[2026-08-05T15:54:00.094Z] G2 resize[37] dfb=12374px pinned=false size=740x700 ok=false
[2026-08-05T15:54:00.327Z] G2 stream_append[47] dfb=5344px pinned=false (no imperative pin issued) ok=false
[2026-08-05T15:54:00.542Z] G2 resize[38] dfb=15806px pinned=false size=800x760 ok=false
[2026-08-05T15:54:00.542Z] G2 stream_append[48] dfb=15806px pinned=false (no imperative pin issued) ok=false
[2026-08-05T15:54:00.718Z] G2 resize[39] dfb=15806px pinned=false size=720x680 ok=false
[2026-08-05T15:54:00.719Z] G2 stream_append[49] dfb=15806px pinned=false (no imperative pin issued) ok=false
[2026-08-05T15:54:02.858Z] JS_ERR: JavaScript execution returned a result of an unsupported type
[2026-08-05T15:54:05.539Z] G2 evidence written: /Users/openclaw/projects/BeeChat-v5/Docs/Reviews/optionb/G2-evidence.md
[2026-08-05T15:54:05.539Z] === exit code=1 ===
[2026-08-05T15:54:26.999Z] === TranscriptSpike launch ===
[2026-08-05T15:54:27.000Z] date=2026-08-05T15:54:26.999Z
[2026-08-05T15:54:27.000Z] build=TranscriptSpike WP-0 2026-08-05
[2026-08-05T15:54:27.000Z] machine=Openclaw's Mac mini  macOS 26.5.1 arm64
[2026-08-05T15:54:27.000Z] dbPath=/Users/openclaw/Library/Application Support/BeeChat/BeeChat.sqlite
[2026-08-05T15:54:27.000Z] generalTopicID=491EA8D6-9527-4E71-89B4-D0A06DF3F49D
[2026-08-05T15:54:27.000Z] generalSessionKey=agent:main:491ea8d6-9527-4e71-89b4-d0a06df3f49d
[2026-08-05T15:54:27.000Z] operator=Q
[2026-08-05T15:54:27.000Z] gate=g2
[2026-08-05T15:54:27.002Z] messages_loaded=428 at 2026-08-05T15:54:27.002Z
[2026-08-05T15:54:27.201Z] webView didFinish navigation at 2026-08-05T15:54:27.201Z
[2026-08-05T15:54:28.804Z] G2 START — pre-registered criteria:
[2026-08-05T15:54:28.804Z] G2 criterion scroll_engine=route_plan_4.4 (pinned+ResizeObserver+50/120 hysteresis+window.resize)
[2026-08-05T15:54:28.805Z] G2 criterion pin_state_required=true throughout all measurement phases
[2026-08-05T15:54:28.805Z] G2 criterion distance_from_bottom_px_tolerance=4 (sub-frame; allows sub-pixel rounding)
[2026-08-05T15:54:28.806Z] G2 criterion streaming_append_count=50 at everyMs=200 (5fps for 10s)
[2026-08-05T15:54:28.806Z] G2 criterion late_image_count=10 at everyMs=500 (local PNG fixtures)
[2026-08-05T15:54:28.806Z] G2 criterion window_resize_duration_sec=10 at hz=4 cycling 5 sizes
[2026-08-05T15:54:28.807Z] G2 criterion bounce_probe_method=scroll_up_500px_then_inject_above_and_below_then_hold_10_frames_no_repin
[2026-08-05T15:54:28.807Z] G2 criterion bounce_probe_passes_only_if_pinned_state_remains_correct_under_stress
[2026-08-05T15:54:28.807Z] G2 criterion no_imperative_pinToBottom_during_measurement_phases (the scroll engine is the pin)
[2026-08-05T15:54:28.808Z] G2 criterion verdict_logic_evaluates_each_criterion_above_explicitly (E8 compliance)
[2026-08-05T15:54:28.932Z] JS[consoleLog]: ERROR: Script error.
[2026-08-05T15:54:29.036Z] G2 stream_append[0] dfb=104px pinned=true (no imperative pin issued) ok=false
[2026-08-05T15:54:29.036Z] G2 resize[0] dfb=104px pinned=true size=760x720 ok=false
[2026-08-05T15:54:29.226Z] G2 stream_append[1] dfb=104px pinned=true (no imperative pin issued) ok=false
[2026-08-05T15:54:29.303Z] G2 resize[1] dfb=0px pinned=true size=780x740 ok=true
[2026-08-05T15:54:29.437Z] G2 stream_append[2] dfb=5189px pinned=false (no imperative pin issued) ok=false
[2026-08-05T15:54:29.437Z] JS[consoleLog]: ERROR: Script error.
[2026-08-05T15:54:29.564Z] G2 image_inject[0] dfb=5213px pinned=false url=g2-img-0.png ok=false
[2026-08-05T15:54:29.565Z] G2 resize[2] dfb=5213px pinned=false size=740x700 ok=false
[2026-08-05T15:54:29.649Z] G2 stream_append[3] dfb=104px pinned=false (no imperative pin issued) ok=false
[2026-08-05T15:54:29.854Z] G2 resize[3] dfb=9864px pinned=false size=800x760 ok=false
[2026-08-05T15:54:29.854Z] G2 stream_append[4] dfb=9864px pinned=false (no imperative pin issued) ok=false
[2026-08-05T15:54:29.996Z] JS[consoleLog]: ERROR: Script error.
[2026-08-05T15:54:30.029Z] G2 stream_append[5] dfb=10051px pinned=false (no imperative pin issued) ok=false
[2026-08-05T15:54:30.030Z] G2 resize[4] dfb=10051px pinned=false size=720x680 ok=false
[2026-08-05T15:54:30.076Z] G2 image_inject[1] dfb=10051px pinned=false url=g2-img-1.png ok=false
[2026-08-05T15:54:30.240Z] G2 stream_append[6] dfb=5489px pinned=false (no imperative pin issued) ok=false
[2026-08-05T15:54:30.287Z] G2 resize[5] dfb=5489px pinned=false size=760x720 ok=false
[2026-08-05T15:54:30.451Z] G2 stream_append[7] dfb=2770px pinned=false (no imperative pin issued) ok=false
[2026-08-05T15:54:30.457Z] JS[consoleLog]: ERROR: Script error.
[2026-08-05T15:54:30.651Z] G2 image_inject[2] dfb=7820px pinned=false url=g2-img-2.png ok=false
[2026-08-05T15:54:30.651Z] G2 resize[6] dfb=7924px pinned=false size=780x740 ok=false
[2026-08-05T15:54:30.652Z] G2 stream_append[8] dfb=7924px pinned=false (no imperative pin issued) ok=false
[2026-08-05T15:54:30.851Z] G2 resize[7] dfb=894px pinned=false size=740x700 ok=false
[2026-08-05T15:54:30.852Z] G2 stream_append[9] dfb=894px pinned=false (no imperative pin issued) ok=false
[2026-08-05T15:54:31.030Z] G2 stream_append[10] dfb=1057px pinned=false (no imperative pin issued) ok=false
[2026-08-05T15:54:31.030Z] G2 image_inject[3] dfb=1057px pinned=false url=g2-img-3.png ok=false
[2026-08-05T15:54:31.031Z] G2 resize[8] dfb=1057px pinned=false size=800x760 ok=false
[2026-08-05T15:54:31.031Z] JS[consoleLog]: ERROR: Script error.
[2026-08-05T15:54:31.238Z] G2 stream_append[11] dfb=10877px pinned=false (no imperative pin issued) ok=false
[2026-08-05T15:54:31.450Z] G2 resize[9] dfb=6175px pinned=false size=720x680 ok=false
[2026-08-05T15:54:31.450Z] G2 stream_append[12] dfb=6279px pinned=false (no imperative pin issued) ok=false
[2026-08-05T15:54:31.457Z] JS[consoleLog]: ERROR: Script error.
[2026-08-05T15:54:31.652Z] G2 resize[10] dfb=3584px pinned=false size=760x720 ok=false
[2026-08-05T15:54:31.652Z] G2 stream_append[13] dfb=3584px pinned=false (no imperative pin issued) ok=false
[2026-08-05T15:54:31.652Z] G2 image_inject[4] dfb=3584px pinned=false url=g2-img-4.png ok=false
[2026-08-05T15:54:31.853Z] G2 resize[11] dfb=8714px pinned=false size=780x740 ok=false
[2026-08-05T15:54:31.853Z] G2 stream_append[14] dfb=8714px pinned=false (no imperative pin issued) ok=false
[2026-08-05T15:54:32.031Z] G2 stream_append[15] dfb=8877px pinned=false (no imperative pin issued) ok=false
[2026-08-05T15:54:32.031Z] G2 image_inject[5] dfb=8877px pinned=false url=g2-img-5.png ok=false
[2026-08-05T15:54:32.032Z] G2 resize[12] dfb=8877px pinned=false size=740x700 ok=false
[2026-08-05T15:54:32.033Z] JS[consoleLog]: ERROR: Script error.
[2026-08-05T15:54:32.267Z] G2 stream_append[16] dfb=1871px pinned=false (no imperative pin issued) ok=false
[2026-08-05T15:54:32.471Z] G2 resize[13] dfb=11834px pinned=false size=800x760 ok=false
[2026-08-05T15:54:32.471Z] G2 stream_append[17] dfb=11834px pinned=false (no imperative pin issued) ok=false
[2026-08-05T15:54:32.476Z] JS[consoleLog]: ERROR: Script error.
[2026-08-05T15:54:32.685Z] G2 image_inject[6] dfb=7152px pinned=false url=g2-img-6.png ok=false
[2026-08-05T15:54:32.685Z] G2 resize[14] dfb=7152px pinned=false size=720x680 ok=false
[2026-08-05T15:54:32.686Z] G2 stream_append[18] dfb=7152px pinned=false (no imperative pin issued) ok=false
[2026-08-05T15:54:32.896Z] G2 resize[15] dfb=4374px pinned=false size=760x720 ok=false
[2026-08-05T15:54:32.897Z] G2 stream_append[19] dfb=4374px pinned=false (no imperative pin issued) ok=false
[2026-08-05T15:54:33.078Z] G2 image_inject[7] dfb=4537px pinned=false url=g2-img-7.png ok=false
[2026-08-05T15:54:33.079Z] G2 stream_append[20] dfb=4537px pinned=false (no imperative pin issued) ok=false
[2026-08-05T15:54:33.079Z] G2 resize[16] dfb=4537px pinned=false size=780x740 ok=false
[2026-08-05T15:54:33.109Z] JS[consoleLog]: ERROR: Script error.
[2026-08-05T15:54:33.283Z] G2 stream_append[21] dfb=9691px pinned=false (no imperative pin issued) ok=false
[2026-08-05T15:54:33.283Z] G2 resize[17] dfb=9691px pinned=false size=740x700 ok=false
[2026-08-05T15:54:33.523Z] G2 stream_append[22] dfb=2720px pinned=false (no imperative pin issued) ok=false
[2026-08-05T15:54:33.531Z] JS[consoleLog]: ERROR: Script error.
[2026-08-05T15:54:33.736Z] G2 image_inject[8] dfb=12756px pinned=false url=g2-img-8.png ok=false
[2026-08-05T15:54:33.736Z] G2 resize[18] dfb=12756px pinned=false size=800x760 ok=false
[2026-08-05T15:54:33.736Z] G2 stream_append[23] dfb=12756px pinned=false (no imperative pin issued) ok=false
[2026-08-05T15:54:33.937Z] G2 resize[19] dfb=7942px pinned=false size=720x680 ok=false
[2026-08-05T15:54:33.937Z] G2 stream_append[24] dfb=7942px pinned=false (no imperative pin issued) ok=false
[2026-08-05T15:54:34.137Z] G2 image_inject[9] dfb=5164px pinned=false url=g2-img-9.png ok=false
[2026-08-05T15:54:34.137Z] G2 stream_append[25] dfb=5164px pinned=false (no imperative pin issued) ok=false
[2026-08-05T15:54:34.137Z] G2 resize[20] dfb=5164px pinned=false size=760x720 ok=false
[2026-08-05T15:54:34.314Z] G2 stream_append[26] dfb=5268px pinned=false (no imperative pin issued) ok=false
[2026-08-05T15:54:34.314Z] G2 resize[21] dfb=5268px pinned=false size=780x740 ok=false
[2026-08-05T15:54:34.554Z] G2 stream_append[27] dfb=10398px pinned=false (no imperative pin issued) ok=false
[2026-08-05T15:54:34.730Z] G2 resize[22] dfb=3368px pinned=false size=740x700 ok=false
[2026-08-05T15:54:34.731Z] G2 stream_append[28] dfb=3368px pinned=false (no imperative pin issued) ok=false
[2026-08-05T15:54:34.873Z] G2 resize[23] dfb=13488px pinned=false size=800x760 ok=false
[2026-08-05T15:54:34.874Z] G2 stream_append[29] dfb=13488px pinned=false (no imperative pin issued) ok=false
[2026-08-05T15:54:35.048Z] G2 stream_append[30] dfb=13610px pinned=false (no imperative pin issued) ok=false
[2026-08-05T15:54:35.049Z] G2 resize[24] dfb=13610px pinned=false size=720x680 ok=false
[2026-08-05T15:54:35.287Z] G2 stream_append[31] dfb=8670px pinned=false (no imperative pin issued) ok=false
[2026-08-05T15:54:35.489Z] G2 resize[25] dfb=5892px pinned=false size=760x720 ok=false
[2026-08-05T15:54:35.490Z] G2 stream_append[32] dfb=5892px pinned=false (no imperative pin issued) ok=false
[2026-08-05T15:54:35.694Z] G2 resize[26] dfb=11022px pinned=false size=780x740 ok=false
[2026-08-05T15:54:35.694Z] G2 stream_append[33] dfb=11022px pinned=false (no imperative pin issued) ok=false
[2026-08-05T15:54:35.889Z] G2 resize[27] dfb=3992px pinned=false size=740x700 ok=false
[2026-08-05T15:54:35.890Z] G2 stream_append[34] dfb=3992px pinned=false (no imperative pin issued) ok=false
[2026-08-05T15:54:36.062Z] G2 stream_append[35] dfb=4096px pinned=false (no imperative pin issued) ok=false
[2026-08-05T15:54:36.063Z] G2 resize[28] dfb=4096px pinned=false size=800x760 ok=false
[2026-08-05T15:54:36.293Z] G2 stream_append[36] dfb=14342px pinned=false (no imperative pin issued) ok=false
[2026-08-05T15:54:36.495Z] G2 resize[29] dfb=9294px pinned=false size=720x680 ok=false
[2026-08-05T15:54:36.495Z] G2 stream_append[37] dfb=9294px pinned=false (no imperative pin issued) ok=false
[2026-08-05T15:54:36.691Z] G2 resize[30] dfb=6516px pinned=false size=760x720 ok=false
[2026-08-05T15:54:36.691Z] G2 stream_append[38] dfb=6516px pinned=false (no imperative pin issued) ok=false
[2026-08-05T15:54:36.890Z] G2 resize[31] dfb=11646px pinned=false size=780x740 ok=false
[2026-08-05T15:54:36.890Z] G2 stream_append[39] dfb=11646px pinned=false (no imperative pin issued) ok=false
[2026-08-05T15:54:37.070Z] G2 stream_append[40] dfb=11750px pinned=false (no imperative pin issued) ok=false
[2026-08-05T15:54:37.070Z] G2 resize[32] dfb=11750px pinned=false size=740x700 ok=false
[2026-08-05T15:54:37.309Z] G2 stream_append[41] dfb=4720px pinned=false (no imperative pin issued) ok=false
[2026-08-05T15:54:37.522Z] G2 resize[33] dfb=15074px pinned=false size=800x760 ok=false
[2026-08-05T15:54:37.522Z] G2 stream_append[42] dfb=15074px pinned=false (no imperative pin issued) ok=false
[2026-08-05T15:54:37.726Z] G2 resize[34] dfb=9918px pinned=false size=720x680 ok=false
[2026-08-05T15:54:37.726Z] G2 stream_append[43] dfb=9918px pinned=false (no imperative pin issued) ok=false
[2026-08-05T15:54:37.939Z] G2 resize[35] dfb=7140px pinned=false size=760x720 ok=false
[2026-08-05T15:54:37.940Z] G2 stream_append[44] dfb=7140px pinned=false (no imperative pin issued) ok=false
[2026-08-05T15:54:38.143Z] G2 stream_append[45] dfb=12270px pinned=false (no imperative pin issued) ok=false
[2026-08-05T15:54:38.143Z] G2 resize[36] dfb=12270px pinned=false size=780x740 ok=false
[2026-08-05T15:54:38.245Z] G2 stream_append[46] dfb=12374px pinned=false (no imperative pin issued) ok=false
[2026-08-05T15:54:38.330Z] G2 resize[37] dfb=12374px pinned=false size=740x700 ok=false
[2026-08-05T15:54:38.447Z] G2 stream_append[47] dfb=5344px pinned=false (no imperative pin issued) ok=false
[2026-08-05T15:54:38.532Z] G2 resize[38] dfb=5344px pinned=false size=800x760 ok=false
[2026-08-05T15:54:38.679Z] G2 stream_append[48] dfb=15806px pinned=false (no imperative pin issued) ok=false
[2026-08-05T15:54:38.863Z] G2 resize[39] dfb=15806px pinned=false size=720x680 ok=false
[2026-08-05T15:54:38.864Z] G2 stream_append[49] dfb=15806px pinned=false (no imperative pin issued) ok=false
[2026-08-05T15:54:41.074Z] JS_ERR: JavaScript execution returned a result of an unsupported type
[2026-08-05T15:54:43.753Z] G2 evidence written: /Users/openclaw/projects/BeeChat-v5/Docs/Reviews/optionb/G2-evidence.md
[2026-08-05T15:54:43.754Z] === exit code=1 ===
[2026-08-05T15:55:10.742Z] === TranscriptSpike launch ===
[2026-08-05T15:55:10.742Z] date=2026-08-05T15:55:10.742Z
[2026-08-05T15:55:10.742Z] build=TranscriptSpike WP-0 2026-08-05
[2026-08-05T15:55:10.742Z] machine=Openclaw's Mac mini  macOS 26.5.1 arm64
[2026-08-05T15:55:10.743Z] dbPath=/Users/openclaw/Library/Application Support/BeeChat/BeeChat.sqlite
[2026-08-05T15:55:10.743Z] generalTopicID=491EA8D6-9527-4E71-89B4-D0A06DF3F49D
[2026-08-05T15:55:10.743Z] generalSessionKey=agent:main:491ea8d6-9527-4e71-89b4-d0a06df3f49d
[2026-08-05T15:55:10.743Z] operator=Q
[2026-08-05T15:55:10.743Z] gate=g2
[2026-08-05T15:55:10.762Z] messages_loaded=428 at 2026-08-05T15:55:10.762Z
[2026-08-05T15:55:11.008Z] webView didFinish navigation at 2026-08-05T15:55:11.008Z
[2026-08-05T15:55:12.612Z] G2 START — pre-registered criteria:
[2026-08-05T15:55:12.613Z] G2 criterion scroll_engine=route_plan_4.4 (pinned+ResizeObserver+50/120 hysteresis+window.resize)
[2026-08-05T15:55:12.613Z] G2 criterion pin_state_required=true throughout all measurement phases
[2026-08-05T15:55:12.614Z] G2 criterion distance_from_bottom_px_tolerance=4 (sub-frame; allows sub-pixel rounding)
[2026-08-05T15:55:12.614Z] G2 criterion streaming_append_count=50 at everyMs=200 (5fps for 10s)
[2026-08-05T15:55:12.615Z] G2 criterion late_image_count=10 at everyMs=500 (local PNG fixtures)
[2026-08-05T15:55:12.615Z] G2 criterion window_resize_duration_sec=10 at hz=4 cycling 5 sizes
[2026-08-05T15:55:12.616Z] G2 criterion bounce_probe_method=scroll_up_500px_then_inject_above_and_below_then_hold_10_frames_no_repin
[2026-08-05T15:55:12.617Z] G2 criterion bounce_probe_passes_only_if_pinned_state_remains_correct_under_stress
[2026-08-05T15:55:12.617Z] G2 criterion no_imperative_pinToBottom_during_measurement_phases (the scroll engine is the pin)
[2026-08-05T15:55:12.618Z] G2 criterion verdict_logic_evaluates_each_criterion_above_explicitly (E8 compliance)
[2026-08-05T15:55:12.744Z] JS[consoleLog]: ERROR: Script error.
[2026-08-05T15:55:12.833Z] G2 stream_append[0] dfb=104px pinned=true (no imperative pin issued) ok=false
[2026-08-05T15:55:12.834Z] G2 resize[0] dfb=104px pinned=true size=760x720 ok=false
[2026-08-05T15:55:13.040Z] G2 stream_append[1] dfb=104px pinned=true (no imperative pin issued) ok=false
[2026-08-05T15:55:13.107Z] G2 resize[1] dfb=0px pinned=true size=780x740 ok=true
[2026-08-05T15:55:13.230Z] G2 stream_append[2] dfb=5130px pinned=false (no imperative pin issued) ok=false
[2026-08-05T15:55:13.231Z] JS[consoleLog]: ERROR: Script error.
[2026-08-05T15:55:13.358Z] G2 image_inject[0] dfb=5213px pinned=false url=g2-img-0.png ok=false
[2026-08-05T15:55:13.360Z] G2 resize[2] dfb=5213px pinned=false size=740x700 ok=false
[2026-08-05T15:55:13.454Z] G2 stream_append[3] dfb=104px pinned=false (no imperative pin issued) ok=false
[2026-08-05T15:55:13.631Z] G2 resize[3] dfb=208px pinned=false size=800x760 ok=false
[2026-08-05T15:55:13.632Z] G2 stream_append[4] dfb=208px pinned=false (no imperative pin issued) ok=false
[2026-08-05T15:55:13.798Z] JS[consoleLog]: ERROR: Script error.
[2026-08-05T15:55:13.832Z] G2 stream_append[5] dfb=10051px pinned=false (no imperative pin issued) ok=false
[2026-08-05T15:55:13.832Z] G2 image_inject[1] dfb=10051px pinned=false url=g2-img-1.png ok=false
[2026-08-05T15:55:13.939Z] G2 resize[4] dfb=5385px pinned=false size=720x680 ok=false
[2026-08-05T15:55:14.041Z] G2 stream_append[6] dfb=5489px pinned=false (no imperative pin issued) ok=false
[2026-08-05T15:55:14.122Z] G2 resize[5] dfb=5489px pinned=false size=760x720 ok=false
[2026-08-05T15:55:14.257Z] G2 stream_append[7] dfb=2711px pinned=false (no imperative pin issued) ok=false
[2026-08-05T15:55:14.265Z] JS[consoleLog]: ERROR: Script error.
[2026-08-05T15:55:14.458Z] G2 image_inject[2] dfb=7820px pinned=false url=g2-img-2.png ok=false
[2026-08-05T15:55:14.458Z] G2 resize[6] dfb=7924px pinned=false size=780x740 ok=false
[2026-08-05T15:55:14.458Z] G2 stream_append[8] dfb=7924px pinned=false (no imperative pin issued) ok=false
[2026-08-05T15:55:14.663Z] G2 resize[7] dfb=894px pinned=false size=740x700 ok=false
[2026-08-05T15:55:14.663Z] G2 stream_append[9] dfb=894px pinned=false (no imperative pin issued) ok=false
[2026-08-05T15:55:14.831Z] G2 stream_append[10] dfb=1057px pinned=false (no imperative pin issued) ok=false
[2026-08-05T15:55:14.832Z] JS[consoleLog]: ERROR: Script error.
[2026-08-05T15:55:14.855Z] G2 image_inject[3] dfb=1081px pinned=false url=g2-img-3.png ok=false
[2026-08-05T15:55:14.856Z] G2 resize[8] dfb=1081px pinned=false size=800x760 ok=false
[2026-08-05T15:55:15.055Z] G2 stream_append[11] dfb=10877px pinned=false (no imperative pin issued) ok=false
[2026-08-05T15:55:15.259Z] G2 resize[9] dfb=6279px pinned=false size=720x680 ok=false
[2026-08-05T15:55:15.259Z] G2 stream_append[12] dfb=6279px pinned=false (no imperative pin issued) ok=false
[2026-08-05T15:55:15.265Z] JS[consoleLog]: ERROR: Script error.
[2026-08-05T15:55:15.473Z] G2 image_inject[4] dfb=3584px pinned=false url=g2-img-4.png ok=false
[2026-08-05T15:55:15.473Z] G2 resize[10] dfb=3584px pinned=false size=760x720 ok=false
[2026-08-05T15:55:15.474Z] G2 stream_append[13] dfb=3584px pinned=false (no imperative pin issued) ok=false
[2026-08-05T15:55:15.664Z] G2 resize[11] dfb=8714px pinned=false size=780x740 ok=false
[2026-08-05T15:55:15.665Z] G2 stream_append[14] dfb=8714px pinned=false (no imperative pin issued) ok=false
[2026-08-05T15:55:15.858Z] G2 image_inject[5] dfb=8877px pinned=false url=g2-img-5.png ok=false
[2026-08-05T15:55:15.858Z] G2 stream_append[15] dfb=8877px pinned=false (no imperative pin issued) ok=false
[2026-08-05T15:55:15.859Z] G2 resize[12] dfb=8877px pinned=false size=740x700 ok=false
[2026-08-05T15:55:15.859Z] JS[consoleLog]: ERROR: Script error.
[2026-08-05T15:55:16.090Z] G2 stream_append[16] dfb=1871px pinned=false (no imperative pin issued) ok=false
[2026-08-05T15:55:16.305Z] G2 resize[13] dfb=11834px pinned=false size=800x760 ok=false
[2026-08-05T15:55:16.306Z] G2 stream_append[17] dfb=11834px pinned=false (no imperative pin issued) ok=false
[2026-08-05T15:55:16.310Z] JS[consoleLog]: ERROR: Script error.
[2026-08-05T15:55:16.518Z] G2 image_inject[6] dfb=7152px pinned=false url=g2-img-6.png ok=false
[2026-08-05T15:55:16.519Z] G2 resize[14] dfb=7152px pinned=false size=720x680 ok=false
[2026-08-05T15:55:16.519Z] G2 stream_append[18] dfb=7152px pinned=false (no imperative pin issued) ok=false
[2026-08-05T15:55:16.722Z] G2 resize[15] dfb=4374px pinned=false size=760x720 ok=false
[2026-08-05T15:55:16.723Z] G2 stream_append[19] dfb=4374px pinned=false (no imperative pin issued) ok=false
[2026-08-05T15:55:16.914Z] G2 image_inject[7] dfb=4537px pinned=false url=g2-img-7.png ok=false
[2026-08-05T15:55:16.940Z] G2 stream_append[20] dfb=9563px pinned=false (no imperative pin issued) ok=false
[2026-08-05T15:55:16.941Z] G2 resize[16] dfb=9563px pinned=false size=780x740 ok=false
[2026-08-05T15:55:16.945Z] JS[consoleLog]: ERROR: Script error.
[2026-08-05T15:55:17.115Z] G2 stream_append[21] dfb=9691px pinned=false (no imperative pin issued) ok=false
[2026-08-05T15:55:17.115Z] G2 resize[17] dfb=9691px pinned=false size=740x700 ok=false
[2026-08-05T15:55:17.357Z] G2 stream_append[22] dfb=2720px pinned=false (no imperative pin issued) ok=false
[2026-08-05T15:55:17.365Z] JS[consoleLog]: ERROR: Script error.
[2026-08-05T15:55:17.571Z] G2 image_inject[8] dfb=12756px pinned=false url=g2-img-8.png ok=false
[2026-08-05T15:55:17.572Z] G2 resize[18] dfb=12756px pinned=false size=800x760 ok=false
[2026-08-05T15:55:17.572Z] G2 stream_append[23] dfb=12756px pinned=false (no imperative pin issued) ok=false
[2026-08-05T15:55:17.764Z] G2 resize[19] dfb=7942px pinned=false size=720x680 ok=false
[2026-08-05T15:55:17.764Z] G2 stream_append[24] dfb=7942px pinned=false (no imperative pin issued) ok=false
[2026-08-05T15:55:17.979Z] G2 image_inject[9] dfb=5164px pinned=false url=g2-img-9.png ok=false
[2026-08-05T15:55:17.979Z] G2 stream_append[25] dfb=5164px pinned=false (no imperative pin issued) ok=false
[2026-08-05T15:55:17.980Z] G2 resize[20] dfb=5164px pinned=false size=760x720 ok=false
[2026-08-05T15:55:18.189Z] G2 stream_append[26] dfb=10294px pinned=false (no imperative pin issued) ok=false
[2026-08-05T15:55:18.189Z] G2 resize[21] dfb=10294px pinned=false size=780x740 ok=false
[2026-08-05T15:55:18.367Z] G2 stream_append[27] dfb=10398px pinned=false (no imperative pin issued) ok=false
[2026-08-05T15:55:18.367Z] G2 resize[22] dfb=10398px pinned=false size=740x700 ok=false
[2026-08-05T15:55:18.606Z] G2 stream_append[28] dfb=3368px pinned=false (no imperative pin issued) ok=false
[2026-08-05T15:55:18.797Z] G2 resize[23] dfb=13488px pinned=false size=800x760 ok=false
[2026-08-05T15:55:18.798Z] G2 stream_append[29] dfb=13488px pinned=false (no imperative pin issued) ok=false
[2026-08-05T15:55:19.010Z] G2 stream_append[30] dfb=8566px pinned=false (no imperative pin issued) ok=false
[2026-08-05T15:55:19.011Z] G2 resize[24] dfb=8566px pinned=false size=720x680 ok=false
[2026-08-05T15:55:19.213Z] G2 stream_append[31] dfb=5788px pinned=false (no imperative pin issued) ok=false
[2026-08-05T15:55:19.213Z] G2 resize[25] dfb=5788px pinned=false size=760x720 ok=false
[2026-08-05T15:55:19.422Z] G2 stream_append[32] dfb=10918px pinned=false (no imperative pin issued) ok=false
[2026-08-05T15:55:19.422Z] G2 resize[26] dfb=10918px pinned=false size=780x740 ok=false
[2026-08-05T15:55:19.601Z] G2 stream_append[33] dfb=11022px pinned=false (no imperative pin issued) ok=false
[2026-08-05T15:55:19.602Z] G2 resize[27] dfb=11022px pinned=false size=740x700 ok=false
[2026-08-05T15:55:19.848Z] G2 stream_append[34] dfb=3992px pinned=false (no imperative pin issued) ok=false
[2026-08-05T15:55:20.046Z] G2 stream_append[35] dfb=14220px pinned=false (no imperative pin issued) ok=false
[2026-08-05T15:55:20.047Z] G2 resize[28] dfb=14220px pinned=false size=800x760 ok=false
[2026-08-05T15:55:20.257Z] G2 stream_append[36] dfb=9190px pinned=false (no imperative pin issued) ok=false
[2026-08-05T15:55:20.257Z] G2 resize[29] dfb=9190px pinned=false size=720x680 ok=false
[2026-08-05T15:55:20.257Z] G2 stream_append[37] dfb=9294px pinned=false (no imperative pin issued) ok=false
[2026-08-05T15:55:20.459Z] G2 resize[30] dfb=6516px pinned=false size=760x720 ok=false
[2026-08-05T15:55:20.459Z] G2 stream_append[38] dfb=6516px pinned=false (no imperative pin issued) ok=false
[2026-08-05T15:55:20.658Z] G2 resize[31] dfb=11646px pinned=false size=780x740 ok=false
[2026-08-05T15:55:20.659Z] G2 stream_append[39] dfb=11646px pinned=false (no imperative pin issued) ok=false
[2026-08-05T15:55:20.839Z] G2 stream_append[40] dfb=11750px pinned=false (no imperative pin issued) ok=false
[2026-08-05T15:55:20.839Z] G2 resize[32] dfb=11750px pinned=false size=740x700 ok=false
[2026-08-05T15:55:21.077Z] G2 stream_append[41] dfb=4720px pinned=false (no imperative pin issued) ok=false
[2026-08-05T15:55:21.277Z] G2 resize[33] dfb=15074px pinned=false size=800x760 ok=false
[2026-08-05T15:55:21.277Z] G2 stream_append[42] dfb=15074px pinned=false (no imperative pin issued) ok=false
[2026-08-05T15:55:21.477Z] G2 resize[34] dfb=9918px pinned=false size=720x680 ok=false
[2026-08-05T15:55:21.477Z] G2 stream_append[43] dfb=9918px pinned=false (no imperative pin issued) ok=false
[2026-08-05T15:55:21.676Z] G2 resize[35] dfb=7140px pinned=false size=760x720 ok=false
[2026-08-05T15:55:21.677Z] G2 stream_append[44] dfb=7140px pinned=false (no imperative pin issued) ok=false
[2026-08-05T15:55:21.850Z] G2 stream_append[45] dfb=7244px pinned=false (no imperative pin issued) ok=false
[2026-08-05T15:55:21.851Z] G2 resize[36] dfb=7244px pinned=false size=780x740 ok=false
[2026-08-05T15:55:22.082Z] G2 stream_append[46] dfb=12374px pinned=false (no imperative pin issued) ok=false
[2026-08-05T15:55:22.277Z] G2 resize[37] dfb=5344px pinned=false size=740x700 ok=false
[2026-08-05T15:55:22.277Z] G2 stream_append[47] dfb=5344px pinned=false (no imperative pin issued) ok=false
[2026-08-05T15:55:22.479Z] G2 resize[38] dfb=15806px pinned=false size=800x760 ok=false
[2026-08-05T15:55:22.479Z] G2 stream_append[48] dfb=15806px pinned=false (no imperative pin issued) ok=false
[2026-08-05T15:55:22.652Z] G2 resize[39] dfb=15806px pinned=false size=720x680 ok=false
[2026-08-05T15:55:22.653Z] G2 stream_append[49] dfb=15806px pinned=false (no imperative pin issued) ok=false
[2026-08-05T15:55:24.890Z] JS_ERR: JavaScript execution returned a result of an unsupported type
[2026-08-05T15:55:27.539Z] G2 evidence written: /Users/openclaw/projects/BeeChat-v5/Docs/Reviews/optionb/G2-evidence.md
[2026-08-05T15:55:27.539Z] === exit code=1 ===
[2026-08-05T15:55:46.326Z] === TranscriptSpike launch ===
[2026-08-05T15:55:46.327Z] date=2026-08-05T15:55:46.327Z
[2026-08-05T15:55:46.327Z] build=TranscriptSpike WP-0 2026-08-05
[2026-08-05T15:55:46.327Z] machine=Openclaw's Mac mini  macOS 26.5.1 arm64
[2026-08-05T15:55:46.327Z] dbPath=/Users/openclaw/Library/Application Support/BeeChat/BeeChat.sqlite
[2026-08-05T15:55:46.327Z] generalTopicID=491EA8D6-9527-4E71-89B4-D0A06DF3F49D
[2026-08-05T15:55:46.328Z] generalSessionKey=agent:main:491ea8d6-9527-4e71-89b4-d0a06df3f49d
[2026-08-05T15:55:46.328Z] operator=Q
[2026-08-05T15:55:46.328Z] gate=g2
[2026-08-05T15:55:46.347Z] messages_loaded=428 at 2026-08-05T15:55:46.347Z
[2026-08-05T15:55:46.586Z] webView didFinish navigation at 2026-08-05T15:55:46.585Z
[2026-08-05T15:55:48.185Z] G2 START — pre-registered criteria:
[2026-08-05T15:55:48.186Z] G2 criterion scroll_engine=route_plan_4.4 (pinned+ResizeObserver+50/120 hysteresis+window.resize)
[2026-08-05T15:55:48.187Z] G2 criterion pin_state_required=true throughout all measurement phases
[2026-08-05T15:55:48.187Z] G2 criterion distance_from_bottom_px_tolerance=4 (sub-frame; allows sub-pixel rounding)
[2026-08-05T15:55:48.187Z] G2 criterion streaming_append_count=50 at everyMs=200 (5fps for 10s)
[2026-08-05T15:55:48.188Z] G2 criterion late_image_count=10 at everyMs=500 (local PNG fixtures)
[2026-08-05T15:55:48.188Z] G2 criterion window_resize_duration_sec=10 at hz=4 cycling 5 sizes
[2026-08-05T15:55:48.188Z] G2 criterion bounce_probe_method=scroll_up_500px_then_inject_above_and_below_then_hold_10_frames_no_repin
[2026-08-05T15:55:48.188Z] G2 criterion bounce_probe_passes_only_if_pinned_state_remains_correct_under_stress
[2026-08-05T15:55:48.189Z] G2 criterion no_imperative_pinToBottom_during_measurement_phases (the scroll engine is the pin)
[2026-08-05T15:55:48.189Z] G2 criterion verdict_logic_evaluates_each_criterion_above_explicitly (E8 compliance)
[2026-08-05T15:55:48.321Z] JS[consoleLog]: ERROR: Script error.
[2026-08-05T15:55:48.420Z] G2 stream_append[0] dfb=104px pinned=true (no imperative pin issued) engineDebugTail=[{"ms":12,"shBefore":187839,"pinned":false,"stBefore":0,"dBefore":187119,"t":110},{"ms":12,"shBefore":187839,"pinned":false,"stBefore":0,"dBefore":187119,"t":110},{"shAfter":187943,"t":1683,"shBefore":187943,"dBefore":104,"stAfter":187223,"ms":34,"dAfter":0,"pinned":true,"stBefore":187119,"lastPinTransition":1666},{"shAfter":188026,"t":1766,"shBefore":188002,"dBefore":83,"stAfter":187306,"ms":31,"dAfter":0,"pinned":true,"stBefore":187223,"lastPinTransition":1750},{"shAfter":188026,"t":1783.0000000000002,"shBefore":188026,"dBefore":0,"stAfter":187306,"ms":33.000000000000227,"dAfter":0,"pinned":true,"stBefore":187306,"lastPinTransition":1766}] ok=false
[2026-08-05T15:55:48.421Z] G2 resize[0] dfb=104px pinned=true size=760x720 ok=false
[2026-08-05T15:55:48.614Z] G2 stream_append[1] dfb=104px pinned=true (no imperative pin issued) engineDebugTail=[{"shAfter":188026,"t":1783.0000000000002,"shBefore":188026,"dBefore":0,"stAfter":187306,"ms":33.000000000000227,"dAfter":0,"pinned":true,"stBefore":187306,"lastPinTransition":1766},{"shAfter":188130,"t":1867,"shBefore":188130,"dBefore":104,"stAfter":187410,"ms":39,"dAfter":0,"pinned":true,"stBefore":187306,"lastPinTransition":1850},{"shAfter":185268,"t":1916.0000000000002,"shBefore":185268,"dBefore":0,"stAfter":184528,"ms":4,"dAfter":0,"pinned":true,"stBefore":184528,"lastPinTransition":1912.0000000000002},{"shAfter":185268,"t":1933,"shBefore":185268,"dBefore":0,"stAfter":184528,"ms":20.999999999999773,"dAfter":0,"pinned":true,"stBefore":184528,"lastPinTransition":1916.0000000000002},{"shAfter":185268,"t":1933,"shBefore":185268,"dBefore":0,"stAfter":184528,"ms":20.999999999999773,"dAfter":0,"pinned":true,"stBefore":184528,"lastPinTransition":1916.0000000000002}] ok=false
[2026-08-05T15:55:48.684Z] G2 resize[1] dfb=0px pinned=true size=780x740 ok=true
[2026-08-05T15:55:48.826Z] G2 stream_append[2] dfb=5189px pinned=false (no imperative pin issued) engineDebugTail=[{"shAfter":185268,"t":1933,"shBefore":185268,"dBefore":0,"stAfter":184528,"ms":20.999999999999773,"dAfter":0,"pinned":true,"stBefore":184528,"lastPinTransition":1916.0000000000002},{"shAfter":185372,"t":2083,"shBefore":185372,"dBefore":104,"stAfter":184632,"ms":44.999999999999773,"dAfter":0,"pinned":true,"stBefore":184528,"lastPinTransition":2067},{"ms":0,"shBefore":190358,"pinned":false,"stBefore":184632,"dBefore":5026,"t":2189},{"ms":6,"shBefore":190358,"pinned":false,"stBefore":184632,"dBefore":5026,"t":2195},{"ms":6,"shBefore":190358,"pinned":false,"stBefore":184632,"dBefore":5026,"t":2195}] ok=false
[2026-08-05T15:55:48.827Z] JS[consoleLog]: ERROR: Script error.
[2026-08-05T15:55:48.946Z] G2 image_inject[0] dfb=5213px pinned=false url=g2-img-0.png ok=false
[2026-08-05T15:55:48.947Z] G2 resize[2] dfb=5213px pinned=false size=740x700 ok=false
[2026-08-05T15:55:49.035Z] G2 stream_append[3] dfb=104px pinned=false (no imperative pin issued) engineDebugTail=[{"ms":17,"shBefore":190521,"pinned":false,"stBefore":184632,"dBefore":5213,"t":2267},{"ms":15,"shBefore":190545,"pinned":false,"stBefore":184632,"dBefore":5213,"t":2282},{"ms":0,"shBefore":183575,"pinned":false,"stBefore":182711,"dBefore":104,"t":2445},{"ms":5,"shBefore":183575,"pinned":false,"stBefore":182711,"dBefore":104,"t":2450},{"ms":5,"shBefore":183575,"pinned":false,"stBefore":182711,"dBefore":104,"t":2450}] ok=false
[2026-08-05T15:55:49.211Z] G2 resize[3] dfb=208px pinned=false size=800x760 ok=false
[2026-08-05T15:55:49.212Z] G2 stream_append[4] dfb=208px pinned=false (no imperative pin issued) engineDebugTail=[{"ms":17,"shBefore":190521,"pinned":false,"stBefore":184632,"dBefore":5213,"t":2267},{"ms":15,"shBefore":190545,"pinned":false,"stBefore":184632,"dBefore":5213,"t":2282},{"ms":0,"shBefore":183575,"pinned":false,"stBefore":182711,"dBefore":104,"t":2445},{"ms":5,"shBefore":183575,"pinned":false,"stBefore":182711,"dBefore":104,"t":2450},{"ms":5,"shBefore":183575,"pinned":false,"stBefore":182711,"dBefore":104,"t":2450}] ok=false
[2026-08-05T15:55:49.374Z] JS[consoleLog]: ERROR: Script error.
[2026-08-05T15:55:49.417Z] G2 stream_append[5] dfb=10051px pinned=false (no imperative pin issued) engineDebugTail=[{"ms":0,"shBefore":193255,"pinned":false,"stBefore":182711,"dBefore":9864,"t":2659.0000000000005},{"ms":8,"shBefore":193255,"pinned":false,"stBefore":182711,"dBefore":9864,"t":2667.0000000000005},{"ms":8,"shBefore":193255,"pinned":false,"stBefore":182711,"dBefore":9864,"t":2667.0000000000005},{"ms":4,"shBefore":193314,"pinned":false,"stBefore":182711,"dBefore":9947,"t":2800.0000000000005},{"ms":16.999999999999545,"shBefore":193338,"pinned":false,"stBefore":182711,"dBefore":9947,"t":2817}] ok=false
[2026-08-05T15:55:49.417Z] G2 resize[4] dfb=10051px pinned=false size=720x680 ok=false
[2026-08-05T15:55:49.463Z] G2 image_inject[1] dfb=10051px pinned=false url=g2-img-1.png ok=false
[2026-08-05T15:55:49.626Z] G2 stream_append[6] dfb=5489px pinned=false (no imperative pin issued) engineDebugTail=[{"ms":11,"shBefore":193442,"pinned":false,"stBefore":182711,"dBefore":10051,"t":2851},{"ms":0,"shBefore":188816,"pinned":false,"stBefore":182711,"dBefore":5385,"t":2913.0000000000005},{"ms":4.9999999999995453,"shBefore":188816,"pinned":false,"stBefore":182711,"dBefore":5385,"t":2918},{"ms":4.9999999999995453,"shBefore":188816,"pinned":false,"stBefore":182711,"dBefore":5385,"t":2918},{"ms":6.0000000000004547,"shBefore":188920,"pinned":false,"stBefore":182711,"dBefore":5489,"t":3034.0000000000005}] ok=false
[2026-08-05T15:55:49.670Z] G2 resize[5] dfb=5489px pinned=false size=760x720 ok=false
[2026-08-05T15:55:49.834Z] G2 stream_append[7] dfb=2711px pinned=false (no imperative pin issued) engineDebugTail=[{"ms":11,"shBefore":193442,"pinned":false,"stBefore":182711,"dBefore":10051,"t":2851},{"ms":0,"shBefore":188816,"pinned":false,"stBefore":182711,"dBefore":5385,"t":2913.0000000000005},{"ms":4.9999999999995453,"shBefore":188816,"pinned":false,"stBefore":182711,"dBefore":5385,"t":2918},{"ms":4.9999999999995453,"shBefore":188816,"pinned":false,"stBefore":182711,"dBefore":5385,"t":2918},{"ms":6.0000000000004547,"shBefore":188920,"pinned":false,"stBefore":182711,"dBefore":5489,"t":3034.0000000000005}] ok=false
[2026-08-05T15:55:49.841Z] JS[consoleLog]: ERROR: Script error.
[2026-08-05T15:55:50.034Z] G2 image_inject[2] dfb=7820px pinned=false url=g2-img-2.png ok=false
[2026-08-05T15:55:50.034Z] G2 resize[6] dfb=7924px pinned=false size=780x740 ok=false
[2026-08-05T15:55:50.034Z] G2 stream_append[8] dfb=7924px pinned=false (no imperative pin issued) engineDebugTail=[{"ms":6.0000000000004547,"shBefore":188920,"pinned":false,"stBefore":182711,"dBefore":5489,"t":3034.0000000000005},{"ms":0,"shBefore":186221,"pinned":false,"stBefore":182711,"dBefore":2770,"t":3259},{"ms":7,"shBefore":186221,"pinned":false,"stBefore":182711,"dBefore":2794,"t":3266},{"ms":7,"shBefore":186221,"pinned":false,"stBefore":182711,"dBefore":2794,"t":3266},{"ms":1,"shBefore":186245,"pinned":false,"stBefore":182711,"dBefore":2794,"t":3267}] ok=false
[2026-08-05T15:55:50.235Z] G2 resize[7] dfb=894px pinned=false size=740x700 ok=false
[2026-08-05T15:55:50.235Z] G2 stream_append[9] dfb=894px pinned=false (no imperative pin issued) engineDebugTail=[{"ms":7,"shBefore":186221,"pinned":false,"stBefore":182711,"dBefore":2794,"t":3266},{"ms":1,"shBefore":186245,"pinned":false,"stBefore":182711,"dBefore":2794,"t":3267},{"ms":0,"shBefore":191335,"pinned":false,"stBefore":182711,"dBefore":7924,"t":3458},{"ms":5,"shBefore":191335,"pinned":false,"stBefore":182711,"dBefore":7924,"t":3463},{"ms":5,"shBefore":191335,"pinned":false,"stBefore":182711,"dBefore":7924,"t":3463}] ok=false
[2026-08-05T15:55:50.411Z] G2 stream_append[10] dfb=1057px pinned=false (no imperative pin issued) engineDebugTail=[{"ms":5,"shBefore":191335,"pinned":false,"stBefore":182711,"dBefore":7924,"t":3463},{"ms":29,"shBefore":191439,"pinned":false,"stBefore":182711,"dBefore":894,"t":3658},{"ms":0,"shBefore":184365,"pinned":false,"stBefore":182711,"dBefore":894,"t":3658},{"ms":10,"shBefore":184365,"pinned":false,"stBefore":182711,"dBefore":894,"t":3668},{"ms":10,"shBefore":184365,"pinned":false,"stBefore":182711,"dBefore":894,"t":3668}] ok=false
[2026-08-05T15:55:50.412Z] JS[consoleLog]: ERROR: Script error.
[2026-08-05T15:55:50.420Z] G2 image_inject[3] dfb=1081px pinned=false url=g2-img-3.png ok=false
[2026-08-05T15:55:50.421Z] G2 resize[8] dfb=1081px pinned=false size=800x760 ok=false
[2026-08-05T15:55:50.632Z] G2 stream_append[11] dfb=10877px pinned=false (no imperative pin issued) engineDebugTail=[{"ms":0,"shBefore":184365,"pinned":false,"stBefore":182711,"dBefore":894,"t":3658},{"ms":10,"shBefore":184365,"pinned":false,"stBefore":182711,"dBefore":894,"t":3668},{"ms":10,"shBefore":184365,"pinned":false,"stBefore":182711,"dBefore":894,"t":3668},{"ms":18,"shBefore":184528,"pinned":false,"stBefore":182711,"dBefore":1081,"t":3852},{"ms":16,"shBefore":184552,"pinned":false,"stBefore":182711,"dBefore":1081,"t":3868}] ok=false
[2026-08-05T15:55:50.829Z] G2 resize[9] dfb=6338px pinned=false size=720x680 ok=false
[2026-08-05T15:55:50.829Z] G2 stream_append[12] dfb=6338px pinned=false (no imperative pin issued) engineDebugTail=[{"ms":18,"shBefore":184528,"pinned":false,"stBefore":182711,"dBefore":1081,"t":3852},{"ms":16,"shBefore":184552,"pinned":false,"stBefore":182711,"dBefore":1081,"t":3868},{"ms":0,"shBefore":194268,"pinned":false,"stBefore":182711,"dBefore":10877,"t":4056},{"ms":5,"shBefore":194268,"pinned":false,"stBefore":182711,"dBefore":10877,"t":4061},{"ms":5,"shBefore":194268,"pinned":false,"stBefore":182711,"dBefore":10877,"t":4061}] ok=false
[2026-08-05T15:55:50.832Z] JS[consoleLog]: ERROR: Script error.
[2026-08-05T15:55:51.042Z] G2 image_inject[4] dfb=3584px pinned=false url=g2-img-4.png ok=false
[2026-08-05T15:55:51.042Z] G2 resize[10] dfb=3584px pinned=false size=760x720 ok=false
[2026-08-05T15:55:51.042Z] G2 stream_append[13] dfb=3584px pinned=false (no imperative pin issued) engineDebugTail=[{"ms":5,"shBefore":194268,"pinned":false,"stBefore":182711,"dBefore":10877,"t":4061},{"ms":0,"shBefore":189769,"pinned":false,"stBefore":182711,"dBefore":6338,"t":4253},{"ms":3,"shBefore":189769,"pinned":false,"stBefore":182711,"dBefore":6362,"t":4256},{"ms":3,"shBefore":189769,"pinned":false,"stBefore":182711,"dBefore":6362,"t":4256},{"ms":10,"shBefore":189793,"pinned":false,"stBefore":182711,"dBefore":6362,"t":4266}] ok=false
[2026-08-05T15:55:51.264Z] G2 resize[11] dfb=8714px pinned=false size=780x740 ok=false
[2026-08-05T15:55:51.265Z] G2 stream_append[14] dfb=8714px pinned=false (no imperative pin issued) engineDebugTail=[{"ms":3,"shBefore":189769,"pinned":false,"stBefore":182711,"dBefore":6362,"t":4256},{"ms":10,"shBefore":189793,"pinned":false,"stBefore":182711,"dBefore":6362,"t":4266},{"ms":0,"shBefore":187035,"pinned":false,"stBefore":182711,"dBefore":3584,"t":4466},{"ms":4,"shBefore":187035,"pinned":false,"stBefore":182711,"dBefore":3584,"t":4470},{"ms":4,"shBefore":187035,"pinned":false,"stBefore":182711,"dBefore":3584,"t":4470}] ok=false
[2026-08-05T15:55:51.446Z] G2 image_inject[5] dfb=8877px pinned=false url=g2-img-5.png ok=false
[2026-08-05T15:55:51.446Z] G2 stream_append[15] dfb=8877px pinned=false (no imperative pin issued) engineDebugTail=[{"ms":4,"shBefore":187035,"pinned":false,"stBefore":182711,"dBefore":3584,"t":4470},{"ms":26.999999999999091,"shBefore":187139,"pinned":false,"stBefore":182711,"dBefore":8714,"t":4688},{"ms":0,"shBefore":192125,"pinned":false,"stBefore":182711,"dBefore":8714,"t":4688},{"ms":5.0000000000009095,"shBefore":192125,"pinned":false,"stBefore":182711,"dBefore":8714,"t":4693.0000000000009},{"ms":5.0000000000009095,"shBefore":192125,"pinned":false,"stBefore":182711,"dBefore":8714,"t":4693.0000000000009}] ok=false
[2026-08-05T15:55:51.447Z] G2 resize[12] dfb=8877px pinned=false size=740x700 ok=false
[2026-08-05T15:55:51.448Z] JS[consoleLog]: ERROR: Script error.
[2026-08-05T15:55:51.683Z] G2 stream_append[16] dfb=1871px pinned=false (no imperative pin issued) engineDebugTail=[{"ms":0,"shBefore":192125,"pinned":false,"stBefore":182711,"dBefore":8714,"t":4688},{"ms":5.0000000000009095,"shBefore":192125,"pinned":false,"stBefore":182711,"dBefore":8714,"t":4693.0000000000009},{"ms":5.0000000000009095,"shBefore":192125,"pinned":false,"stBefore":182711,"dBefore":8714,"t":4693.0000000000009},{"ms":17,"shBefore":192288,"pinned":false,"stBefore":182711,"dBefore":8901,"t":4886},{"ms":16,"shBefore":192312,"pinned":false,"stBefore":182711,"dBefore":8901,"t":4902}] ok=false
[2026-08-05T15:55:51.886Z] G2 resize[13] dfb=11834px pinned=false size=800x760 ok=false
[2026-08-05T15:55:51.886Z] G2 stream_append[17] dfb=11834px pinned=false (no imperative pin issued) engineDebugTail=[{"ms":17,"shBefore":192288,"pinned":false,"stBefore":182711,"dBefore":8901,"t":4886},{"ms":16,"shBefore":192312,"pinned":false,"stBefore":182711,"dBefore":8901,"t":4902},{"ms":0,"shBefore":185342,"pinned":false,"stBefore":182711,"dBefore":1871,"t":5107},{"ms":9.0000000000009095,"shBefore":185342,"pinned":false,"stBefore":182711,"dBefore":1871,"t":5116.0000000000009},{"ms":9.0000000000009095,"shBefore":185342,"pinned":false,"stBefore":182711,"dBefore":1871,"t":5116.0000000000009}] ok=false
[2026-08-05T15:55:51.890Z] JS[consoleLog]: ERROR: Script error.
[2026-08-05T15:55:52.099Z] G2 image_inject[6] dfb=7152px pinned=false url=g2-img-6.png ok=false
[2026-08-05T15:55:52.100Z] G2 resize[14] dfb=7152px pinned=false size=720x680 ok=false
[2026-08-05T15:55:52.100Z] G2 stream_append[18] dfb=7152px pinned=false (no imperative pin issued) engineDebugTail=[{"ms":9.0000000000009095,"shBefore":185342,"pinned":false,"stBefore":182711,"dBefore":1871,"t":5116.0000000000009},{"ms":0,"shBefore":195225,"pinned":false,"stBefore":182711,"dBefore":11834,"t":5309},{"ms":5,"shBefore":195225,"pinned":false,"stBefore":182711,"dBefore":11858,"t":5314},{"ms":5,"shBefore":195225,"pinned":false,"stBefore":182711,"dBefore":11858,"t":5314},{"ms":5,"shBefore":195249,"pinned":false,"stBefore":182711,"dBefore":11858,"t":5319}] ok=false
[2026-08-05T15:55:52.302Z] G2 resize[15] dfb=4374px pinned=false size=760x720 ok=false
[2026-08-05T15:55:52.302Z] G2 stream_append[19] dfb=4374px pinned=false (no imperative pin issued) engineDebugTail=[{"ms":5,"shBefore":195225,"pinned":false,"stBefore":182711,"dBefore":11858,"t":5314},{"ms":5,"shBefore":195249,"pinned":false,"stBefore":182711,"dBefore":11858,"t":5319},{"ms":0,"shBefore":190583,"pinned":false,"stBefore":182711,"dBefore":7152,"t":5523},{"ms":6,"shBefore":190583,"pinned":false,"stBefore":182711,"dBefore":7152,"t":5529},{"ms":6,"shBefore":190583,"pinned":false,"stBefore":182711,"dBefore":7152,"t":5529}] ok=false
[2026-08-05T15:55:52.507Z] G2 image_inject[7] dfb=9563px pinned=false url=g2-img-7.png ok=false
[2026-08-05T15:55:52.507Z] G2 stream_append[20] dfb=9563px pinned=false (no imperative pin issued) engineDebugTail=[{"ms":6,"shBefore":190583,"pinned":false,"stBefore":182711,"dBefore":7152,"t":5529},{"ms":27.000000000000909,"shBefore":190687,"pinned":false,"stBefore":182711,"dBefore":4374,"t":5725.0000000000009},{"ms":0,"shBefore":187825,"pinned":false,"stBefore":182711,"dBefore":4374,"t":5725.0000000000009},{"ms":6.9999999999990905,"shBefore":187825,"pinned":false,"stBefore":182711,"dBefore":4374,"t":5732},{"ms":6.9999999999990905,"shBefore":187825,"pinned":false,"stBefore":182711,"dBefore":4374,"t":5732}] ok=false
[2026-08-05T15:55:52.507Z] G2 resize[16] dfb=9563px pinned=false size=780x740 ok=false
[2026-08-05T15:55:52.511Z] JS[consoleLog]: ERROR: Script error.
[2026-08-05T15:55:52.689Z] G2 stream_append[21] dfb=9691px pinned=false (no imperative pin issued) engineDebugTail=[{"ms":6.9999999999990905,"shBefore":187825,"pinned":false,"stBefore":182711,"dBefore":4374,"t":5732},{"ms":0,"shBefore":192994,"pinned":false,"stBefore":182711,"dBefore":9583,"t":5931},{"ms":5,"shBefore":192994,"pinned":false,"stBefore":182711,"dBefore":9587,"t":5936},{"ms":5,"shBefore":192994,"pinned":false,"stBefore":182711,"dBefore":9587,"t":5936},{"ms":17,"shBefore":192998,"pinned":false,"stBefore":182711,"dBefore":9587,"t":5953}] ok=false
[2026-08-05T15:55:52.689Z] G2 resize[17] dfb=9691px pinned=false size=740x700 ok=false
[2026-08-05T15:55:52.920Z] G2 stream_append[22] dfb=2720px pinned=false (no imperative pin issued) engineDebugTail=[{"ms":0,"shBefore":192994,"pinned":false,"stBefore":182711,"dBefore":9583,"t":5931},{"ms":5,"shBefore":192994,"pinned":false,"stBefore":182711,"dBefore":9587,"t":5936},{"ms":5,"shBefore":192994,"pinned":false,"stBefore":182711,"dBefore":9587,"t":5936},{"ms":17,"shBefore":192998,"pinned":false,"stBefore":182711,"dBefore":9587,"t":5953},{"ms":8,"shBefore":193102,"pinned":false,"stBefore":182711,"dBefore":9691,"t":6120}] ok=false
[2026-08-05T15:55:52.927Z] JS[consoleLog]: ERROR: Script error.
[2026-08-05T15:55:53.104Z] G2 image_inject[8] dfb=12756px pinned=false url=g2-img-8.png ok=false
[2026-08-05T15:55:53.104Z] G2 resize[18] dfb=12756px pinned=false size=800x760 ok=false
[2026-08-05T15:55:53.104Z] G2 stream_append[23] dfb=12756px pinned=false (no imperative pin issued) engineDebugTail=[{"ms":9,"shBefore":186191,"pinned":false,"stBefore":182711,"dBefore":2744,"t":6352},{"ms":1,"shBefore":186215,"pinned":false,"stBefore":182711,"dBefore":2744,"t":6353},{"ms":0,"shBefore":196147,"pinned":false,"stBefore":182711,"dBefore":12756,"t":6475.0000000000009},{"ms":3.9999999999990905,"shBefore":196147,"pinned":false,"stBefore":182711,"dBefore":12756,"t":6479},{"ms":3.9999999999990905,"shBefore":196147,"pinned":false,"stBefore":182711,"dBefore":12756,"t":6479}] ok=false
[2026-08-05T15:55:53.253Z] G2 resize[19] dfb=7942px pinned=false size=720x680 ok=false
[2026-08-05T15:55:53.253Z] G2 stream_append[24] dfb=7942px pinned=false (no imperative pin issued) engineDebugTail=[{"ms":9,"shBefore":186191,"pinned":false,"stBefore":182711,"dBefore":2744,"t":6352},{"ms":1,"shBefore":186215,"pinned":false,"stBefore":182711,"dBefore":2744,"t":6353},{"ms":0,"shBefore":196147,"pinned":false,"stBefore":182711,"dBefore":12756,"t":6475.0000000000009},{"ms":3.9999999999990905,"shBefore":196147,"pinned":false,"stBefore":182711,"dBefore":12756,"t":6479},{"ms":3.9999999999990905,"shBefore":196147,"pinned":false,"stBefore":182711,"dBefore":12756,"t":6479}] ok=false
[2026-08-05T15:55:53.429Z] G2 stream_append[25] dfb=8046px pinned=false (no imperative pin issued) engineDebugTail=[{"ms":3.9999999999990905,"shBefore":196147,"pinned":false,"stBefore":182711,"dBefore":12756,"t":6479},{"ms":27.999999999999091,"shBefore":196269,"pinned":false,"stBefore":182711,"dBefore":7942,"t":6676},{"ms":0,"shBefore":191373,"pinned":false,"stBefore":182711,"dBefore":7942,"t":6676},{"ms":6,"shBefore":191373,"pinned":false,"stBefore":182711,"dBefore":7942,"t":6682},{"ms":6,"shBefore":191373,"pinned":false,"stBefore":182711,"dBefore":7942,"t":6682}] ok=false
[2026-08-05T15:55:53.429Z] G2 resize[20] dfb=8046px pinned=false size=760x720 ok=false
[2026-08-05T15:55:53.555Z] G2 image_inject[9] dfb=5164px pinned=false url=g2-img-9.png ok=false
[2026-08-05T15:55:53.639Z] G2 stream_append[26] dfb=5268px pinned=false (no imperative pin issued) engineDebugTail=[{"ms":6,"shBefore":191373,"pinned":false,"stBefore":182711,"dBefore":7942,"t":6682},{"ms":2,"shBefore":191477,"pinned":false,"stBefore":182711,"dBefore":8046,"t":6854},{"ms":0,"shBefore":188615,"pinned":false,"stBefore":182711,"dBefore":5164,"t":6979},{"ms":7,"shBefore":188615,"pinned":false,"stBefore":182711,"dBefore":5164,"t":6986},{"ms":7,"shBefore":188615,"pinned":false,"stBefore":182711,"dBefore":5164,"t":6986}] ok=false
[2026-08-05T15:55:53.750Z] G2 resize[21] dfb=10294px pinned=false size=780x740 ok=false
[2026-08-05T15:55:53.842Z] G2 stream_append[27] dfb=10398px pinned=false (no imperative pin issued) engineDebugTail=[{"ms":7,"shBefore":188615,"pinned":false,"stBefore":182711,"dBefore":5164,"t":6986},{"ms":8,"shBefore":188719,"pinned":false,"stBefore":182711,"dBefore":5268,"t":7071},{"ms":0,"shBefore":193705,"pinned":false,"stBefore":182711,"dBefore":10294,"t":7174},{"ms":5,"shBefore":193705,"pinned":false,"stBefore":182711,"dBefore":10294,"t":7179},{"ms":5,"shBefore":193705,"pinned":false,"stBefore":182711,"dBefore":10294,"t":7179}] ok=false
[2026-08-05T15:55:53.927Z] G2 resize[22] dfb=10398px pinned=false size=740x700 ok=false
[2026-08-05T15:55:54.074Z] G2 stream_append[28] dfb=3368px pinned=false (no imperative pin issued) engineDebugTail=[{"ms":8,"shBefore":188719,"pinned":false,"stBefore":182711,"dBefore":5268,"t":7071},{"ms":0,"shBefore":193705,"pinned":false,"stBefore":182711,"dBefore":10294,"t":7174},{"ms":5,"shBefore":193705,"pinned":false,"stBefore":182711,"dBefore":10294,"t":7179},{"ms":5,"shBefore":193705,"pinned":false,"stBefore":182711,"dBefore":10294,"t":7179},{"ms":5,"shBefore":193809,"pinned":false,"stBefore":182711,"dBefore":10398,"t":7270.0000000000009}] ok=false
[2026-08-05T15:55:54.288Z] G2 resize[23] dfb=13488px pinned=false size=800x760 ok=false
[2026-08-05T15:55:54.288Z] G2 stream_append[29] dfb=13488px pinned=false (no imperative pin issued) engineDebugTail=[{"ms":5,"shBefore":193705,"pinned":false,"stBefore":182711,"dBefore":10294,"t":7179},{"ms":5,"shBefore":193809,"pinned":false,"stBefore":182711,"dBefore":10398,"t":7270.0000000000009},{"ms":0,"shBefore":186839,"pinned":false,"stBefore":182711,"dBefore":3368,"t":7497},{"ms":9,"shBefore":186839,"pinned":false,"stBefore":182711,"dBefore":3368,"t":7506},{"ms":9,"shBefore":186839,"pinned":false,"stBefore":182711,"dBefore":3368,"t":7506}] ok=false
[2026-08-05T15:55:54.486Z] G2 stream_append[30] dfb=8566px pinned=false (no imperative pin issued) engineDebugTail=[{"ms":9,"shBefore":186839,"pinned":false,"stBefore":182711,"dBefore":3368,"t":7506},{"ms":29,"shBefore":186943,"pinned":false,"stBefore":182711,"dBefore":13488,"t":7712},{"ms":0,"shBefore":196879,"pinned":false,"stBefore":182711,"dBefore":13488,"t":7712},{"ms":5.0000000000009095,"shBefore":196879,"pinned":false,"stBefore":182711,"dBefore":13488,"t":7717.0000000000009},{"ms":5.0000000000009095,"shBefore":196879,"pinned":false,"stBefore":182711,"dBefore":13488,"t":7717.0000000000009}] ok=false
[2026-08-05T15:55:54.486Z] G2 resize[24] dfb=8566px pinned=false size=720x680 ok=false
[2026-08-05T15:55:54.663Z] G2 stream_append[31] dfb=8670px pinned=false (no imperative pin issued) engineDebugTail=[{"ms":5.0000000000009095,"shBefore":196879,"pinned":false,"stBefore":182711,"dBefore":13488,"t":7717.0000000000009},{"ms":26,"shBefore":197001,"pinned":false,"stBefore":182711,"dBefore":8566,"t":7909},{"ms":0,"shBefore":191997,"pinned":false,"stBefore":182711,"dBefore":8566,"t":7909},{"ms":6,"shBefore":191997,"pinned":false,"stBefore":182711,"dBefore":8566,"t":7915},{"ms":6,"shBefore":191997,"pinned":false,"stBefore":182711,"dBefore":8566,"t":7915}] ok=false
[2026-08-05T15:55:54.663Z] G2 resize[25] dfb=8670px pinned=false size=760x720 ok=false
[2026-08-05T15:55:54.902Z] G2 stream_append[32] dfb=5892px pinned=false (no imperative pin issued) engineDebugTail=[{"ms":26,"shBefore":197001,"pinned":false,"stBefore":182711,"dBefore":8566,"t":7909},{"ms":0,"shBefore":191997,"pinned":false,"stBefore":182711,"dBefore":8566,"t":7909},{"ms":6,"shBefore":191997,"pinned":false,"stBefore":182711,"dBefore":8566,"t":7915},{"ms":6,"shBefore":191997,"pinned":false,"stBefore":182711,"dBefore":8566,"t":7915},{"ms":2.0000000000009095,"shBefore":192101,"pinned":false,"stBefore":182711,"dBefore":8670,"t":8088.0000000000009}] ok=false
[2026-08-05T15:55:55.114Z] G2 resize[26] dfb=11022px pinned=false size=780x740 ok=false
[2026-08-05T15:55:55.114Z] G2 stream_append[33] dfb=11022px pinned=false (no imperative pin issued) engineDebugTail=[{"ms":6,"shBefore":191997,"pinned":false,"stBefore":182711,"dBefore":8566,"t":7915},{"ms":2.0000000000009095,"shBefore":192101,"pinned":false,"stBefore":182711,"dBefore":8670,"t":8088.0000000000009},{"ms":0,"shBefore":189343,"pinned":false,"stBefore":182711,"dBefore":5892,"t":8326},{"ms":6,"shBefore":189343,"pinned":false,"stBefore":182711,"dBefore":5892,"t":8332},{"ms":6,"shBefore":189343,"pinned":false,"stBefore":182711,"dBefore":5892,"t":8332}] ok=false
[2026-08-05T15:55:55.324Z] G2 resize[27] dfb=3992px pinned=false size=740x700 ok=false
[2026-08-05T15:55:55.324Z] G2 stream_append[34] dfb=3992px pinned=false (no imperative pin issued) engineDebugTail=[{"ms":6,"shBefore":189343,"pinned":false,"stBefore":182711,"dBefore":5892,"t":8332},{"ms":0,"shBefore":194433,"pinned":false,"stBefore":182711,"dBefore":11022,"t":8538},{"ms":5.000000000001819,"shBefore":194433,"pinned":false,"stBefore":182711,"dBefore":11022,"t":8543.0000000000018},{"ms":5.000000000001819,"shBefore":194433,"pinned":false,"stBefore":182711,"dBefore":11022,"t":8543.0000000000018},{"ms":0,"shBefore":187463,"pinned":false,"stBefore":182711,"dBefore":3992,"t":8741}] ok=false
[2026-08-05T15:55:55.536Z] G2 stream_append[35] dfb=14220px pinned=false (no imperative pin issued) engineDebugTail=[{"ms":5.000000000001819,"shBefore":194433,"pinned":false,"stBefore":182711,"dBefore":11022,"t":8543.0000000000018},{"ms":5.000000000001819,"shBefore":194433,"pinned":false,"stBefore":182711,"dBefore":11022,"t":8543.0000000000018},{"ms":0,"shBefore":187463,"pinned":false,"stBefore":182711,"dBefore":3992,"t":8741},{"ms":14,"shBefore":187463,"pinned":false,"stBefore":182711,"dBefore":3992,"t":8755},{"ms":14,"shBefore":187463,"pinned":false,"stBefore":182711,"dBefore":3992,"t":8755}] ok=false
[2026-08-05T15:55:55.536Z] G2 resize[28] dfb=14220px pinned=false size=800x760 ok=false
[2026-08-05T15:55:55.742Z] G2 stream_append[36] dfb=9190px pinned=false (no imperative pin issued) engineDebugTail=[{"ms":14,"shBefore":187463,"pinned":false,"stBefore":182711,"dBefore":3992,"t":8755},{"ms":27.999999999998181,"shBefore":187567,"pinned":false,"stBefore":182711,"dBefore":14220,"t":8959},{"ms":0,"shBefore":197611,"pinned":false,"stBefore":182711,"dBefore":14220,"t":8959},{"ms":5,"shBefore":197611,"pinned":false,"stBefore":182711,"dBefore":14220,"t":8964},{"ms":5,"shBefore":197611,"pinned":false,"stBefore":182711,"dBefore":14220,"t":8964}] ok=false
[2026-08-05T15:55:55.743Z] G2 resize[29] dfb=9190px pinned=false size=720x680 ok=false
[2026-08-05T15:55:55.925Z] G2 stream_append[37] dfb=9294px pinned=false (no imperative pin issued) engineDebugTail=[{"ms":5,"shBefore":197611,"pinned":false,"stBefore":182711,"dBefore":14220,"t":8964},{"ms":29,"shBefore":197733,"pinned":false,"stBefore":182711,"dBefore":9190,"t":9166},{"ms":0,"shBefore":192621,"pinned":false,"stBefore":182711,"dBefore":9190,"t":9166},{"ms":6,"shBefore":192621,"pinned":false,"stBefore":182711,"dBefore":9190,"t":9172},{"ms":6,"shBefore":192621,"pinned":false,"stBefore":182711,"dBefore":9190,"t":9172}] ok=false
[2026-08-05T15:55:55.926Z] G2 resize[30] dfb=9294px pinned=false size=760x720 ok=false
[2026-08-05T15:55:56.160Z] G2 stream_append[38] dfb=6516px pinned=false (no imperative pin issued) engineDebugTail=[{"ms":29,"shBefore":197733,"pinned":false,"stBefore":182711,"dBefore":9190,"t":9166},{"ms":0,"shBefore":192621,"pinned":false,"stBefore":182711,"dBefore":9190,"t":9166},{"ms":6,"shBefore":192621,"pinned":false,"stBefore":182711,"dBefore":9190,"t":9172},{"ms":6,"shBefore":192621,"pinned":false,"stBefore":182711,"dBefore":9190,"t":9172},{"ms":7,"shBefore":192725,"pinned":false,"stBefore":182711,"dBefore":9294,"t":9356}] ok=false
[2026-08-05T15:55:56.356Z] G2 resize[31] dfb=11646px pinned=false size=780x740 ok=false
[2026-08-05T15:55:56.356Z] G2 stream_append[39] dfb=11646px pinned=false (no imperative pin issued) engineDebugTail=[{"ms":6,"shBefore":192621,"pinned":false,"stBefore":182711,"dBefore":9190,"t":9172},{"ms":7,"shBefore":192725,"pinned":false,"stBefore":182711,"dBefore":9294,"t":9356},{"ms":0,"shBefore":189967,"pinned":false,"stBefore":182711,"dBefore":6516,"t":9583},{"ms":7,"shBefore":189967,"pinned":false,"stBefore":182711,"dBefore":6516,"t":9590},{"ms":7,"shBefore":189967,"pinned":false,"stBefore":182711,"dBefore":6516,"t":9590}] ok=false
[2026-08-05T15:55:56.563Z] G2 stream_append[40] dfb=4616px pinned=false (no imperative pin issued) engineDebugTail=[{"ms":7,"shBefore":189967,"pinned":false,"stBefore":182711,"dBefore":6516,"t":9590},{"ms":28,"shBefore":190071,"pinned":false,"stBefore":182711,"dBefore":11646,"t":9779},{"ms":0,"shBefore":195057,"pinned":false,"stBefore":182711,"dBefore":11646,"t":9779},{"ms":5,"shBefore":195057,"pinned":false,"stBefore":182711,"dBefore":11646,"t":9784},{"ms":5,"shBefore":195057,"pinned":false,"stBefore":182711,"dBefore":11646,"t":9784}] ok=false
[2026-08-05T15:55:56.563Z] G2 resize[32] dfb=4616px pinned=false size=740x700 ok=false
[2026-08-05T15:55:56.771Z] G2 stream_append[41] dfb=14952px pinned=false (no imperative pin issued) engineDebugTail=[{"ms":5,"shBefore":195057,"pinned":false,"stBefore":182711,"dBefore":11646,"t":9784},{"ms":28,"shBefore":195161,"pinned":false,"stBefore":182711,"dBefore":4616,"t":9986},{"ms":0,"shBefore":188087,"pinned":false,"stBefore":182711,"dBefore":4616,"t":9986},{"ms":9.000000000001819,"shBefore":188087,"pinned":false,"stBefore":182711,"dBefore":4616,"t":9995.0000000000018},{"ms":9.000000000001819,"shBefore":188087,"pinned":false,"stBefore":182711,"dBefore":4616,"t":9995.0000000000018}] ok=false
[2026-08-05T15:55:56.771Z] G2 resize[33] dfb=14952px pinned=false size=800x760 ok=false
[2026-08-05T15:55:56.948Z] G2 stream_append[42] dfb=15074px pinned=false (no imperative pin issued) engineDebugTail=[{"ms":9.000000000001819,"shBefore":188087,"pinned":false,"stBefore":182711,"dBefore":4616,"t":9995.0000000000018},{"ms":26.999999999998181,"shBefore":188191,"pinned":false,"stBefore":182711,"dBefore":14952,"t":10195},{"ms":0,"shBefore":198343,"pinned":false,"stBefore":182711,"dBefore":14952,"t":10195},{"ms":4,"shBefore":198343,"pinned":false,"stBefore":182711,"dBefore":14952,"t":10199},{"ms":4,"shBefore":198343,"pinned":false,"stBefore":182711,"dBefore":14952,"t":10199}] ok=false
[2026-08-05T15:55:56.949Z] G2 resize[34] dfb=15074px pinned=false size=720x680 ok=false
[2026-08-05T15:55:57.187Z] G2 stream_append[43] dfb=9918px pinned=false (no imperative pin issued) engineDebugTail=[{"ms":26.999999999998181,"shBefore":188191,"pinned":false,"stBefore":182711,"dBefore":14952,"t":10195},{"ms":0,"shBefore":198343,"pinned":false,"stBefore":182711,"dBefore":14952,"t":10195},{"ms":4,"shBefore":198343,"pinned":false,"stBefore":182711,"dBefore":14952,"t":10199},{"ms":4,"shBefore":198343,"pinned":false,"stBefore":182711,"dBefore":14952,"t":10199},{"ms":1,"shBefore":198465,"pinned":false,"stBefore":182711,"dBefore":15074,"t":10373}] ok=false
[2026-08-05T15:55:57.388Z] G2 resize[35] dfb=7140px pinned=false size=760x720 ok=false
[2026-08-05T15:55:57.389Z] G2 stream_append[44] dfb=7140px pinned=false (no imperative pin issued) engineDebugTail=[{"ms":4,"shBefore":198343,"pinned":false,"stBefore":182711,"dBefore":14952,"t":10199},{"ms":1,"shBefore":198465,"pinned":false,"stBefore":182711,"dBefore":15074,"t":10373},{"ms":0,"shBefore":193349,"pinned":false,"stBefore":182711,"dBefore":9918,"t":10611},{"ms":5,"shBefore":193349,"pinned":false,"stBefore":182711,"dBefore":9918,"t":10616},{"ms":5,"shBefore":193349,"pinned":false,"stBefore":182711,"dBefore":9918,"t":10616}] ok=false
[2026-08-05T15:55:57.608Z] G2 stream_append[45] dfb=12270px pinned=false (no imperative pin issued) engineDebugTail=[{"ms":5,"shBefore":193349,"pinned":false,"stBefore":182711,"dBefore":9918,"t":10616},{"ms":21,"shBefore":193453,"pinned":false,"stBefore":182711,"dBefore":7140,"t":10812},{"ms":0,"shBefore":190591,"pinned":false,"stBefore":182711,"dBefore":7140,"t":10812},{"ms":12,"shBefore":190591,"pinned":false,"stBefore":182711,"dBefore":7140,"t":10824},{"ms":12,"shBefore":190591,"pinned":false,"stBefore":182711,"dBefore":7140,"t":10824}] ok=false
[2026-08-05T15:55:57.608Z] G2 resize[36] dfb=12270px pinned=false size=780x740 ok=false
[2026-08-05T15:55:57.810Z] G2 stream_append[46] dfb=5240px pinned=false (no imperative pin issued) engineDebugTail=[{"ms":12,"shBefore":190591,"pinned":false,"stBefore":182711,"dBefore":7140,"t":10824},{"ms":29,"shBefore":190695,"pinned":false,"stBefore":182711,"dBefore":12270,"t":11031},{"ms":0,"shBefore":195681,"pinned":false,"stBefore":182711,"dBefore":12270,"t":11031},{"ms":5,"shBefore":195681,"pinned":false,"stBefore":182711,"dBefore":12270,"t":11036},{"ms":5,"shBefore":195681,"pinned":false,"stBefore":182711,"dBefore":12270,"t":11036}] ok=false
[2026-08-05T15:55:57.811Z] G2 resize[37] dfb=5240px pinned=false size=740x700 ok=false
[2026-08-05T15:55:58.021Z] G2 stream_append[47] dfb=15684px pinned=false (no imperative pin issued) engineDebugTail=[{"ms":5,"shBefore":195681,"pinned":false,"stBefore":182711,"dBefore":12270,"t":11036},{"ms":29,"shBefore":195785,"pinned":false,"stBefore":182711,"dBefore":5240,"t":11234},{"ms":0,"shBefore":188711,"pinned":false,"stBefore":182711,"dBefore":5240,"t":11234},{"ms":8,"shBefore":188711,"pinned":false,"stBefore":182711,"dBefore":5240,"t":11242},{"ms":8,"shBefore":188711,"pinned":false,"stBefore":182711,"dBefore":5240,"t":11242}] ok=false
[2026-08-05T15:55:58.021Z] G2 resize[38] dfb=15684px pinned=false size=800x760 ok=false
[2026-08-05T15:55:58.197Z] G2 stream_append[48] dfb=15806px pinned=false (no imperative pin issued) engineDebugTail=[{"ms":8,"shBefore":188711,"pinned":false,"stBefore":182711,"dBefore":5240,"t":11242},{"ms":28,"shBefore":188815,"pinned":false,"stBefore":182711,"dBefore":15806,"t":11445},{"ms":0,"shBefore":199197,"pinned":false,"stBefore":182711,"dBefore":15806,"t":11445},{"ms":5.000000000001819,"shBefore":199197,"pinned":false,"stBefore":182711,"dBefore":15806,"t":11450.000000000002},{"ms":5.000000000001819,"shBefore":199197,"pinned":false,"stBefore":182711,"dBefore":15806,"t":11450.000000000002}] ok=false
[2026-08-05T15:55:58.198Z] G2 resize[39] dfb=15806px pinned=false size=720x680 ok=false
[2026-08-05T15:55:58.199Z] G2 stream_append[49] dfb=15806px pinned=false (no imperative pin issued) engineDebugTail=[{"ms":8,"shBefore":188711,"pinned":false,"stBefore":182711,"dBefore":5240,"t":11242},{"ms":28,"shBefore":188815,"pinned":false,"stBefore":182711,"dBefore":15806,"t":11445},{"ms":0,"shBefore":199197,"pinned":false,"stBefore":182711,"dBefore":15806,"t":11445},{"ms":5.000000000001819,"shBefore":199197,"pinned":false,"stBefore":182711,"dBefore":15806,"t":11450.000000000002},{"ms":5.000000000001819,"shBefore":199197,"pinned":false,"stBefore":182711,"dBefore":15806,"t":11450.000000000002}] ok=false
[2026-08-05T15:56:00.424Z] JS_ERR: JavaScript execution returned a result of an unsupported type
[2026-08-05T15:56:03.103Z] G2 evidence written: /Users/openclaw/projects/BeeChat-v5/Docs/Reviews/optionb/G2-evidence.md
[2026-08-05T15:56:03.103Z] === exit code=1 ===
[2026-08-05T15:56:58.032Z] === TranscriptSpike launch ===
[2026-08-05T15:56:58.032Z] date=2026-08-05T15:56:58.032Z
[2026-08-05T15:56:58.032Z] build=TranscriptSpike WP-0 2026-08-05
[2026-08-05T15:56:58.032Z] machine=Openclaw's Mac mini  macOS 26.5.1 arm64
[2026-08-05T15:56:58.032Z] dbPath=/Users/openclaw/Library/Application Support/BeeChat/BeeChat.sqlite
[2026-08-05T15:56:58.032Z] generalTopicID=491EA8D6-9527-4E71-89B4-D0A06DF3F49D
[2026-08-05T15:56:58.032Z] generalSessionKey=agent:main:491ea8d6-9527-4e71-89b4-d0a06df3f49d
[2026-08-05T15:56:58.033Z] operator=Q
[2026-08-05T15:56:58.033Z] gate=g2
[2026-08-05T15:56:58.035Z] messages_loaded=428 at 2026-08-05T15:56:58.035Z
[2026-08-05T15:56:58.255Z] webView didFinish navigation at 2026-08-05T15:56:58.255Z
[2026-08-05T15:56:59.858Z] G2 START — pre-registered criteria:
[2026-08-05T15:56:59.859Z] G2 criterion scroll_engine=route_plan_4.4 (pinned+ResizeObserver+50/120 hysteresis+window.resize)
[2026-08-05T15:56:59.860Z] G2 criterion pin_state_required=true throughout all measurement phases
[2026-08-05T15:56:59.860Z] G2 criterion distance_from_bottom_px_tolerance=4 (sub-frame; allows sub-pixel rounding)
[2026-08-05T15:56:59.861Z] G2 criterion streaming_append_count=50 at everyMs=200 (5fps for 10s)
[2026-08-05T15:56:59.862Z] G2 criterion late_image_count=10 at everyMs=500 (local PNG fixtures)
[2026-08-05T15:56:59.862Z] G2 criterion window_resize_duration_sec=10 at hz=4 cycling 5 sizes
[2026-08-05T15:56:59.862Z] G2 criterion bounce_probe_method=scroll_up_500px_then_inject_above_and_below_then_hold_10_frames_no_repin
[2026-08-05T15:56:59.863Z] G2 criterion bounce_probe_passes_only_if_pinned_state_remains_correct_under_stress
[2026-08-05T15:56:59.863Z] G2 criterion no_imperative_pinToBottom_during_measurement_phases (the scroll engine is the pin)
[2026-08-05T15:56:59.863Z] G2 criterion verdict_logic_evaluates_each_criterion_above_explicitly (E8 compliance)
[2026-08-05T15:56:59.994Z] JS[consoleLog]: ERROR: Script error.
[2026-08-05T15:57:00.083Z] G2 stream_append[0] dfb=104px pinned=true (no imperative pin issued) engineDebugTail=[{"pinned":false,"t":103.00000000000001,"shBefore":187839,"dBefore":187119,"userScrolledUp":true,"ms":11.000000000000014,"stBefore":0},{"pinned":false,"t":103.00000000000001,"shBefore":187839,"dBefore":187119,"userScrolledUp":true,"ms":11.000000000000014,"stBefore":0},{"shAfter":187943,"t":1688,"shBefore":187943,"dBefore":104,"stAfter":187223,"ms":35,"dAfter":0,"pinned":true,"userScrolledUp":false,"stBefore":187119,"lastPinTransition":1671},{"shAfter":188026,"t":1771.0000000000002,"shBefore":188002,"dBefore":83,"stAfter":187306,"ms":32.000000000000227,"dAfter":0,"pinned":true,"userScrolledUp":false,"stBefore":187223,"lastPinTransition":1755.0000000000002},{"shAfter":188026,"t":1788,"shBefore":188026,"dBefore":0,"stAfter":187306,"ms":32.999999999999773,"dAfter":0,"pinned":true,"userScrolledUp":false,"stBefore":187306,"lastPinTransition":1771.0000000000002}] ok=false
[2026-08-05T15:57:00.083Z] G2 resize[0] dfb=104px pinned=true size=760x720 ok=false
[2026-08-05T15:57:00.279Z] G2 stream_append[1] dfb=104px pinned=true (no imperative pin issued) engineDebugTail=[{"shAfter":188026,"t":1788,"shBefore":188026,"dBefore":0,"stAfter":187306,"ms":32.999999999999773,"dAfter":0,"pinned":true,"userScrolledUp":false,"stBefore":187306,"lastPinTransition":1771.0000000000002},{"shAfter":188130,"t":1855,"shBefore":188130,"dBefore":104,"stAfter":187410,"ms":23,"dAfter":0,"pinned":true,"userScrolledUp":false,"stBefore":187306,"lastPinTransition":1838},{"shAfter":185268,"t":1921,"shBefore":185268,"dBefore":0,"stAfter":184528,"ms":4,"dAfter":0,"pinned":true,"userScrolledUp":false,"stBefore":184528,"lastPinTransition":1917},{"shAfter":185268,"t":1938,"shBefore":185268,"dBefore":0,"stAfter":184528,"ms":21,"dAfter":0,"pinned":true,"userScrolledUp":false,"stBefore":184528,"lastPinTransition":1921},{"shAfter":185268,"t":1938,"shBefore":185268,"dBefore":0,"stAfter":184528,"ms":21,"dAfter":0,"pinned":true,"userScrolledUp":false,"stBefore":184528,"lastPinTransition":1921}] ok=false
[2026-08-05T15:57:00.350Z] G2 resize[1] dfb=0px pinned=true size=780x740 ok=true
[2026-08-05T15:57:00.490Z] G2 stream_append[2] dfb=5189px pinned=false (no imperative pin issued) engineDebugTail=[{"shAfter":185268,"t":1938,"shBefore":185268,"dBefore":0,"stAfter":184528,"ms":21,"dAfter":0,"pinned":true,"userScrolledUp":false,"stBefore":184528,"lastPinTransition":1921},{"shAfter":185372,"t":2072,"shBefore":185372,"dBefore":104,"stAfter":184632,"ms":40,"dAfter":0,"pinned":true,"userScrolledUp":false,"stBefore":184528,"lastPinTransition":2055},{"pinned":false,"t":2184,"shBefore":190358,"dBefore":5026,"userScrolledUp":true,"ms":0,"stBefore":184632},{"pinned":false,"t":2188,"shBefore":190358,"dBefore":5026,"userScrolledUp":true,"ms":4,"stBefore":184632},{"pinned":false,"t":2188,"shBefore":190358,"dBefore":5026,"userScrolledUp":true,"ms":4,"stBefore":184632}] ok=false
[2026-08-05T15:57:00.491Z] JS[consoleLog]: ERROR: Script error.
[2026-08-05T15:57:00.612Z] G2 image_inject[0] dfb=5213px pinned=false url=g2-img-0.png ok=false
[2026-08-05T15:57:00.613Z] G2 resize[2] dfb=5213px pinned=false size=740x700 ok=false
[2026-08-05T15:57:00.707Z] G2 stream_append[3] dfb=104px pinned=false (no imperative pin issued) engineDebugTail=[{"pinned":false,"t":2184,"shBefore":190358,"dBefore":5026,"userScrolledUp":true,"ms":0,"stBefore":184632},{"pinned":false,"t":2188,"shBefore":190358,"dBefore":5026,"userScrolledUp":true,"ms":4,"stBefore":184632},{"pinned":false,"t":2188,"shBefore":190358,"dBefore":5026,"userScrolledUp":true,"ms":4,"stBefore":184632},{"pinned":false,"t":2255,"shBefore":190521,"dBefore":5213,"userScrolledUp":true,"ms":11,"stBefore":184632},{"pinned":false,"t":2272.0000000000005,"shBefore":190545,"dBefore":5213,"userScrolledUp":true,"ms":17.000000000000455,"stBefore":184632}] ok=false
[2026-08-05T15:57:00.910Z] G2 resize[3] dfb=9864px pinned=false size=800x760 ok=false
[2026-08-05T15:57:00.910Z] G2 stream_append[4] dfb=9864px pinned=false (no imperative pin issued) engineDebugTail=[{"pinned":false,"t":2255,"shBefore":190521,"dBefore":5213,"userScrolledUp":true,"ms":11,"stBefore":184632},{"pinned":false,"t":2272.0000000000005,"shBefore":190545,"dBefore":5213,"userScrolledUp":true,"ms":17.000000000000455,"stBefore":184632},{"pinned":false,"t":2460,"shBefore":183575,"dBefore":104,"userScrolledUp":true,"ms":0,"stBefore":182711},{"pinned":false,"t":2466,"shBefore":183575,"dBefore":104,"userScrolledUp":true,"ms":6,"stBefore":182711},{"pinned":false,"t":2466,"shBefore":183575,"dBefore":104,"userScrolledUp":true,"ms":6,"stBefore":182711}] ok=false
[2026-08-05T15:57:01.050Z] JS[consoleLog]: ERROR: Script error.
[2026-08-05T15:57:01.086Z] G2 stream_append[5] dfb=10051px pinned=false (no imperative pin issued) engineDebugTail=[{"pinned":false,"t":2663.0000000000005,"shBefore":193255,"dBefore":9864,"userScrolledUp":true,"ms":0,"stBefore":182711},{"pinned":false,"t":2672,"shBefore":193255,"dBefore":9864,"userScrolledUp":true,"ms":8.9999999999995453,"stBefore":182711},{"pinned":false,"t":2672,"shBefore":193255,"dBefore":9864,"userScrolledUp":true,"ms":8.9999999999995453,"stBefore":182711},{"pinned":false,"t":2805,"shBefore":193334,"dBefore":9947,"userScrolledUp":true,"ms":3,"stBefore":182711},{"pinned":false,"t":2822,"shBefore":193338,"dBefore":9947,"userScrolledUp":true,"ms":17,"stBefore":182711}] ok=false
[2026-08-05T15:57:01.087Z] G2 resize[4] dfb=10051px pinned=false size=720x680 ok=false
[2026-08-05T15:57:01.132Z] G2 image_inject[1] dfb=10051px pinned=false url=g2-img-1.png ok=false
[2026-08-05T15:57:01.295Z] G2 stream_append[6] dfb=5489px pinned=false (no imperative pin issued) engineDebugTail=[{"pinned":false,"t":2856,"shBefore":193442,"dBefore":10051,"userScrolledUp":true,"ms":17,"stBefore":182711},{"pinned":false,"t":2911,"shBefore":188816,"dBefore":5385,"userScrolledUp":true,"ms":0,"stBefore":182711},{"pinned":false,"t":2917.0000000000005,"shBefore":188816,"dBefore":5385,"userScrolledUp":true,"ms":6.0000000000004547,"stBefore":182711},{"pinned":false,"t":2917.0000000000005,"shBefore":188816,"dBefore":5385,"userScrolledUp":true,"ms":6.0000000000004547,"stBefore":182711},{"pinned":false,"t":3039,"shBefore":188920,"dBefore":5489,"userScrolledUp":true,"ms":6,"stBefore":182711}] ok=false
[2026-08-05T15:57:01.343Z] G2 resize[5] dfb=5489px pinned=false size=760x720 ok=false
[2026-08-05T15:57:01.496Z] G2 stream_append[7] dfb=2770px pinned=false (no imperative pin issued) engineDebugTail=[{"pinned":false,"t":2856,"shBefore":193442,"dBefore":10051,"userScrolledUp":true,"ms":17,"stBefore":182711},{"pinned":false,"t":2911,"shBefore":188816,"dBefore":5385,"userScrolledUp":true,"ms":0,"stBefore":182711},{"pinned":false,"t":2917.0000000000005,"shBefore":188816,"dBefore":5385,"userScrolledUp":true,"ms":6.0000000000004547,"stBefore":182711},{"pinned":false,"t":2917.0000000000005,"shBefore":188816,"dBefore":5385,"userScrolledUp":true,"ms":6.0000000000004547,"stBefore":182711},{"pinned":false,"t":3039,"shBefore":188920,"dBefore":5489,"userScrolledUp":true,"ms":6,"stBefore":182711}] ok=false
[2026-08-05T15:57:01.501Z] JS[consoleLog]: ERROR: Script error.
[2026-08-05T15:57:01.709Z] G2 image_inject[2] dfb=7820px pinned=false url=g2-img-2.png ok=false
[2026-08-05T15:57:01.710Z] G2 resize[6] dfb=7924px pinned=false size=780x740 ok=false
[2026-08-05T15:57:01.710Z] G2 stream_append[8] dfb=7924px pinned=false (no imperative pin issued) engineDebugTail=[{"pinned":false,"t":3039,"shBefore":188920,"dBefore":5489,"userScrolledUp":true,"ms":6,"stBefore":182711},{"pinned":false,"t":3249,"shBefore":186221,"dBefore":2770,"userScrolledUp":true,"ms":0,"stBefore":182711},{"pinned":false,"t":3256,"shBefore":186221,"dBefore":2794,"userScrolledUp":true,"ms":7,"stBefore":182711},{"pinned":false,"t":3256,"shBefore":186221,"dBefore":2794,"userScrolledUp":true,"ms":7,"stBefore":182711},{"pinned":false,"t":3272.0000000000005,"shBefore":186245,"dBefore":2794,"userScrolledUp":true,"ms":16.000000000000455,"stBefore":182711}] ok=false
[2026-08-05T15:57:01.910Z] G2 resize[7] dfb=894px pinned=false size=740x700 ok=false
[2026-08-05T15:57:01.910Z] G2 stream_append[9] dfb=894px pinned=false (no imperative pin issued) engineDebugTail=[{"pinned":false,"t":3256,"shBefore":186221,"dBefore":2794,"userScrolledUp":true,"ms":7,"stBefore":182711},{"pinned":false,"t":3272.0000000000005,"shBefore":186245,"dBefore":2794,"userScrolledUp":true,"ms":16.000000000000455,"stBefore":182711},{"pinned":false,"t":3463,"shBefore":191335,"dBefore":7924,"userScrolledUp":true,"ms":0,"stBefore":182711},{"pinned":false,"t":3469,"shBefore":191335,"dBefore":7924,"userScrolledUp":true,"ms":6,"stBefore":182711},{"pinned":false,"t":3469,"shBefore":191335,"dBefore":7924,"userScrolledUp":true,"ms":6,"stBefore":182711}] ok=false
[2026-08-05T15:57:02.086Z] G2 stream_append[10] dfb=1057px pinned=false (no imperative pin issued) engineDebugTail=[{"pinned":false,"t":3469,"shBefore":191335,"dBefore":7924,"userScrolledUp":true,"ms":6,"stBefore":182711},{"pinned":false,"t":3664,"shBefore":191439,"dBefore":894,"userScrolledUp":true,"ms":30,"stBefore":182711},{"pinned":false,"t":3664,"shBefore":184365,"dBefore":894,"userScrolledUp":true,"ms":0,"stBefore":182711},{"pinned":false,"t":3672,"shBefore":184365,"dBefore":894,"userScrolledUp":true,"ms":8,"stBefore":182711},{"pinned":false,"t":3672,"shBefore":184365,"dBefore":894,"userScrolledUp":true,"ms":8,"stBefore":182711}] ok=false
[2026-08-05T15:57:02.087Z] G2 resize[8] dfb=1057px pinned=false size=800x760 ok=false
[2026-08-05T15:57:02.088Z] JS[consoleLog]: ERROR: Script error.
[2026-08-05T15:57:02.133Z] G2 image_inject[3] dfb=1081px pinned=false url=g2-img-3.png ok=false
[2026-08-05T15:57:02.295Z] G2 stream_append[11] dfb=10877px pinned=false (no imperative pin issued) engineDebugTail=[{"pinned":false,"t":3857,"shBefore":184528,"dBefore":1081,"userScrolledUp":true,"ms":18,"stBefore":182711},{"pinned":false,"t":3873,"shBefore":184552,"dBefore":1081,"userScrolledUp":true,"ms":16,"stBefore":182711},{"pinned":false,"t":3912,"shBefore":194146,"dBefore":10755,"userScrolledUp":true,"ms":1,"stBefore":182711},{"pinned":false,"t":3917.0000000000005,"shBefore":194146,"dBefore":10755,"userScrolledUp":true,"ms":5.0000000000004547,"stBefore":182711},{"pinned":false,"t":3917.0000000000005,"shBefore":194146,"dBefore":10755,"userScrolledUp":true,"ms":5.0000000000004547,"stBefore":182711}] ok=false
[2026-08-05T15:57:02.344Z] G2 resize[9] dfb=10877px pinned=false size=720x680 ok=false
[2026-08-05T15:57:02.528Z] G2 stream_append[12] dfb=6338px pinned=false (no imperative pin issued) engineDebugTail=[{"pinned":false,"t":3873,"shBefore":184552,"dBefore":1081,"userScrolledUp":true,"ms":16,"stBefore":182711},{"pinned":false,"t":3912,"shBefore":194146,"dBefore":10755,"userScrolledUp":true,"ms":1,"stBefore":182711},{"pinned":false,"t":3917.0000000000005,"shBefore":194146,"dBefore":10755,"userScrolledUp":true,"ms":5.0000000000004547,"stBefore":182711},{"pinned":false,"t":3917.0000000000005,"shBefore":194146,"dBefore":10755,"userScrolledUp":true,"ms":5.0000000000004547,"stBefore":182711},{"pinned":false,"t":4056,"shBefore":194268,"dBefore":10877,"userScrolledUp":true,"ms":6.9999999999995453,"stBefore":182711}] ok=false
[2026-08-05T15:57:02.533Z] JS[consoleLog]: ERROR: Script error.
[2026-08-05T15:57:02.741Z] G2 image_inject[4] dfb=3584px pinned=false url=g2-img-4.png ok=false
[2026-08-05T15:57:02.742Z] G2 resize[10] dfb=3584px pinned=false size=760x720 ok=false
[2026-08-05T15:57:02.742Z] G2 stream_append[13] dfb=3584px pinned=false (no imperative pin issued) engineDebugTail=[{"pinned":false,"t":4056,"shBefore":194268,"dBefore":10877,"userScrolledUp":true,"ms":6.9999999999995453,"stBefore":182711},{"pinned":false,"t":4281,"shBefore":189769,"dBefore":6338,"userScrolledUp":true,"ms":0,"stBefore":182711},{"pinned":false,"t":4287,"shBefore":189769,"dBefore":6362,"userScrolledUp":true,"ms":6,"stBefore":182711},{"pinned":false,"t":4287,"shBefore":189769,"dBefore":6362,"userScrolledUp":true,"ms":6,"stBefore":182711},{"pinned":false,"t":4290,"shBefore":189793,"dBefore":6362,"userScrolledUp":true,"ms":3,"stBefore":182711}] ok=false
[2026-08-05T15:57:02.950Z] G2 resize[11] dfb=8714px pinned=false size=780x740 ok=false
[2026-08-05T15:57:02.950Z] G2 stream_append[14] dfb=8714px pinned=false (no imperative pin issued) engineDebugTail=[{"pinned":false,"t":4287,"shBefore":189769,"dBefore":6362,"userScrolledUp":true,"ms":6,"stBefore":182711},{"pinned":false,"t":4290,"shBefore":189793,"dBefore":6362,"userScrolledUp":true,"ms":3,"stBefore":182711},{"pinned":false,"t":4495,"shBefore":187035,"dBefore":3584,"userScrolledUp":true,"ms":0,"stBefore":182711},{"pinned":false,"t":4502,"shBefore":187035,"dBefore":3584,"userScrolledUp":true,"ms":7,"stBefore":182711},{"pinned":false,"t":4502,"shBefore":187035,"dBefore":3584,"userScrolledUp":true,"ms":7,"stBefore":182711}] ok=false
[2026-08-05T15:57:03.134Z] G2 image_inject[5] dfb=8877px pinned=false url=g2-img-5.png ok=false
[2026-08-05T15:57:03.134Z] G2 stream_append[15] dfb=8877px pinned=false (no imperative pin issued) engineDebugTail=[{"pinned":false,"t":4502,"shBefore":187035,"dBefore":3584,"userScrolledUp":true,"ms":7,"stBefore":182711},{"pinned":false,"t":4704,"shBefore":187139,"dBefore":8714,"userScrolledUp":true,"ms":26.999999999999091,"stBefore":182711},{"pinned":false,"t":4704,"shBefore":192125,"dBefore":8714,"userScrolledUp":true,"ms":0,"stBefore":182711},{"pinned":false,"t":4709.0000000000009,"shBefore":192125,"dBefore":8714,"userScrolledUp":true,"ms":5.0000000000009095,"stBefore":182711},{"pinned":false,"t":4709.0000000000009,"shBefore":192125,"dBefore":8714,"userScrolledUp":true,"ms":5.0000000000009095,"stBefore":182711}] ok=false
[2026-08-05T15:57:03.135Z] G2 resize[12] dfb=8877px pinned=false size=740x700 ok=false
[2026-08-05T15:57:03.168Z] JS[consoleLog]: ERROR: Script error.
[2026-08-05T15:57:03.336Z] G2 stream_append[16] dfb=1871px pinned=false (no imperative pin issued) engineDebugTail=[{"pinned":false,"t":4914,"shBefore":192288,"dBefore":1763,"userScrolledUp":true,"ms":27,"stBefore":182711},{"pinned":false,"t":4914,"shBefore":185234,"dBefore":1763,"userScrolledUp":true,"ms":0,"stBefore":182711},{"pinned":false,"t":4924,"shBefore":185234,"dBefore":1767,"userScrolledUp":true,"ms":10,"stBefore":182711},{"pinned":false,"t":4924,"shBefore":185234,"dBefore":1767,"userScrolledUp":true,"ms":10,"stBefore":182711},{"pinned":false,"t":4940,"shBefore":185238,"dBefore":1767,"userScrolledUp":true,"ms":16,"stBefore":182711}] ok=false
[2026-08-05T15:57:03.336Z] G2 resize[13] dfb=1871px pinned=false size=800x760 ok=false
[2026-08-05T15:57:03.578Z] G2 stream_append[17] dfb=11834px pinned=false (no imperative pin issued) engineDebugTail=[{"pinned":false,"t":4914,"shBefore":185234,"dBefore":1763,"userScrolledUp":true,"ms":0,"stBefore":182711},{"pinned":false,"t":4924,"shBefore":185234,"dBefore":1767,"userScrolledUp":true,"ms":10,"stBefore":182711},{"pinned":false,"t":4924,"shBefore":185234,"dBefore":1767,"userScrolledUp":true,"ms":10,"stBefore":182711},{"pinned":false,"t":4940,"shBefore":185238,"dBefore":1767,"userScrolledUp":true,"ms":16,"stBefore":182711},{"pinned":false,"t":5108.0000000000009,"shBefore":185342,"dBefore":1871,"userScrolledUp":true,"ms":19.000000000000909,"stBefore":182711}] ok=false
[2026-08-05T15:57:03.582Z] JS[consoleLog]: ERROR: Script error.
[2026-08-05T15:57:03.792Z] G2 image_inject[6] dfb=7152px pinned=false url=g2-img-6.png ok=false
[2026-08-05T15:57:03.792Z] G2 resize[14] dfb=7152px pinned=false size=720x680 ok=false
[2026-08-05T15:57:03.793Z] G2 stream_append[18] dfb=7152px pinned=false (no imperative pin issued) engineDebugTail=[{"pinned":false,"t":5108.0000000000009,"shBefore":185342,"dBefore":1871,"userScrolledUp":true,"ms":19.000000000000909,"stBefore":182711},{"pinned":false,"t":5331,"shBefore":195225,"dBefore":11834,"userScrolledUp":true,"ms":0,"stBefore":182711},{"pinned":false,"t":5336,"shBefore":195225,"dBefore":11858,"userScrolledUp":true,"ms":5,"stBefore":182711},{"pinned":false,"t":5336,"shBefore":195225,"dBefore":11858,"userScrolledUp":true,"ms":5,"stBefore":182711},{"pinned":false,"t":5341,"shBefore":195249,"dBefore":11858,"userScrolledUp":true,"ms":5,"stBefore":182711}] ok=false
[2026-08-05T15:57:03.991Z] G2 resize[15] dfb=4374px pinned=false size=760x720 ok=false
[2026-08-05T15:57:03.992Z] G2 stream_append[19] dfb=4374px pinned=false (no imperative pin issued) engineDebugTail=[{"pinned":false,"t":5336,"shBefore":195225,"dBefore":11858,"userScrolledUp":true,"ms":5,"stBefore":182711},{"pinned":false,"t":5341,"shBefore":195249,"dBefore":11858,"userScrolledUp":true,"ms":5,"stBefore":182711},{"pinned":false,"t":5545,"shBefore":190583,"dBefore":7152,"userScrolledUp":true,"ms":0,"stBefore":182711},{"pinned":false,"t":5551,"shBefore":190583,"dBefore":7152,"userScrolledUp":true,"ms":6,"stBefore":182711},{"pinned":false,"t":5551,"shBefore":190583,"dBefore":7152,"userScrolledUp":true,"ms":6,"stBefore":182711}] ok=false
[2026-08-05T15:57:04.201Z] G2 image_inject[7] dfb=9563px pinned=false url=g2-img-7.png ok=false
[2026-08-05T15:57:04.201Z] G2 stream_append[20] dfb=9563px pinned=false (no imperative pin issued) engineDebugTail=[{"pinned":false,"t":5551,"shBefore":190583,"dBefore":7152,"userScrolledUp":true,"ms":6,"stBefore":182711},{"pinned":false,"t":5745,"shBefore":190687,"dBefore":4374,"userScrolledUp":true,"ms":26,"stBefore":182711},{"pinned":false,"t":5745,"shBefore":187825,"dBefore":4374,"userScrolledUp":true,"ms":0,"stBefore":182711},{"pinned":false,"t":5752,"shBefore":187825,"dBefore":4374,"userScrolledUp":true,"ms":7,"stBefore":182711},{"pinned":false,"t":5752,"shBefore":187825,"dBefore":4374,"userScrolledUp":true,"ms":7,"stBefore":182711}] ok=false
[2026-08-05T15:57:04.202Z] G2 resize[16] dfb=9563px pinned=false size=780x740 ok=false
[2026-08-05T15:57:04.205Z] JS[consoleLog]: ERROR: Script error.
[2026-08-05T15:57:04.384Z] G2 stream_append[21] dfb=9691px pinned=false (no imperative pin issued) engineDebugTail=[{"pinned":false,"t":5752,"shBefore":187825,"dBefore":4374,"userScrolledUp":true,"ms":7,"stBefore":182711},{"pinned":false,"t":5955,"shBefore":192994,"dBefore":9583,"userScrolledUp":true,"ms":0,"stBefore":182711},{"pinned":false,"t":5975.0000000000009,"shBefore":192994,"dBefore":9587,"userScrolledUp":true,"ms":20.000000000000909,"stBefore":182711},{"pinned":false,"t":5975.0000000000009,"shBefore":192994,"dBefore":9587,"userScrolledUp":true,"ms":20.000000000000909,"stBefore":182711},{"pinned":false,"t":5991.0000000000009,"shBefore":192998,"dBefore":9587,"userScrolledUp":true,"ms":16,"stBefore":182711}] ok=false
[2026-08-05T15:57:04.384Z] G2 resize[17] dfb=9691px pinned=false size=740x700 ok=false
[2026-08-05T15:57:04.588Z] G2 stream_append[22] dfb=2720px pinned=false (no imperative pin issued) engineDebugTail=[{"pinned":false,"t":5975.0000000000009,"shBefore":192994,"dBefore":9587,"userScrolledUp":true,"ms":20.000000000000909,"stBefore":182711},{"pinned":false,"t":5991.0000000000009,"shBefore":192998,"dBefore":9587,"userScrolledUp":true,"ms":16,"stBefore":182711},{"pinned":false,"t":6162,"shBefore":186028,"dBefore":2557,"userScrolledUp":true,"ms":0,"stBefore":182711},{"pinned":false,"t":6175,"shBefore":186028,"dBefore":2557,"userScrolledUp":true,"ms":13,"stBefore":182711},{"pinned":false,"t":6175,"shBefore":186028,"dBefore":2557,"userScrolledUp":true,"ms":13,"stBefore":182711}] ok=false
[2026-08-05T15:57:04.589Z] G2 resize[18] dfb=2720px pinned=false size=800x760 ok=false
[2026-08-05T15:57:04.589Z] JS[consoleLog]: ERROR: Script error.
[2026-08-05T15:57:04.828Z] G2 image_inject[8] dfb=12756px pinned=false url=g2-img-8.png ok=false
[2026-08-05T15:57:04.829Z] G2 stream_append[23] dfb=12756px pinned=false (no imperative pin issued) engineDebugTail=[{"pinned":false,"t":6162,"shBefore":186028,"dBefore":2557,"userScrolledUp":true,"ms":0,"stBefore":182711},{"pinned":false,"t":6175,"shBefore":186028,"dBefore":2557,"userScrolledUp":true,"ms":13,"stBefore":182711},{"pinned":false,"t":6175,"shBefore":186028,"dBefore":2557,"userScrolledUp":true,"ms":13,"stBefore":182711},{"pinned":false,"t":6357,"shBefore":186191,"dBefore":2744,"userScrolledUp":true,"ms":16,"stBefore":182711},{"pinned":false,"t":6375,"shBefore":186215,"dBefore":2744,"userScrolledUp":true,"ms":18,"stBefore":182711}] ok=false
[2026-08-05T15:57:05.030Z] G2 resize[19] dfb=7942px pinned=false size=720x680 ok=false
[2026-08-05T15:57:05.030Z] G2 stream_append[24] dfb=7942px pinned=false (no imperative pin issued) engineDebugTail=[{"pinned":false,"t":6357,"shBefore":186191,"dBefore":2744,"userScrolledUp":true,"ms":16,"stBefore":182711},{"pinned":false,"t":6375,"shBefore":186215,"dBefore":2744,"userScrolledUp":true,"ms":18,"stBefore":182711},{"pinned":false,"t":6582,"shBefore":196147,"dBefore":12756,"userScrolledUp":true,"ms":0,"stBefore":182711},{"pinned":false,"t":6587,"shBefore":196147,"dBefore":12756,"userScrolledUp":true,"ms":5,"stBefore":182711},{"pinned":false,"t":6587,"shBefore":196147,"dBefore":12756,"userScrolledUp":true,"ms":5,"stBefore":182711}] ok=false
[2026-08-05T15:57:05.227Z] G2 image_inject[9] dfb=5164px pinned=false url=g2-img-9.png ok=false
[2026-08-05T15:57:05.228Z] G2 stream_append[25] dfb=5164px pinned=false (no imperative pin issued) engineDebugTail=[{"pinned":false,"t":6587,"shBefore":196147,"dBefore":12756,"userScrolledUp":true,"ms":5,"stBefore":182711},{"pinned":false,"t":6784,"shBefore":196269,"dBefore":7942,"userScrolledUp":true,"ms":28,"stBefore":182711},{"pinned":false,"t":6784,"shBefore":191373,"dBefore":7942,"userScrolledUp":true,"ms":0,"stBefore":182711},{"pinned":false,"t":6792,"shBefore":191373,"dBefore":7942,"userScrolledUp":true,"ms":8,"stBefore":182711},{"pinned":false,"t":6792,"shBefore":191373,"dBefore":7942,"userScrolledUp":true,"ms":8,"stBefore":182711}] ok=false
[2026-08-05T15:57:05.228Z] G2 resize[20] dfb=5164px pinned=false size=760x720 ok=false
[2026-08-05T15:57:05.427Z] G2 stream_append[26] dfb=10294px pinned=false (no imperative pin issued) engineDebugTail=[{"pinned":false,"t":6792,"shBefore":191373,"dBefore":7942,"userScrolledUp":true,"ms":8,"stBefore":182711},{"pinned":false,"t":6981,"shBefore":191477,"dBefore":5164,"userScrolledUp":true,"ms":28,"stBefore":182711},{"pinned":false,"t":6981,"shBefore":188615,"dBefore":5164,"userScrolledUp":true,"ms":0,"stBefore":182711},{"pinned":false,"t":6988,"shBefore":188615,"dBefore":5164,"userScrolledUp":true,"ms":7,"stBefore":182711},{"pinned":false,"t":6988,"shBefore":188615,"dBefore":5164,"userScrolledUp":true,"ms":7,"stBefore":182711}] ok=false
[2026-08-05T15:57:05.427Z] G2 resize[21] dfb=10294px pinned=false size=780x740 ok=false
[2026-08-05T15:57:05.616Z] G2 stream_append[27] dfb=10398px pinned=false (no imperative pin issued) engineDebugTail=[{"pinned":false,"t":6988,"shBefore":188615,"dBefore":5164,"userScrolledUp":true,"ms":7,"stBefore":182711},{"pinned":false,"t":7180,"shBefore":188719,"dBefore":10294,"userScrolledUp":true,"ms":23.999999999999091,"stBefore":182711},{"pinned":false,"t":7180,"shBefore":193705,"dBefore":10294,"userScrolledUp":true,"ms":0,"stBefore":182711},{"pinned":false,"t":7192,"shBefore":193705,"dBefore":10294,"userScrolledUp":true,"ms":12,"stBefore":182711},{"pinned":false,"t":7192,"shBefore":193705,"dBefore":10294,"userScrolledUp":true,"ms":12,"stBefore":182711}] ok=false
[2026-08-05T15:57:05.616Z] G2 resize[22] dfb=10398px pinned=false size=740x700 ok=false
[2026-08-05T15:57:05.850Z] G2 stream_append[28] dfb=3368px pinned=false (no imperative pin issued) engineDebugTail=[{"pinned":false,"t":7180,"shBefore":188719,"dBefore":10294,"userScrolledUp":true,"ms":23.999999999999091,"stBefore":182711},{"pinned":false,"t":7180,"shBefore":193705,"dBefore":10294,"userScrolledUp":true,"ms":0,"stBefore":182711},{"pinned":false,"t":7192,"shBefore":193705,"dBefore":10294,"userScrolledUp":true,"ms":12,"stBefore":182711},{"pinned":false,"t":7192,"shBefore":193705,"dBefore":10294,"userScrolledUp":true,"ms":12,"stBefore":182711},{"pinned":false,"t":7374.0000000000009,"shBefore":193809,"dBefore":10398,"userScrolledUp":true,"ms":5.0000000000009095,"stBefore":182711}] ok=false
[2026-08-05T15:57:06.049Z] G2 resize[23] dfb=13488px pinned=false size=800x760 ok=false
[2026-08-05T15:57:06.049Z] G2 stream_append[29] dfb=13488px pinned=false (no imperative pin issued) engineDebugTail=[{"pinned":false,"t":7192,"shBefore":193705,"dBefore":10294,"userScrolledUp":true,"ms":12,"stBefore":182711},{"pinned":false,"t":7374.0000000000009,"shBefore":193809,"dBefore":10398,"userScrolledUp":true,"ms":5.0000000000009095,"stBefore":182711},{"pinned":false,"t":7603,"shBefore":186839,"dBefore":3368,"userScrolledUp":true,"ms":0,"stBefore":182711},{"pinned":false,"t":7611,"shBefore":186839,"dBefore":3368,"userScrolledUp":true,"ms":8,"stBefore":182711},{"pinned":false,"t":7611,"shBefore":186839,"dBefore":3368,"userScrolledUp":true,"ms":8,"stBefore":182711}] ok=false
[2026-08-05T15:57:06.243Z] G2 stream_append[30] dfb=8566px pinned=false (no imperative pin issued) engineDebugTail=[{"pinned":false,"t":7611,"shBefore":186839,"dBefore":3368,"userScrolledUp":true,"ms":8,"stBefore":182711},{"pinned":false,"t":7802.0000000000009,"shBefore":186943,"dBefore":13488,"userScrolledUp":true,"ms":28.000000000000909,"stBefore":182711},{"pinned":false,"t":7802.0000000000009,"shBefore":196879,"dBefore":13488,"userScrolledUp":true,"ms":0,"stBefore":182711},{"pinned":false,"t":7809,"shBefore":196879,"dBefore":13488,"userScrolledUp":true,"ms":6.9999999999990905,"stBefore":182711},{"pinned":false,"t":7809,"shBefore":196879,"dBefore":13488,"userScrolledUp":true,"ms":6.9999999999990905,"stBefore":182711}] ok=false
[2026-08-05T15:57:06.244Z] G2 resize[24] dfb=8566px pinned=false size=720x680 ok=false
[2026-08-05T15:57:06.441Z] G2 stream_append[31] dfb=5788px pinned=false (no imperative pin issued) engineDebugTail=[{"pinned":false,"t":7809,"shBefore":196879,"dBefore":13488,"userScrolledUp":true,"ms":6.9999999999990905,"stBefore":182711},{"pinned":false,"t":7997,"shBefore":197001,"dBefore":8566,"userScrolledUp":true,"ms":26,"stBefore":182711},{"pinned":false,"t":7997,"shBefore":191997,"dBefore":8566,"userScrolledUp":true,"ms":0,"stBefore":182711},{"pinned":false,"t":8002.0000000000009,"shBefore":191997,"dBefore":8566,"userScrolledUp":true,"ms":5.0000000000009095,"stBefore":182711},{"pinned":false,"t":8002.0000000000009,"shBefore":191997,"dBefore":8566,"userScrolledUp":true,"ms":5.0000000000009095,"stBefore":182711}] ok=false
[2026-08-05T15:57:06.442Z] G2 resize[25] dfb=5788px pinned=false size=760x720 ok=false
[2026-08-05T15:57:06.635Z] G2 stream_append[32] dfb=5892px pinned=false (no imperative pin issued) engineDebugTail=[{"pinned":false,"t":8002.0000000000009,"shBefore":191997,"dBefore":8566,"userScrolledUp":true,"ms":5.0000000000009095,"stBefore":182711},{"pinned":false,"t":8195,"shBefore":192101,"dBefore":5788,"userScrolledUp":true,"ms":22,"stBefore":182711},{"pinned":false,"t":8195,"shBefore":189239,"dBefore":5788,"userScrolledUp":true,"ms":0,"stBefore":182711},{"pinned":false,"t":8201,"shBefore":189239,"dBefore":5788,"userScrolledUp":true,"ms":6,"stBefore":182711},{"pinned":false,"t":8201,"shBefore":189239,"dBefore":5788,"userScrolledUp":true,"ms":6,"stBefore":182711}] ok=false
[2026-08-05T15:57:06.636Z] G2 resize[26] dfb=5892px pinned=false size=780x740 ok=false
[2026-08-05T15:57:06.847Z] G2 stream_append[33] dfb=11022px pinned=false (no imperative pin issued) engineDebugTail=[{"pinned":false,"t":8201,"shBefore":189239,"dBefore":5788,"userScrolledUp":true,"ms":6,"stBefore":182711},{"pinned":false,"t":8415.0000000000018,"shBefore":189343,"dBefore":10918,"userScrolledUp":true,"ms":29,"stBefore":182711},{"pinned":false,"t":8415.0000000000018,"shBefore":194329,"dBefore":10918,"userScrolledUp":true,"ms":0,"stBefore":182711},{"pinned":false,"t":8420,"shBefore":194329,"dBefore":10918,"userScrolledUp":true,"ms":4.999999999998181,"stBefore":182711},{"pinned":false,"t":8420,"shBefore":194329,"dBefore":10918,"userScrolledUp":true,"ms":4.999999999998181,"stBefore":182711}] ok=false
[2026-08-05T15:57:06.848Z] G2 resize[27] dfb=11022px pinned=false size=740x700 ok=false
[2026-08-05T15:57:07.070Z] G2 stream_append[34] dfb=3992px pinned=false (no imperative pin issued) engineDebugTail=[{"pinned":false,"t":8415.0000000000018,"shBefore":189343,"dBefore":10918,"userScrolledUp":true,"ms":29,"stBefore":182711},{"pinned":false,"t":8415.0000000000018,"shBefore":194329,"dBefore":10918,"userScrolledUp":true,"ms":0,"stBefore":182711},{"pinned":false,"t":8420,"shBefore":194329,"dBefore":10918,"userScrolledUp":true,"ms":4.999999999998181,"stBefore":182711},{"pinned":false,"t":8420,"shBefore":194329,"dBefore":10918,"userScrolledUp":true,"ms":4.999999999998181,"stBefore":182711},{"pinned":false,"t":8610,"shBefore":194433,"dBefore":11022,"userScrolledUp":true,"ms":10,"stBefore":182711}] ok=false
[2026-08-05T15:57:07.272Z] G2 stream_append[35] dfb=14220px pinned=false (no imperative pin issued) engineDebugTail=[{"pinned":false,"t":8610,"shBefore":194433,"dBefore":11022,"userScrolledUp":true,"ms":10,"stBefore":182711},{"pinned":false,"t":8824,"shBefore":194537,"dBefore":3992,"userScrolledUp":true,"ms":20,"stBefore":182711},{"pinned":false,"t":8824,"shBefore":187463,"dBefore":3992,"userScrolledUp":true,"ms":0,"stBefore":182711},{"pinned":false,"t":8831,"shBefore":187463,"dBefore":3992,"userScrolledUp":true,"ms":7,"stBefore":182711},{"pinned":false,"t":8831,"shBefore":187463,"dBefore":3992,"userScrolledUp":true,"ms":7,"stBefore":182711}] ok=false
[2026-08-05T15:57:07.273Z] G2 resize[28] dfb=14220px pinned=false size=800x760 ok=false
[2026-08-05T15:57:07.492Z] G2 stream_append[36] dfb=9190px pinned=false (no imperative pin issued) engineDebugTail=[{"pinned":false,"t":8831,"shBefore":187463,"dBefore":3992,"userScrolledUp":true,"ms":7,"stBefore":182711},{"pinned":false,"t":9027.0000000000018,"shBefore":187567,"dBefore":14220,"userScrolledUp":true,"ms":15.000000000001819,"stBefore":182711},{"pinned":false,"t":9027.0000000000018,"shBefore":197611,"dBefore":14220,"userScrolledUp":true,"ms":0,"stBefore":182711},{"pinned":false,"t":9044,"shBefore":197611,"dBefore":14220,"userScrolledUp":true,"ms":16.999999999998181,"stBefore":182711},{"pinned":false,"t":9044,"shBefore":197611,"dBefore":14220,"userScrolledUp":true,"ms":16.999999999998181,"stBefore":182711}] ok=false
[2026-08-05T15:57:07.493Z] G2 resize[29] dfb=9190px pinned=false size=720x680 ok=false
[2026-08-05T15:57:07.712Z] G2 stream_append[37] dfb=6516px pinned=false (no imperative pin issued) engineDebugTail=[{"pinned":false,"t":9044,"shBefore":197611,"dBefore":14220,"userScrolledUp":true,"ms":16.999999999998181,"stBefore":182711},{"pinned":false,"t":9247,"shBefore":197733,"dBefore":9294,"userScrolledUp":true,"ms":22,"stBefore":182711},{"pinned":false,"t":9247,"shBefore":192725,"dBefore":9294,"userScrolledUp":true,"ms":0,"stBefore":182711},{"pinned":false,"t":9261.0000000000018,"shBefore":192725,"dBefore":9294,"userScrolledUp":true,"ms":14.000000000001819,"stBefore":182711},{"pinned":false,"t":9261.0000000000018,"shBefore":192725,"dBefore":9294,"userScrolledUp":true,"ms":14.000000000001819,"stBefore":182711}] ok=false
[2026-08-05T15:57:07.712Z] G2 resize[30] dfb=6516px pinned=false size=760x720 ok=false
[2026-08-05T15:57:07.713Z] G2 stream_append[38] dfb=6516px pinned=false (no imperative pin issued) engineDebugTail=[{"pinned":false,"t":9044,"shBefore":197611,"dBefore":14220,"userScrolledUp":true,"ms":16.999999999998181,"stBefore":182711},{"pinned":false,"t":9247,"shBefore":197733,"dBefore":9294,"userScrolledUp":true,"ms":22,"stBefore":182711},{"pinned":false,"t":9247,"shBefore":192725,"dBefore":9294,"userScrolledUp":true,"ms":0,"stBefore":182711},{"pinned":false,"t":9261.0000000000018,"shBefore":192725,"dBefore":9294,"userScrolledUp":true,"ms":14.000000000001819,"stBefore":182711},{"pinned":false,"t":9261.0000000000018,"shBefore":192725,"dBefore":9294,"userScrolledUp":true,"ms":14.000000000001819,"stBefore":182711}] ok=false
[2026-08-05T15:57:07.912Z] G2 resize[31] dfb=11646px pinned=false size=780x740 ok=false
[2026-08-05T15:57:07.912Z] G2 stream_append[39] dfb=11646px pinned=false (no imperative pin issued) engineDebugTail=[{"pinned":false,"t":9261.0000000000018,"shBefore":192725,"dBefore":9294,"userScrolledUp":true,"ms":14.000000000001819,"stBefore":182711},{"pinned":false,"t":9261.0000000000018,"shBefore":192725,"dBefore":9294,"userScrolledUp":true,"ms":14.000000000001819,"stBefore":182711},{"pinned":false,"t":9465,"shBefore":189967,"dBefore":6516,"userScrolledUp":true,"ms":0,"stBefore":182711},{"pinned":false,"t":9472,"shBefore":189967,"dBefore":6516,"userScrolledUp":true,"ms":7,"stBefore":182711},{"pinned":false,"t":9472,"shBefore":189967,"dBefore":6516,"userScrolledUp":true,"ms":7,"stBefore":182711}] ok=false
[2026-08-05T15:57:08.086Z] G2 stream_append[40] dfb=11750px pinned=false (no imperative pin issued) engineDebugTail=[{"pinned":false,"t":9472,"shBefore":189967,"dBefore":6516,"userScrolledUp":true,"ms":7,"stBefore":182711},{"pinned":false,"t":9665.0000000000018,"shBefore":190071,"dBefore":11646,"userScrolledUp":true,"ms":26.000000000001819,"stBefore":182711},{"pinned":false,"t":9665.0000000000018,"shBefore":195057,"dBefore":11646,"userScrolledUp":true,"ms":0,"stBefore":182711},{"pinned":false,"t":9670,"shBefore":195057,"dBefore":11646,"userScrolledUp":true,"ms":4.999999999998181,"stBefore":182711},{"pinned":false,"t":9670,"shBefore":195057,"dBefore":11646,"userScrolledUp":true,"ms":4.999999999998181,"stBefore":182711}] ok=false
[2026-08-05T15:57:08.087Z] G2 resize[32] dfb=11750px pinned=false size=740x700 ok=false
[2026-08-05T15:57:08.328Z] G2 stream_append[41] dfb=4720px pinned=false (no imperative pin issued) engineDebugTail=[{"pinned":false,"t":9665.0000000000018,"shBefore":190071,"dBefore":11646,"userScrolledUp":true,"ms":26.000000000001819,"stBefore":182711},{"pinned":false,"t":9665.0000000000018,"shBefore":195057,"dBefore":11646,"userScrolledUp":true,"ms":0,"stBefore":182711},{"pinned":false,"t":9670,"shBefore":195057,"dBefore":11646,"userScrolledUp":true,"ms":4.999999999998181,"stBefore":182711},{"pinned":false,"t":9670,"shBefore":195057,"dBefore":11646,"userScrolledUp":true,"ms":4.999999999998181,"stBefore":182711},{"pinned":false,"t":9844,"shBefore":195161,"dBefore":11750,"userScrolledUp":true,"ms":4,"stBefore":182711}] ok=false
[2026-08-05T15:57:08.534Z] G2 resize[33] dfb=15074px pinned=false size=800x760 ok=false
[2026-08-05T15:57:08.534Z] G2 stream_append[42] dfb=15074px pinned=false (no imperative pin issued) engineDebugTail=[{"pinned":false,"t":9670,"shBefore":195057,"dBefore":11646,"userScrolledUp":true,"ms":4.999999999998181,"stBefore":182711},{"pinned":false,"t":9844,"shBefore":195161,"dBefore":11750,"userScrolledUp":true,"ms":4,"stBefore":182711},{"pinned":false,"t":10081,"shBefore":188191,"dBefore":4720,"userScrolledUp":true,"ms":0,"stBefore":182711},{"pinned":false,"t":10090,"shBefore":188191,"dBefore":4720,"userScrolledUp":true,"ms":9,"stBefore":182711},{"pinned":false,"t":10090,"shBefore":188191,"dBefore":4720,"userScrolledUp":true,"ms":9,"stBefore":182711}] ok=false
[2026-08-05T15:57:08.731Z] G2 resize[34] dfb=9918px pinned=false size=720x680 ok=false
[2026-08-05T15:57:08.731Z] G2 stream_append[43] dfb=9918px pinned=false (no imperative pin issued) engineDebugTail=[{"pinned":false,"t":10090,"shBefore":188191,"dBefore":4720,"userScrolledUp":true,"ms":9,"stBefore":182711},{"pinned":false,"t":10090,"shBefore":188191,"dBefore":4720,"userScrolledUp":true,"ms":9,"stBefore":182711},{"pinned":false,"t":10287,"shBefore":198465,"dBefore":15074,"userScrolledUp":true,"ms":0,"stBefore":182711},{"pinned":false,"t":10295,"shBefore":198465,"dBefore":15074,"userScrolledUp":true,"ms":8,"stBefore":182711},{"pinned":false,"t":10295,"shBefore":198465,"dBefore":15074,"userScrolledUp":true,"ms":8,"stBefore":182711}] ok=false
[2026-08-05T15:57:08.931Z] G2 resize[35] dfb=7140px pinned=false size=760x720 ok=false
[2026-08-05T15:57:08.932Z] G2 stream_append[44] dfb=7140px pinned=false (no imperative pin issued) engineDebugTail=[{"pinned":false,"t":10295,"shBefore":198465,"dBefore":15074,"userScrolledUp":true,"ms":8,"stBefore":182711},{"pinned":false,"t":10295,"shBefore":198465,"dBefore":15074,"userScrolledUp":true,"ms":8,"stBefore":182711},{"pinned":false,"t":10484,"shBefore":193349,"dBefore":9918,"userScrolledUp":true,"ms":0,"stBefore":182711},{"pinned":false,"t":10490,"shBefore":193349,"dBefore":9918,"userScrolledUp":true,"ms":6,"stBefore":182711},{"pinned":false,"t":10490,"shBefore":193349,"dBefore":9918,"userScrolledUp":true,"ms":6,"stBefore":182711}] ok=false
[2026-08-05T15:57:09.103Z] G2 stream_append[45] dfb=7244px pinned=false (no imperative pin issued) engineDebugTail=[{"pinned":false,"t":10490,"shBefore":193349,"dBefore":9918,"userScrolledUp":true,"ms":6,"stBefore":182711},{"pinned":false,"t":10685,"shBefore":193453,"dBefore":7140,"userScrolledUp":true,"ms":28,"stBefore":182711},{"pinned":false,"t":10685,"shBefore":190591,"dBefore":7140,"userScrolledUp":true,"ms":0,"stBefore":182711},{"pinned":false,"t":10691,"shBefore":190591,"dBefore":7140,"userScrolledUp":true,"ms":6,"stBefore":182711},{"pinned":false,"t":10691,"shBefore":190591,"dBefore":7140,"userScrolledUp":true,"ms":6,"stBefore":182711}] ok=false
[2026-08-05T15:57:09.104Z] G2 resize[36] dfb=7244px pinned=false size=780x740 ok=false
[2026-08-05T15:57:09.337Z] G2 stream_append[46] dfb=12374px pinned=false (no imperative pin issued) engineDebugTail=[{"pinned":false,"t":10685,"shBefore":193453,"dBefore":7140,"userScrolledUp":true,"ms":28,"stBefore":182711},{"pinned":false,"t":10685,"shBefore":190591,"dBefore":7140,"userScrolledUp":true,"ms":0,"stBefore":182711},{"pinned":false,"t":10691,"shBefore":190591,"dBefore":7140,"userScrolledUp":true,"ms":6,"stBefore":182711},{"pinned":false,"t":10691,"shBefore":190591,"dBefore":7140,"userScrolledUp":true,"ms":6,"stBefore":182711},{"pinned":false,"t":10862,"shBefore":190695,"dBefore":7244,"userScrolledUp":true,"ms":6,"stBefore":182711}] ok=false
[2026-08-05T15:57:09.549Z] G2 resize[37] dfb=5344px pinned=false size=740x700 ok=false
[2026-08-05T15:57:09.549Z] G2 stream_append[47] dfb=5344px pinned=false (no imperative pin issued) engineDebugTail=[{"pinned":false,"t":10691,"shBefore":190591,"dBefore":7140,"userScrolledUp":true,"ms":6,"stBefore":182711},{"pinned":false,"t":10862,"shBefore":190695,"dBefore":7244,"userScrolledUp":true,"ms":6,"stBefore":182711},{"pinned":false,"t":11090,"shBefore":195785,"dBefore":12374,"userScrolledUp":true,"ms":0,"stBefore":182711},{"pinned":false,"t":11096,"shBefore":195785,"dBefore":12374,"userScrolledUp":true,"ms":6,"stBefore":182711},{"pinned":false,"t":11096,"shBefore":195785,"dBefore":12374,"userScrolledUp":true,"ms":6,"stBefore":182711}] ok=false
[2026-08-05T15:57:09.748Z] G2 resize[38] dfb=15806px pinned=false size=800x760 ok=false
[2026-08-05T15:57:09.749Z] G2 stream_append[48] dfb=15806px pinned=false (no imperative pin issued) engineDebugTail=[{"pinned":false,"t":11096,"shBefore":195785,"dBefore":12374,"userScrolledUp":true,"ms":6,"stBefore":182711},{"pinned":false,"t":11096,"shBefore":195785,"dBefore":12374,"userScrolledUp":true,"ms":6,"stBefore":182711},{"pinned":false,"t":11302,"shBefore":188815,"dBefore":5344,"userScrolledUp":true,"ms":0,"stBefore":182711},{"pinned":false,"t":11310,"shBefore":188815,"dBefore":5344,"userScrolledUp":true,"ms":8,"stBefore":182711},{"pinned":false,"t":11310,"shBefore":188815,"dBefore":5344,"userScrolledUp":true,"ms":8,"stBefore":182711}] ok=false
[2026-08-05T15:57:09.922Z] G2 resize[39] dfb=15806px pinned=false size=720x680 ok=false
[2026-08-05T15:57:09.923Z] G2 stream_append[49] dfb=15806px pinned=false (no imperative pin issued) engineDebugTail=[{"pinned":false,"t":11310,"shBefore":188815,"dBefore":5344,"userScrolledUp":true,"ms":8,"stBefore":182711},{"pinned":false,"t":11310,"shBefore":188815,"dBefore":5344,"userScrolledUp":true,"ms":8,"stBefore":182711},{"pinned":false,"t":11502,"shBefore":199197,"dBefore":15806,"userScrolledUp":true,"ms":0,"stBefore":182711},{"pinned":false,"t":11506,"shBefore":199197,"dBefore":15806,"userScrolledUp":true,"ms":4,"stBefore":182711},{"pinned":false,"t":11506,"shBefore":199197,"dBefore":15806,"userScrolledUp":true,"ms":4,"stBefore":182711}] ok=false
[2026-08-05T15:57:12.128Z] JS_ERR: JavaScript execution returned a result of an unsupported type
[2026-08-05T15:57:14.793Z] G2 evidence written: /Users/openclaw/projects/BeeChat-v5/Docs/Reviews/optionb/G2-evidence.md
[2026-08-05T15:57:14.793Z] === exit code=1 ===
[2026-08-05T15:57:52.409Z] === TranscriptSpike launch ===
[2026-08-05T15:57:52.409Z] date=2026-08-05T15:57:52.409Z
[2026-08-05T15:57:52.409Z] build=TranscriptSpike WP-0 2026-08-05
[2026-08-05T15:57:52.409Z] machine=Openclaw's Mac mini  macOS 26.5.1 arm64
[2026-08-05T15:57:52.410Z] dbPath=/Users/openclaw/Library/Application Support/BeeChat/BeeChat.sqlite
[2026-08-05T15:57:52.410Z] generalTopicID=491EA8D6-9527-4E71-89B4-D0A06DF3F49D
[2026-08-05T15:57:52.410Z] generalSessionKey=agent:main:491ea8d6-9527-4e71-89b4-d0a06df3f49d
[2026-08-05T15:57:52.410Z] operator=Q
[2026-08-05T15:57:52.410Z] gate=g2
[2026-08-05T15:57:52.412Z] messages_loaded=428 at 2026-08-05T15:57:52.412Z
[2026-08-05T15:57:52.601Z] webView didFinish navigation at 2026-08-05T15:57:52.600Z
[2026-08-05T15:57:54.204Z] G2 START — pre-registered criteria:
[2026-08-05T15:57:54.205Z] G2 criterion scroll_engine=route_plan_4.4 (pinned+ResizeObserver+50/120 hysteresis+window.resize)
[2026-08-05T15:57:54.205Z] G2 criterion pin_state_required=true throughout all measurement phases
[2026-08-05T15:57:54.205Z] G2 criterion distance_from_bottom_px_tolerance=4 (sub-frame; allows sub-pixel rounding)
[2026-08-05T15:57:54.206Z] G2 criterion streaming_append_count=50 at everyMs=200 (5fps for 10s)
[2026-08-05T15:57:54.206Z] G2 criterion late_image_count=10 at everyMs=500 (local PNG fixtures)
[2026-08-05T15:57:54.207Z] G2 criterion window_resize_duration_sec=10 at hz=4 cycling 5 sizes
[2026-08-05T15:57:54.207Z] G2 criterion bounce_probe_method=scroll_up_500px_then_inject_above_and_below_then_hold_10_frames_no_repin
[2026-08-05T15:57:54.208Z] G2 criterion bounce_probe_passes_only_if_pinned_state_remains_correct_under_stress
[2026-08-05T15:57:54.208Z] G2 criterion no_imperative_pinToBottom_during_measurement_phases (the scroll engine is the pin)
[2026-08-05T15:57:54.208Z] G2 criterion verdict_logic_evaluates_each_criterion_above_explicitly (E8 compliance)
[2026-08-05T15:57:54.346Z] JS[consoleLog]: ERROR: Script error.
[2026-08-05T15:57:54.439Z] G2 stream_append[0] dfb=104px pinned=true (no imperative pin issued) engineDebugTail=[{"pinned":false,"t":103.00000000000001,"shBefore":187839,"dBefore":187119,"userScrolledUp":true,"ms":11.000000000000014,"stBefore":0},{"pinned":false,"t":103.00000000000001,"shBefore":187839,"dBefore":187119,"userScrolledUp":true,"ms":11.000000000000014,"stBefore":0},{"shAfter":187943,"t":1687,"shBefore":187943,"dBefore":104,"stAfter":187223,"ms":34,"dAfter":0,"pinned":true,"userScrolledUp":false,"stBefore":187119,"lastPinTransition":1670},{"shAfter":188026,"t":1770,"shBefore":188002,"dBefore":83,"stAfter":187306,"ms":23,"dAfter":0,"pinned":true,"userScrolledUp":false,"stBefore":187223,"lastPinTransition":1755.0000000000002},{"shAfter":188026,"t":1787.0000000000002,"shBefore":188026,"dBefore":0,"stAfter":187306,"ms":32,"dAfter":0,"pinned":true,"userScrolledUp":false,"stBefore":187306,"lastPinTransition":1770}] ok=false
[2026-08-05T15:57:54.440Z] G2 resize[0] dfb=104px pinned=true size=760x720 ok=false
[2026-08-05T15:57:54.627Z] G2 stream_append[1] dfb=104px pinned=true (no imperative pin issued) engineDebugTail=[{"shAfter":188026,"t":1787.0000000000002,"shBefore":188026,"dBefore":0,"stAfter":187306,"ms":32,"dAfter":0,"pinned":true,"userScrolledUp":false,"stBefore":187306,"lastPinTransition":1770},{"shAfter":188130,"t":1870,"shBefore":188130,"dBefore":104,"stAfter":187410,"ms":39,"dAfter":0,"pinned":true,"userScrolledUp":false,"stBefore":187306,"lastPinTransition":1852},{"shAfter":185268,"t":1932,"shBefore":185268,"dBefore":0,"stAfter":184528,"ms":5,"dAfter":0,"pinned":true,"userScrolledUp":false,"stBefore":184528,"lastPinTransition":1927},{"shAfter":185268,"t":1937,"shBefore":185268,"dBefore":0,"stAfter":184528,"ms":10,"dAfter":0,"pinned":true,"userScrolledUp":false,"stBefore":184528,"lastPinTransition":1932},{"shAfter":185268,"t":1937,"shBefore":185268,"dBefore":0,"stAfter":184528,"ms":10,"dAfter":0,"pinned":true,"userScrolledUp":false,"stBefore":184528,"lastPinTransition":1932}] ok=false
[2026-08-05T15:57:54.706Z] G2 resize[1] dfb=0px pinned=true size=780x740 ok=true
[2026-08-05T15:57:54.837Z] G2 stream_append[2] dfb=5130px pinned=false (no imperative pin issued) engineDebugTail=[{"shAfter":185268,"t":1937,"shBefore":185268,"dBefore":0,"stAfter":184528,"ms":10,"dAfter":0,"pinned":true,"userScrolledUp":false,"stBefore":184528,"lastPinTransition":1932},{"shAfter":185372,"t":2071,"shBefore":185372,"dBefore":104,"stAfter":184632,"ms":36.999999999999773,"dAfter":0,"pinned":true,"userScrolledUp":false,"stBefore":184528,"lastPinTransition":2054},{"pinned":false,"t":2194,"shBefore":190358,"dBefore":5026,"userScrolledUp":true,"ms":0,"stBefore":184632},{"pinned":false,"t":2200,"shBefore":190358,"dBefore":5026,"userScrolledUp":true,"ms":6,"stBefore":184632},{"pinned":false,"t":2201,"shBefore":190358,"dBefore":5026,"userScrolledUp":true,"ms":7,"stBefore":184632}] ok=false
[2026-08-05T15:57:54.838Z] JS[consoleLog]: ERROR: Script error.
[2026-08-05T15:57:54.971Z] G2 image_inject[0] dfb=5213px pinned=false url=g2-img-0.png ok=false
[2026-08-05T15:57:54.971Z] G2 resize[2] dfb=5213px pinned=false size=740x700 ok=false
[2026-08-05T15:57:55.052Z] G2 stream_append[3] dfb=104px pinned=false (no imperative pin issued) engineDebugTail=[{"pinned":false,"t":2194,"shBefore":190358,"dBefore":5026,"userScrolledUp":true,"ms":0,"stBefore":184632},{"pinned":false,"t":2200,"shBefore":190358,"dBefore":5026,"userScrolledUp":true,"ms":6,"stBefore":184632},{"pinned":false,"t":2201,"shBefore":190358,"dBefore":5026,"userScrolledUp":true,"ms":7,"stBefore":184632},{"pinned":false,"t":2252,"shBefore":190521,"dBefore":5213,"userScrolledUp":true,"ms":6,"stBefore":184632},{"pinned":false,"t":2271,"shBefore":190545,"dBefore":5213,"userScrolledUp":true,"ms":19,"stBefore":184632}] ok=false
[2026-08-05T15:57:55.241Z] G2 resize[3] dfb=208px pinned=false size=800x760 ok=false
[2026-08-05T15:57:55.242Z] G2 stream_append[4] dfb=208px pinned=false (no imperative pin issued) engineDebugTail=[{"pinned":false,"t":2252,"shBefore":190521,"dBefore":5213,"userScrolledUp":true,"ms":6,"stBefore":184632},{"pinned":false,"t":2271,"shBefore":190545,"dBefore":5213,"userScrolledUp":true,"ms":19,"stBefore":184632},{"pinned":false,"t":2459,"shBefore":183575,"dBefore":104,"userScrolledUp":true,"ms":0,"stBefore":182711},{"pinned":false,"t":2465,"shBefore":183575,"dBefore":104,"userScrolledUp":true,"ms":5,"stBefore":182711},{"pinned":false,"t":2465,"shBefore":183575,"dBefore":104,"userScrolledUp":true,"ms":5,"stBefore":182711}] ok=false
[2026-08-05T15:57:55.376Z] JS[consoleLog]: ERROR: Script error.
[2026-08-05T15:57:55.447Z] G2 image_inject[1] dfb=10051px pinned=false url=g2-img-1.png ok=false
[2026-08-05T15:57:55.448Z] G2 stream_append[5] dfb=10051px pinned=false (no imperative pin issued) engineDebugTail=[{"pinned":false,"t":2677,"shBefore":193255,"dBefore":9864,"userScrolledUp":true,"ms":0,"stBefore":182711},{"pinned":false,"t":2687.0000000000005,"shBefore":193255,"dBefore":9864,"userScrolledUp":true,"ms":10.000000000000455,"stBefore":182711},{"pinned":false,"t":2687.0000000000005,"shBefore":193255,"dBefore":9864,"userScrolledUp":true,"ms":10.000000000000455,"stBefore":182711},{"pinned":false,"t":2786,"shBefore":193314,"dBefore":9947,"userScrolledUp":true,"ms":3,"stBefore":182711},{"pinned":false,"t":2804.0000000000005,"shBefore":193338,"dBefore":9947,"userScrolledUp":true,"ms":18.000000000000455,"stBefore":182711}] ok=false
[2026-08-05T15:57:55.448Z] G2 resize[4] dfb=10051px pinned=false size=720x680 ok=false
[2026-08-05T15:57:55.656Z] G2 stream_append[6] dfb=5489px pinned=false (no imperative pin issued) engineDebugTail=[{"pinned":false,"t":2804.0000000000005,"shBefore":193338,"dBefore":9947,"userScrolledUp":true,"ms":18.000000000000455,"stBefore":182711},{"pinned":false,"t":2871,"shBefore":193442,"dBefore":10051,"userScrolledUp":true,"ms":17,"stBefore":182711},{"pinned":false,"t":2996,"shBefore":188816,"dBefore":5385,"userScrolledUp":true,"ms":0,"stBefore":182711},{"pinned":false,"t":3001,"shBefore":188816,"dBefore":5385,"userScrolledUp":true,"ms":5,"stBefore":182711},{"pinned":false,"t":3001,"shBefore":188816,"dBefore":5385,"userScrolledUp":true,"ms":5,"stBefore":182711}] ok=false
[2026-08-05T15:57:55.801Z] G2 resize[5] dfb=2607px pinned=false size=760x720 ok=false
[2026-08-05T15:57:55.863Z] G2 stream_append[7] dfb=2770px pinned=false (no imperative pin issued) engineDebugTail=[{"pinned":false,"t":3001,"shBefore":188816,"dBefore":5385,"userScrolledUp":true,"ms":5,"stBefore":182711},{"pinned":false,"t":3071,"shBefore":188920,"dBefore":5489,"userScrolledUp":true,"ms":7,"stBefore":182711},{"pinned":false,"t":3209,"shBefore":186058,"dBefore":2607,"userScrolledUp":true,"ms":0,"stBefore":182711},{"pinned":false,"t":3216,"shBefore":186058,"dBefore":2607,"userScrolledUp":true,"ms":7,"stBefore":182711},{"pinned":false,"t":3216,"shBefore":186058,"dBefore":2607,"userScrolledUp":true,"ms":7,"stBefore":182711}] ok=false
[2026-08-05T15:57:55.864Z] JS[consoleLog]: ERROR: Script error.
[2026-08-05T15:57:55.977Z] G2 image_inject[2] dfb=2794px pinned=false url=g2-img-2.png ok=false
[2026-08-05T15:57:55.978Z] G2 resize[6] dfb=2794px pinned=false size=780x740 ok=false
[2026-08-05T15:57:56.104Z] G2 stream_append[8] dfb=7924px pinned=false (no imperative pin issued) engineDebugTail=[{"pinned":false,"t":3209,"shBefore":186058,"dBefore":2607,"userScrolledUp":true,"ms":0,"stBefore":182711},{"pinned":false,"t":3216,"shBefore":186058,"dBefore":2607,"userScrolledUp":true,"ms":7,"stBefore":182711},{"pinned":false,"t":3216,"shBefore":186058,"dBefore":2607,"userScrolledUp":true,"ms":7,"stBefore":182711},{"pinned":false,"t":3288.0000000000005,"shBefore":186221,"dBefore":2794,"userScrolledUp":true,"ms":17.000000000000455,"stBefore":182711},{"pinned":false,"t":3303,"shBefore":186245,"dBefore":2794,"userScrolledUp":true,"ms":14.999999999999545,"stBefore":182711}] ok=false
[2026-08-05T15:57:56.302Z] G2 resize[7] dfb=894px pinned=false size=740x700 ok=false
[2026-08-05T15:57:56.302Z] G2 stream_append[9] dfb=894px pinned=false (no imperative pin issued) engineDebugTail=[{"pinned":false,"t":3288.0000000000005,"shBefore":186221,"dBefore":2794,"userScrolledUp":true,"ms":17.000000000000455,"stBefore":182711},{"pinned":false,"t":3303,"shBefore":186245,"dBefore":2794,"userScrolledUp":true,"ms":14.999999999999545,"stBefore":182711},{"pinned":false,"t":3512,"shBefore":191335,"dBefore":7924,"userScrolledUp":true,"ms":0,"stBefore":182711},{"pinned":false,"t":3518.0000000000005,"shBefore":191335,"dBefore":7924,"userScrolledUp":true,"ms":6.0000000000004547,"stBefore":182711},{"pinned":false,"t":3518.0000000000005,"shBefore":191335,"dBefore":7924,"userScrolledUp":true,"ms":6.0000000000004547,"stBefore":182711}] ok=false
[2026-08-05T15:57:56.431Z] JS[consoleLog]: ERROR: Script error.
[2026-08-05T15:57:56.483Z] G2 image_inject[3] dfb=1081px pinned=false url=g2-img-3.png ok=false
[2026-08-05T15:57:56.483Z] G2 stream_append[10] dfb=1081px pinned=false (no imperative pin issued) engineDebugTail=[{"pinned":false,"t":3710,"shBefore":184365,"dBefore":894,"userScrolledUp":true,"ms":0,"stBefore":182711},{"pinned":false,"t":3719,"shBefore":184365,"dBefore":894,"userScrolledUp":true,"ms":9,"stBefore":182711},{"pinned":false,"t":3719,"shBefore":184365,"dBefore":894,"userScrolledUp":true,"ms":9,"stBefore":182711},{"pinned":false,"t":3855,"shBefore":184548,"dBefore":1081,"userScrolledUp":true,"ms":17,"stBefore":182711},{"pinned":false,"t":3872,"shBefore":184552,"dBefore":1081,"userScrolledUp":true,"ms":17,"stBefore":182711}] ok=false
[2026-08-05T15:57:56.509Z] G2 resize[8] dfb=10755px pinned=false size=800x760 ok=false
[2026-08-05T15:57:56.640Z] G2 stream_append[11] dfb=10877px pinned=false (no imperative pin issued) engineDebugTail=[{"pinned":false,"t":3855,"shBefore":184548,"dBefore":1081,"userScrolledUp":true,"ms":17,"stBefore":182711},{"pinned":false,"t":3872,"shBefore":184552,"dBefore":1081,"userScrolledUp":true,"ms":17,"stBefore":182711},{"pinned":false,"t":3917.0000000000005,"shBefore":194146,"dBefore":10755,"userScrolledUp":true,"ms":0,"stBefore":182711},{"pinned":false,"t":3922,"shBefore":194146,"dBefore":10755,"userScrolledUp":true,"ms":4.9999999999995453,"stBefore":182711},{"pinned":false,"t":3922,"shBefore":194146,"dBefore":10755,"userScrolledUp":true,"ms":4.9999999999995453,"stBefore":182711}] ok=false
[2026-08-05T15:57:56.691Z] G2 resize[9] dfb=10877px pinned=false size=720x680 ok=false
[2026-08-05T15:57:56.855Z] G2 stream_append[12] dfb=6338px pinned=false (no imperative pin issued) engineDebugTail=[{"pinned":false,"t":3872,"shBefore":184552,"dBefore":1081,"userScrolledUp":true,"ms":17,"stBefore":182711},{"pinned":false,"t":3917.0000000000005,"shBefore":194146,"dBefore":10755,"userScrolledUp":true,"ms":0,"stBefore":182711},{"pinned":false,"t":3922,"shBefore":194146,"dBefore":10755,"userScrolledUp":true,"ms":4.9999999999995453,"stBefore":182711},{"pinned":false,"t":3922,"shBefore":194146,"dBefore":10755,"userScrolledUp":true,"ms":4.9999999999995453,"stBefore":182711},{"pinned":false,"t":4054.9999999999995,"shBefore":194268,"dBefore":10877,"userScrolledUp":true,"ms":6.9999999999995453,"stBefore":182711}] ok=false
[2026-08-05T15:57:56.860Z] JS[consoleLog]: ERROR: Script error.
[2026-08-05T15:57:57.068Z] G2 resize[10] dfb=3584px pinned=false size=760x720 ok=false
[2026-08-05T15:57:57.068Z] G2 image_inject[4] dfb=3584px pinned=false url=g2-img-4.png ok=false
[2026-08-05T15:57:57.068Z] G2 stream_append[13] dfb=3584px pinned=false (no imperative pin issued) engineDebugTail=[{"pinned":false,"t":4054.9999999999995,"shBefore":194268,"dBefore":10877,"userScrolledUp":true,"ms":6.9999999999995453,"stBefore":182711},{"pinned":false,"t":4263,"shBefore":189769,"dBefore":6338,"userScrolledUp":true,"ms":0,"stBefore":182711},{"pinned":false,"t":4268,"shBefore":189769,"dBefore":6362,"userScrolledUp":true,"ms":5,"stBefore":182711},{"pinned":false,"t":4268,"shBefore":189769,"dBefore":6362,"userScrolledUp":true,"ms":5,"stBefore":182711},{"pinned":false,"t":4272,"shBefore":189793,"dBefore":6362,"userScrolledUp":true,"ms":4,"stBefore":182711}] ok=false
[2026-08-05T15:57:57.260Z] G2 resize[11] dfb=8714px pinned=false size=780x740 ok=false
[2026-08-05T15:57:57.260Z] G2 stream_append[14] dfb=8714px pinned=false (no imperative pin issued) engineDebugTail=[{"pinned":false,"t":4268,"shBefore":189769,"dBefore":6362,"userScrolledUp":true,"ms":5,"stBefore":182711},{"pinned":false,"t":4272,"shBefore":189793,"dBefore":6362,"userScrolledUp":true,"ms":4,"stBefore":182711},{"pinned":false,"t":4476,"shBefore":187035,"dBefore":3584,"userScrolledUp":true,"ms":0,"stBefore":182711},{"pinned":false,"t":4482,"shBefore":187035,"dBefore":3584,"userScrolledUp":true,"ms":6,"stBefore":182711},{"pinned":false,"t":4482,"shBefore":187035,"dBefore":3584,"userScrolledUp":true,"ms":6,"stBefore":182711}] ok=false
[2026-08-05T15:57:57.450Z] G2 image_inject[5] dfb=8877px pinned=false url=g2-img-5.png ok=false
[2026-08-05T15:57:57.450Z] G2 stream_append[15] dfb=8877px pinned=false (no imperative pin issued) engineDebugTail=[{"pinned":false,"t":4482,"shBefore":187035,"dBefore":3584,"userScrolledUp":true,"ms":6,"stBefore":182711},{"pinned":false,"t":4668,"shBefore":187139,"dBefore":8714,"userScrolledUp":true,"ms":19,"stBefore":182711},{"pinned":false,"t":4668,"shBefore":192125,"dBefore":8714,"userScrolledUp":true,"ms":0,"stBefore":182711},{"pinned":false,"t":4672,"shBefore":192125,"dBefore":8714,"userScrolledUp":true,"ms":4,"stBefore":182711},{"pinned":false,"t":4672,"shBefore":192125,"dBefore":8714,"userScrolledUp":true,"ms":4,"stBefore":182711}] ok=false
[2026-08-05T15:57:57.451Z] G2 resize[12] dfb=8877px pinned=false size=740x700 ok=false
[2026-08-05T15:57:57.451Z] JS[consoleLog]: ERROR: Script error.
[2026-08-05T15:57:57.687Z] G2 stream_append[16] dfb=1871px pinned=false (no imperative pin issued) engineDebugTail=[{"pinned":false,"t":4668,"shBefore":192125,"dBefore":8714,"userScrolledUp":true,"ms":0,"stBefore":182711},{"pinned":false,"t":4672,"shBefore":192125,"dBefore":8714,"userScrolledUp":true,"ms":4,"stBefore":182711},{"pinned":false,"t":4672,"shBefore":192125,"dBefore":8714,"userScrolledUp":true,"ms":4,"stBefore":182711},{"pinned":false,"t":4873,"shBefore":192288,"dBefore":8901,"userScrolledUp":true,"ms":16,"stBefore":182711},{"pinned":false,"t":4890,"shBefore":192312,"dBefore":8901,"userScrolledUp":true,"ms":17,"stBefore":182711}] ok=false
[2026-08-05T15:57:57.862Z] JS[consoleLog]: ERROR: Script error.
[2026-08-05T15:57:57.872Z] G2 resize[13] dfb=11858px pinned=false size=800x760 ok=false
[2026-08-05T15:57:57.872Z] G2 stream_append[17] dfb=11858px pinned=false (no imperative pin issued) engineDebugTail=[{"pinned":false,"t":5103,"shBefore":185342,"dBefore":1871,"userScrolledUp":true,"ms":8,"stBefore":182711},{"pinned":false,"t":5265,"shBefore":195225,"dBefore":11834,"userScrolledUp":true,"ms":0,"stBefore":182711},{"pinned":false,"t":5270.0000000000009,"shBefore":195225,"dBefore":11858,"userScrolledUp":true,"ms":5.0000000000009095,"stBefore":182711},{"pinned":false,"t":5270.0000000000009,"shBefore":195225,"dBefore":11858,"userScrolledUp":true,"ms":5.0000000000009095,"stBefore":182711},{"pinned":false,"t":5273,"shBefore":195249,"dBefore":11858,"userScrolledUp":true,"ms":2.9999999999990905,"stBefore":182711}] ok=false
[2026-08-05T15:57:58.070Z] G2 resize[14] dfb=7152px pinned=false size=720x680 ok=false
[2026-08-05T15:57:58.070Z] G2 stream_append[18] dfb=7152px pinned=false (no imperative pin issued) engineDebugTail=[{"pinned":false,"t":5103,"shBefore":185342,"dBefore":1871,"userScrolledUp":true,"ms":8,"stBefore":182711},{"pinned":false,"t":5265,"shBefore":195225,"dBefore":11834,"userScrolledUp":true,"ms":0,"stBefore":182711},{"pinned":false,"t":5270.0000000000009,"shBefore":195225,"dBefore":11858,"userScrolledUp":true,"ms":5.0000000000009095,"stBefore":182711},{"pinned":false,"t":5270.0000000000009,"shBefore":195225,"dBefore":11858,"userScrolledUp":true,"ms":5.0000000000009095,"stBefore":182711},{"pinned":false,"t":5273,"shBefore":195249,"dBefore":11858,"userScrolledUp":true,"ms":2.9999999999990905,"stBefore":182711}] ok=false
[2026-08-05T15:57:58.071Z] G2 image_inject[6] dfb=7152px pinned=false url=g2-img-6.png ok=false
[2026-08-05T15:57:58.271Z] G2 resize[15] dfb=4374px pinned=false size=760x720 ok=false
[2026-08-05T15:57:58.272Z] G2 stream_append[19] dfb=4374px pinned=false (no imperative pin issued) engineDebugTail=[{"pinned":false,"t":5270.0000000000009,"shBefore":195225,"dBefore":11858,"userScrolledUp":true,"ms":5.0000000000009095,"stBefore":182711},{"pinned":false,"t":5273,"shBefore":195249,"dBefore":11858,"userScrolledUp":true,"ms":2.9999999999990905,"stBefore":182711},{"pinned":false,"t":5478,"shBefore":190583,"dBefore":7152,"userScrolledUp":true,"ms":0,"stBefore":182711},{"pinned":false,"t":5483.0000000000009,"shBefore":190583,"dBefore":7152,"userScrolledUp":true,"ms":5.0000000000009095,"stBefore":182711},{"pinned":false,"t":5483.0000000000009,"shBefore":190583,"dBefore":7152,"userScrolledUp":true,"ms":5.0000000000009095,"stBefore":182711}] ok=false
[2026-08-05T15:57:58.448Z] G2 image_inject[7] dfb=4537px pinned=false url=g2-img-7.png ok=false
[2026-08-05T15:57:58.449Z] G2 stream_append[20] dfb=4537px pinned=false (no imperative pin issued) engineDebugTail=[{"pinned":false,"t":5483.0000000000009,"shBefore":190583,"dBefore":7152,"userScrolledUp":true,"ms":5.0000000000009095,"stBefore":182711},{"pinned":false,"t":5679,"shBefore":190687,"dBefore":4374,"userScrolledUp":true,"ms":28,"stBefore":182711},{"pinned":false,"t":5679,"shBefore":187825,"dBefore":4374,"userScrolledUp":true,"ms":0,"stBefore":182711},{"pinned":false,"t":5685.0000000000009,"shBefore":187825,"dBefore":4374,"userScrolledUp":true,"ms":6.0000000000009095,"stBefore":182711},{"pinned":false,"t":5685.0000000000009,"shBefore":187825,"dBefore":4374,"userScrolledUp":true,"ms":6.0000000000009095,"stBefore":182711}] ok=false
[2026-08-05T15:57:58.450Z] G2 resize[16] dfb=4537px pinned=false size=780x740 ok=false
[2026-08-05T15:57:58.450Z] JS[consoleLog]: ERROR: Script error.
[2026-08-05T15:57:58.687Z] G2 stream_append[21] dfb=9691px pinned=false (no imperative pin issued) engineDebugTail=[{"pinned":false,"t":5679,"shBefore":187825,"dBefore":4374,"userScrolledUp":true,"ms":0,"stBefore":182711},{"pinned":false,"t":5685.0000000000009,"shBefore":187825,"dBefore":4374,"userScrolledUp":true,"ms":6.0000000000009095,"stBefore":182711},{"pinned":false,"t":5685.0000000000009,"shBefore":187825,"dBefore":4374,"userScrolledUp":true,"ms":6.0000000000009095,"stBefore":182711},{"pinned":false,"t":5874.0000000000009,"shBefore":187988,"dBefore":4561,"userScrolledUp":true,"ms":18.000000000000909,"stBefore":182711},{"pinned":false,"t":5890,"shBefore":188012,"dBefore":4561,"userScrolledUp":true,"ms":15.999999999999091,"stBefore":182711}] ok=false
[2026-08-05T15:57:58.896Z] G2 resize[17] dfb=2720px pinned=false size=740x700 ok=false
[2026-08-05T15:57:58.897Z] G2 stream_append[22] dfb=2720px pinned=false (no imperative pin issued) engineDebugTail=[{"pinned":false,"t":5874.0000000000009,"shBefore":187988,"dBefore":4561,"userScrolledUp":true,"ms":18.000000000000909,"stBefore":182711},{"pinned":false,"t":5890,"shBefore":188012,"dBefore":4561,"userScrolledUp":true,"ms":15.999999999999091,"stBefore":182711},{"pinned":false,"t":6095,"shBefore":193102,"dBefore":9691,"userScrolledUp":true,"ms":0,"stBefore":182711},{"pinned":false,"t":6100.0000000000009,"shBefore":193102,"dBefore":9691,"userScrolledUp":true,"ms":5.0000000000009095,"stBefore":182711},{"pinned":false,"t":6100.0000000000009,"shBefore":193102,"dBefore":9691,"userScrolledUp":true,"ms":5.0000000000009095,"stBefore":182711}] ok=false
[2026-08-05T15:57:58.904Z] JS[consoleLog]: ERROR: Script error.
[2026-08-05T15:57:59.105Z] G2 image_inject[8] dfb=12756px pinned=false url=g2-img-8.png ok=false
[2026-08-05T15:57:59.106Z] G2 resize[18] dfb=12756px pinned=false size=800x760 ok=false
[2026-08-05T15:57:59.106Z] G2 stream_append[23] dfb=12756px pinned=false (no imperative pin issued) engineDebugTail=[{"pinned":false,"t":6100.0000000000009,"shBefore":193102,"dBefore":9691,"userScrolledUp":true,"ms":5.0000000000009095,"stBefore":182711},{"pinned":false,"t":6304,"shBefore":186191,"dBefore":2720,"userScrolledUp":true,"ms":0,"stBefore":182711},{"pinned":false,"t":6313,"shBefore":186191,"dBefore":2744,"userScrolledUp":true,"ms":9,"stBefore":182711},{"pinned":false,"t":6313,"shBefore":186191,"dBefore":2744,"userScrolledUp":true,"ms":9,"stBefore":182711},{"pinned":false,"t":6324,"shBefore":186215,"dBefore":2744,"userScrolledUp":true,"ms":11,"stBefore":182711}] ok=false
[2026-08-05T15:57:59.320Z] G2 resize[19] dfb=7942px pinned=false size=720x680 ok=false
[2026-08-05T15:57:59.321Z] G2 stream_append[24] dfb=7942px pinned=false (no imperative pin issued) engineDebugTail=[{"pinned":false,"t":6313,"shBefore":186191,"dBefore":2744,"userScrolledUp":true,"ms":9,"stBefore":182711},{"pinned":false,"t":6324,"shBefore":186215,"dBefore":2744,"userScrolledUp":true,"ms":11,"stBefore":182711},{"pinned":false,"t":6513,"shBefore":196147,"dBefore":12756,"userScrolledUp":true,"ms":0,"stBefore":182711},{"pinned":false,"t":6518,"shBefore":196147,"dBefore":12756,"userScrolledUp":true,"ms":5,"stBefore":182711},{"pinned":false,"t":6518,"shBefore":196147,"dBefore":12756,"userScrolledUp":true,"ms":5,"stBefore":182711}] ok=false
[2026-08-05T15:57:59.499Z] G2 image_inject[9] dfb=8046px pinned=false url=g2-img-9.png ok=false
[2026-08-05T15:57:59.525Z] G2 stream_append[25] dfb=5164px pinned=false (no imperative pin issued) engineDebugTail=[{"pinned":false,"t":6518,"shBefore":196147,"dBefore":12756,"userScrolledUp":true,"ms":5,"stBefore":182711},{"pinned":false,"t":6728,"shBefore":196269,"dBefore":7942,"userScrolledUp":true,"ms":28,"stBefore":182711},{"pinned":false,"t":6728,"shBefore":191373,"dBefore":7942,"userScrolledUp":true,"ms":0,"stBefore":182711},{"pinned":false,"t":6733.0000000000009,"shBefore":191373,"dBefore":7942,"userScrolledUp":true,"ms":5.0000000000009095,"stBefore":182711},{"pinned":false,"t":6733.0000000000009,"shBefore":191373,"dBefore":7942,"userScrolledUp":true,"ms":5.0000000000009095,"stBefore":182711}] ok=false
[2026-08-05T15:57:59.525Z] G2 resize[20] dfb=5164px pinned=false size=760x720 ok=false
[2026-08-05T15:57:59.710Z] G2 stream_append[26] dfb=5268px pinned=false (no imperative pin issued) engineDebugTail=[{"pinned":false,"t":6733.0000000000009,"shBefore":191373,"dBefore":7942,"userScrolledUp":true,"ms":5.0000000000009095,"stBefore":182711},{"pinned":false,"t":6932,"shBefore":191477,"dBefore":5164,"userScrolledUp":true,"ms":27,"stBefore":182711},{"pinned":false,"t":6932,"shBefore":188615,"dBefore":5164,"userScrolledUp":true,"ms":0,"stBefore":182711},{"pinned":false,"t":6941,"shBefore":188615,"dBefore":5164,"userScrolledUp":true,"ms":9,"stBefore":182711},{"pinned":false,"t":6941,"shBefore":188615,"dBefore":5164,"userScrolledUp":true,"ms":9,"stBefore":182711}] ok=false
[2026-08-05T15:57:59.711Z] G2 resize[21] dfb=5268px pinned=false size=780x740 ok=false
[2026-08-05T15:57:59.944Z] G2 stream_append[27] dfb=10398px pinned=false (no imperative pin issued) engineDebugTail=[{"pinned":false,"t":6932,"shBefore":191477,"dBefore":5164,"userScrolledUp":true,"ms":27,"stBefore":182711},{"pinned":false,"t":6932,"shBefore":188615,"dBefore":5164,"userScrolledUp":true,"ms":0,"stBefore":182711},{"pinned":false,"t":6941,"shBefore":188615,"dBefore":5164,"userScrolledUp":true,"ms":9,"stBefore":182711},{"pinned":false,"t":6941,"shBefore":188615,"dBefore":5164,"userScrolledUp":true,"ms":9,"stBefore":182711},{"pinned":false,"t":7124.0000000000009,"shBefore":188719,"dBefore":5268,"userScrolledUp":true,"ms":6.0000000000009095,"stBefore":182711}] ok=false
[2026-08-05T15:58:00.142Z] G2 resize[22] dfb=3368px pinned=false size=740x700 ok=false
[2026-08-05T15:58:00.142Z] G2 stream_append[28] dfb=3368px pinned=false (no imperative pin issued) engineDebugTail=[{"pinned":false,"t":6941,"shBefore":188615,"dBefore":5164,"userScrolledUp":true,"ms":9,"stBefore":182711},{"pinned":false,"t":7124.0000000000009,"shBefore":188719,"dBefore":5268,"userScrolledUp":true,"ms":6.0000000000009095,"stBefore":182711},{"pinned":false,"t":7352,"shBefore":193809,"dBefore":10398,"userScrolledUp":true,"ms":0,"stBefore":182711},{"pinned":false,"t":7358.0000000000009,"shBefore":193809,"dBefore":10398,"userScrolledUp":true,"ms":6.0000000000009095,"stBefore":182711},{"pinned":false,"t":7358.0000000000009,"shBefore":193809,"dBefore":10398,"userScrolledUp":true,"ms":6.0000000000009095,"stBefore":182711}] ok=false
[2026-08-05T15:58:00.355Z] G2 resize[23] dfb=13488px pinned=false size=800x760 ok=false
[2026-08-05T15:58:00.356Z] G2 stream_append[29] dfb=13488px pinned=false (no imperative pin issued) engineDebugTail=[{"pinned":false,"t":7358.0000000000009,"shBefore":193809,"dBefore":10398,"userScrolledUp":true,"ms":6.0000000000009095,"stBefore":182711},{"pinned":false,"t":7358.0000000000009,"shBefore":193809,"dBefore":10398,"userScrolledUp":true,"ms":6.0000000000009095,"stBefore":182711},{"pinned":false,"t":7550,"shBefore":186839,"dBefore":3368,"userScrolledUp":true,"ms":0,"stBefore":182711},{"pinned":false,"t":7557,"shBefore":186839,"dBefore":3368,"userScrolledUp":true,"ms":7,"stBefore":182711},{"pinned":false,"t":7557,"shBefore":186839,"dBefore":3368,"userScrolledUp":true,"ms":7,"stBefore":182711}] ok=false
[2026-08-05T15:58:00.562Z] G2 stream_append[30] dfb=8566px pinned=false (no imperative pin issued) engineDebugTail=[{"pinned":false,"t":7557,"shBefore":186839,"dBefore":3368,"userScrolledUp":true,"ms":7,"stBefore":182711},{"pinned":false,"t":7763,"shBefore":186943,"dBefore":13488,"userScrolledUp":true,"ms":27,"stBefore":182711},{"pinned":false,"t":7763,"shBefore":196879,"dBefore":13488,"userScrolledUp":true,"ms":0,"stBefore":182711},{"pinned":false,"t":7768,"shBefore":196879,"dBefore":13488,"userScrolledUp":true,"ms":5,"stBefore":182711},{"pinned":false,"t":7768,"shBefore":196879,"dBefore":13488,"userScrolledUp":true,"ms":5,"stBefore":182711}] ok=false
[2026-08-05T15:58:00.562Z] G2 resize[24] dfb=8566px pinned=false size=720x680 ok=false
[2026-08-05T15:58:00.774Z] G2 stream_append[31] dfb=5788px pinned=false (no imperative pin issued) engineDebugTail=[{"pinned":false,"t":7768,"shBefore":196879,"dBefore":13488,"userScrolledUp":true,"ms":5,"stBefore":182711},{"pinned":false,"t":7969,"shBefore":197001,"dBefore":8566,"userScrolledUp":true,"ms":28,"stBefore":182711},{"pinned":false,"t":7969,"shBefore":191997,"dBefore":8566,"userScrolledUp":true,"ms":0,"stBefore":182711},{"pinned":false,"t":7975.0000000000009,"shBefore":191997,"dBefore":8566,"userScrolledUp":true,"ms":6.0000000000009095,"stBefore":182711},{"pinned":false,"t":7975.0000000000009,"shBefore":191997,"dBefore":8566,"userScrolledUp":true,"ms":6.0000000000009095,"stBefore":182711}] ok=false
[2026-08-05T15:58:00.774Z] G2 resize[25] dfb=5788px pinned=false size=760x720 ok=false
[2026-08-05T15:58:00.949Z] G2 stream_append[32] dfb=5892px pinned=false (no imperative pin issued) engineDebugTail=[{"pinned":false,"t":7975.0000000000009,"shBefore":191997,"dBefore":8566,"userScrolledUp":true,"ms":6.0000000000009095,"stBefore":182711},{"pinned":false,"t":8182,"shBefore":192101,"dBefore":5788,"userScrolledUp":true,"ms":28.999999999999091,"stBefore":182711},{"pinned":false,"t":8182,"shBefore":189239,"dBefore":5788,"userScrolledUp":true,"ms":0,"stBefore":182711},{"pinned":false,"t":8188.0000000000009,"shBefore":189239,"dBefore":5788,"userScrolledUp":true,"ms":6.0000000000009095,"stBefore":182711},{"pinned":false,"t":8188.0000000000009,"shBefore":189239,"dBefore":5788,"userScrolledUp":true,"ms":6.0000000000009095,"stBefore":182711}] ok=false
[2026-08-05T15:58:00.950Z] G2 resize[26] dfb=5892px pinned=false size=780x740 ok=false
[2026-08-05T15:58:01.189Z] G2 stream_append[33] dfb=11022px pinned=false (no imperative pin issued) engineDebugTail=[{"pinned":false,"t":8182,"shBefore":192101,"dBefore":5788,"userScrolledUp":true,"ms":28.999999999999091,"stBefore":182711},{"pinned":false,"t":8182,"shBefore":189239,"dBefore":5788,"userScrolledUp":true,"ms":0,"stBefore":182711},{"pinned":false,"t":8188.0000000000009,"shBefore":189239,"dBefore":5788,"userScrolledUp":true,"ms":6.0000000000009095,"stBefore":182711},{"pinned":false,"t":8188.0000000000009,"shBefore":189239,"dBefore":5788,"userScrolledUp":true,"ms":6.0000000000009095,"stBefore":182711},{"pinned":false,"t":8359,"shBefore":189343,"dBefore":5892,"userScrolledUp":true,"ms":2,"stBefore":182711}] ok=false
[2026-08-05T15:58:01.391Z] G2 resize[27] dfb=3992px pinned=false size=740x700 ok=false
[2026-08-05T15:58:01.391Z] G2 stream_append[34] dfb=3992px pinned=false (no imperative pin issued) engineDebugTail=[{"pinned":false,"t":8188.0000000000009,"shBefore":189239,"dBefore":5788,"userScrolledUp":true,"ms":6.0000000000009095,"stBefore":182711},{"pinned":false,"t":8359,"shBefore":189343,"dBefore":5892,"userScrolledUp":true,"ms":2,"stBefore":182711},{"pinned":false,"t":8596,"shBefore":194433,"dBefore":11022,"userScrolledUp":true,"ms":0,"stBefore":182711},{"pinned":false,"t":8601,"shBefore":194433,"dBefore":11022,"userScrolledUp":true,"ms":5,"stBefore":182711},{"pinned":false,"t":8601,"shBefore":194433,"dBefore":11022,"userScrolledUp":true,"ms":5,"stBefore":182711}] ok=false
[2026-08-05T15:58:01.591Z] G2 stream_append[35] dfb=14220px pinned=false (no imperative pin issued) engineDebugTail=[{"pinned":false,"t":8601,"shBefore":194433,"dBefore":11022,"userScrolledUp":true,"ms":5,"stBefore":182711},{"pinned":false,"t":8799,"shBefore":194537,"dBefore":3992,"userScrolledUp":true,"ms":29,"stBefore":182711},{"pinned":false,"t":8799,"shBefore":187463,"dBefore":3992,"userScrolledUp":true,"ms":0,"stBefore":182711},{"pinned":false,"t":8807,"shBefore":187463,"dBefore":3992,"userScrolledUp":true,"ms":8,"stBefore":182711},{"pinned":false,"t":8807,"shBefore":187463,"dBefore":3992,"userScrolledUp":true,"ms":8,"stBefore":182711}] ok=false
[2026-08-05T15:58:01.591Z] G2 resize[28] dfb=14220px pinned=false size=800x760 ok=false
[2026-08-05T15:58:01.794Z] G2 stream_append[36] dfb=9190px pinned=false (no imperative pin issued) engineDebugTail=[{"pinned":false,"t":8807,"shBefore":187463,"dBefore":3992,"userScrolledUp":true,"ms":8,"stBefore":182711},{"pinned":false,"t":8999,"shBefore":187567,"dBefore":14220,"userScrolledUp":true,"ms":29,"stBefore":182711},{"pinned":false,"t":8999,"shBefore":197611,"dBefore":14220,"userScrolledUp":true,"ms":0,"stBefore":182711},{"pinned":false,"t":9004,"shBefore":197611,"dBefore":14220,"userScrolledUp":true,"ms":5,"stBefore":182711},{"pinned":false,"t":9004,"shBefore":197611,"dBefore":14220,"userScrolledUp":true,"ms":5,"stBefore":182711}] ok=false
[2026-08-05T15:58:01.794Z] G2 resize[29] dfb=9190px pinned=false size=720x680 ok=false
[2026-08-05T15:58:01.980Z] G2 stream_append[37] dfb=9294px pinned=false (no imperative pin issued) engineDebugTail=[{"pinned":false,"t":9004,"shBefore":197611,"dBefore":14220,"userScrolledUp":true,"ms":5,"stBefore":182711},{"pinned":false,"t":9202,"shBefore":197733,"dBefore":9190,"userScrolledUp":true,"ms":28,"stBefore":182711},{"pinned":false,"t":9202,"shBefore":192621,"dBefore":9190,"userScrolledUp":true,"ms":0,"stBefore":182711},{"pinned":false,"t":9208,"shBefore":192621,"dBefore":9190,"userScrolledUp":true,"ms":6,"stBefore":182711},{"pinned":false,"t":9208,"shBefore":192621,"dBefore":9190,"userScrolledUp":true,"ms":6,"stBefore":182711}] ok=false
[2026-08-05T15:58:01.981Z] G2 resize[30] dfb=9294px pinned=false size=760x720 ok=false
[2026-08-05T15:58:02.192Z] G2 stream_append[38] dfb=6516px pinned=false (no imperative pin issued) engineDebugTail=[{"pinned":false,"t":9208,"shBefore":192621,"dBefore":9190,"userScrolledUp":true,"ms":6,"stBefore":182711},{"pinned":false,"t":9208,"shBefore":192621,"dBefore":9190,"userScrolledUp":true,"ms":6,"stBefore":182711},{"pinned":false,"t":9414,"shBefore":189863,"dBefore":6412,"userScrolledUp":true,"ms":0,"stBefore":182711},{"pinned":false,"t":9426,"shBefore":189863,"dBefore":6412,"userScrolledUp":true,"ms":12,"stBefore":182711},{"pinned":false,"t":9426,"shBefore":189863,"dBefore":6412,"userScrolledUp":true,"ms":12,"stBefore":182711}] ok=false
[2026-08-05T15:58:02.192Z] G2 resize[31] dfb=6516px pinned=false size=780x740 ok=false
[2026-08-05T15:58:02.426Z] G2 stream_append[39] dfb=11646px pinned=false (no imperative pin issued) engineDebugTail=[{"pinned":false,"t":9208,"shBefore":192621,"dBefore":9190,"userScrolledUp":true,"ms":6,"stBefore":182711},{"pinned":false,"t":9414,"shBefore":189863,"dBefore":6412,"userScrolledUp":true,"ms":0,"stBefore":182711},{"pinned":false,"t":9426,"shBefore":189863,"dBefore":6412,"userScrolledUp":true,"ms":12,"stBefore":182711},{"pinned":false,"t":9426,"shBefore":189863,"dBefore":6412,"userScrolledUp":true,"ms":12,"stBefore":182711},{"pinned":false,"t":9610,"shBefore":189967,"dBefore":6516,"userScrolledUp":true,"ms":11,"stBefore":182711}] ok=false
[2026-08-05T15:58:02.629Z] G2 stream_append[40] dfb=4616px pinned=false (no imperative pin issued) engineDebugTail=[{"pinned":false,"t":9610,"shBefore":189967,"dBefore":6516,"userScrolledUp":true,"ms":11,"stBefore":182711},{"pinned":false,"t":9833,"shBefore":190071,"dBefore":11646,"userScrolledUp":true,"ms":28,"stBefore":182711},{"pinned":false,"t":9833,"shBefore":195057,"dBefore":11646,"userScrolledUp":true,"ms":0,"stBefore":182711},{"pinned":false,"t":9838.0000000000018,"shBefore":195057,"dBefore":11646,"userScrolledUp":true,"ms":5.000000000001819,"stBefore":182711},{"pinned":false,"t":9838.0000000000018,"shBefore":195057,"dBefore":11646,"userScrolledUp":true,"ms":5.000000000001819,"stBefore":182711}] ok=false
[2026-08-05T15:58:02.630Z] G2 resize[32] dfb=4616px pinned=false size=740x700 ok=false
[2026-08-05T15:58:02.841Z] G2 stream_append[41] dfb=14952px pinned=false (no imperative pin issued) engineDebugTail=[{"pinned":false,"t":9838.0000000000018,"shBefore":195057,"dBefore":11646,"userScrolledUp":true,"ms":5.000000000001819,"stBefore":182711},{"pinned":false,"t":10037,"shBefore":195161,"dBefore":4616,"userScrolledUp":true,"ms":29,"stBefore":182711},{"pinned":false,"t":10037,"shBefore":188087,"dBefore":4616,"userScrolledUp":true,"ms":0,"stBefore":182711},{"pinned":false,"t":10045,"shBefore":188087,"dBefore":4616,"userScrolledUp":true,"ms":8,"stBefore":182711},{"pinned":false,"t":10045,"shBefore":188087,"dBefore":4616,"userScrolledUp":true,"ms":8,"stBefore":182711}] ok=false
[2026-08-05T15:58:02.841Z] G2 resize[33] dfb=14952px pinned=false size=800x760 ok=false
[2026-08-05T15:58:03.044Z] G2 stream_append[42] dfb=9918px pinned=false (no imperative pin issued) engineDebugTail=[{"pinned":false,"t":10045,"shBefore":188087,"dBefore":4616,"userScrolledUp":true,"ms":8,"stBefore":182711},{"pinned":false,"t":10249,"shBefore":188191,"dBefore":15074,"userScrolledUp":true,"ms":29,"stBefore":182711},{"pinned":false,"t":10249,"shBefore":198465,"dBefore":15074,"userScrolledUp":true,"ms":0,"stBefore":182711},{"pinned":false,"t":10254,"shBefore":198465,"dBefore":15074,"userScrolledUp":true,"ms":5,"stBefore":182711},{"pinned":false,"t":10254,"shBefore":198465,"dBefore":15074,"userScrolledUp":true,"ms":5,"stBefore":182711}] ok=false
[2026-08-05T15:58:03.044Z] G2 resize[34] dfb=9918px pinned=false size=720x680 ok=false
[2026-08-05T15:58:03.045Z] G2 stream_append[43] dfb=9918px pinned=false (no imperative pin issued) engineDebugTail=[{"pinned":false,"t":10045,"shBefore":188087,"dBefore":4616,"userScrolledUp":true,"ms":8,"stBefore":182711},{"pinned":false,"t":10249,"shBefore":188191,"dBefore":15074,"userScrolledUp":true,"ms":29,"stBefore":182711},{"pinned":false,"t":10249,"shBefore":198465,"dBefore":15074,"userScrolledUp":true,"ms":0,"stBefore":182711},{"pinned":false,"t":10254,"shBefore":198465,"dBefore":15074,"userScrolledUp":true,"ms":5,"stBefore":182711},{"pinned":false,"t":10254,"shBefore":198465,"dBefore":15074,"userScrolledUp":true,"ms":5,"stBefore":182711}] ok=false
[2026-08-05T15:58:03.232Z] G2 resize[35] dfb=10022px pinned=false size=760x720 ok=false
[2026-08-05T15:58:03.233Z] G2 stream_append[44] dfb=10022px pinned=false (no imperative pin issued) engineDebugTail=[{"pinned":false,"t":10254,"shBefore":198465,"dBefore":15074,"userScrolledUp":true,"ms":5,"stBefore":182711},{"pinned":false,"t":10254,"shBefore":198465,"dBefore":15074,"userScrolledUp":true,"ms":5,"stBefore":182711},{"pinned":false,"t":10452,"shBefore":193349,"dBefore":9918,"userScrolledUp":true,"ms":0,"stBefore":182711},{"pinned":false,"t":10457,"shBefore":193349,"dBefore":9918,"userScrolledUp":true,"ms":5,"stBefore":182711},{"pinned":false,"t":10457,"shBefore":193349,"dBefore":9918,"userScrolledUp":true,"ms":5,"stBefore":182711}] ok=false
[2026-08-05T15:58:03.431Z] G2 stream_append[45] dfb=7244px pinned=false (no imperative pin issued) engineDebugTail=[{"pinned":false,"t":10457,"shBefore":193349,"dBefore":9918,"userScrolledUp":true,"ms":5,"stBefore":182711},{"pinned":false,"t":10666,"shBefore":193453,"dBefore":7140,"userScrolledUp":true,"ms":28,"stBefore":182711},{"pinned":false,"t":10666,"shBefore":190591,"dBefore":7140,"userScrolledUp":true,"ms":0,"stBefore":182711},{"pinned":false,"t":10672,"shBefore":190591,"dBefore":7140,"userScrolledUp":true,"ms":6,"stBefore":182711},{"pinned":false,"t":10672,"shBefore":190591,"dBefore":7140,"userScrolledUp":true,"ms":6,"stBefore":182711}] ok=false
[2026-08-05T15:58:03.432Z] G2 resize[36] dfb=7244px pinned=false size=780x740 ok=false
[2026-08-05T15:58:03.673Z] G2 stream_append[46] dfb=12374px pinned=false (no imperative pin issued) engineDebugTail=[{"pinned":false,"t":10666,"shBefore":193453,"dBefore":7140,"userScrolledUp":true,"ms":28,"stBefore":182711},{"pinned":false,"t":10666,"shBefore":190591,"dBefore":7140,"userScrolledUp":true,"ms":0,"stBefore":182711},{"pinned":false,"t":10672,"shBefore":190591,"dBefore":7140,"userScrolledUp":true,"ms":6,"stBefore":182711},{"pinned":false,"t":10672,"shBefore":190591,"dBefore":7140,"userScrolledUp":true,"ms":6,"stBefore":182711},{"pinned":false,"t":10844,"shBefore":190695,"dBefore":7244,"userScrolledUp":true,"ms":5,"stBefore":182711}] ok=false
[2026-08-05T15:58:03.878Z] G2 resize[37] dfb=5344px pinned=false size=740x700 ok=false
[2026-08-05T15:58:03.878Z] G2 stream_append[47] dfb=5344px pinned=false (no imperative pin issued) engineDebugTail=[{"pinned":false,"t":10672,"shBefore":190591,"dBefore":7140,"userScrolledUp":true,"ms":6,"stBefore":182711},{"pinned":false,"t":10844,"shBefore":190695,"dBefore":7244,"userScrolledUp":true,"ms":5,"stBefore":182711},{"pinned":false,"t":11081,"shBefore":195785,"dBefore":12374,"userScrolledUp":true,"ms":0,"stBefore":182711},{"pinned":false,"t":11086,"shBefore":195785,"dBefore":12374,"userScrolledUp":true,"ms":5,"stBefore":182711},{"pinned":false,"t":11086,"shBefore":195785,"dBefore":12374,"userScrolledUp":true,"ms":5,"stBefore":182711}] ok=false
[2026-08-05T15:58:04.077Z] G2 resize[38] dfb=15806px pinned=false size=800x760 ok=false
[2026-08-05T15:58:04.077Z] G2 stream_append[48] dfb=15806px pinned=false (no imperative pin issued) engineDebugTail=[{"pinned":false,"t":11086,"shBefore":195785,"dBefore":12374,"userScrolledUp":true,"ms":5,"stBefore":182711},{"pinned":false,"t":11086,"shBefore":195785,"dBefore":12374,"userScrolledUp":true,"ms":5,"stBefore":182711},{"pinned":false,"t":11286,"shBefore":188815,"dBefore":5344,"userScrolledUp":true,"ms":0,"stBefore":182711},{"pinned":false,"t":11294,"shBefore":188815,"dBefore":5344,"userScrolledUp":true,"ms":8,"stBefore":182711},{"pinned":false,"t":11294,"shBefore":188815,"dBefore":5344,"userScrolledUp":true,"ms":8,"stBefore":182711}] ok=false
[2026-08-05T15:58:04.250Z] G2 resize[39] dfb=15806px pinned=false size=720x680 ok=false
[2026-08-05T15:58:04.251Z] G2 stream_append[49] dfb=15806px pinned=false (no imperative pin issued) engineDebugTail=[{"pinned":false,"t":11294,"shBefore":188815,"dBefore":5344,"userScrolledUp":true,"ms":8,"stBefore":182711},{"pinned":false,"t":11294,"shBefore":188815,"dBefore":5344,"userScrolledUp":true,"ms":8,"stBefore":182711},{"pinned":false,"t":11485,"shBefore":199197,"dBefore":15806,"userScrolledUp":true,"ms":0,"stBefore":182711},{"pinned":false,"t":11490,"shBefore":199197,"dBefore":15806,"userScrolledUp":true,"ms":5,"stBefore":182711},{"pinned":false,"t":11490,"shBefore":199197,"dBefore":15806,"userScrolledUp":true,"ms":5,"stBefore":182711}] ok=false
[2026-08-05T15:58:06.497Z] JS_ERR: JavaScript execution returned a result of an unsupported type
[2026-08-05T15:58:09.155Z] G2 evidence written: /Users/openclaw/projects/BeeChat-v5/Docs/Reviews/optionb/G2-evidence.md
[2026-08-05T15:58:09.156Z] === exit code=1 ===
[2026-08-05T15:58:58.587Z] === TranscriptSpike launch ===
[2026-08-05T15:58:58.588Z] date=2026-08-05T15:58:58.588Z
[2026-08-05T15:58:58.588Z] build=TranscriptSpike WP-0 2026-08-05
[2026-08-05T15:58:58.588Z] machine=Openclaw's Mac mini  macOS 26.5.1 arm64
[2026-08-05T15:58:58.588Z] dbPath=/Users/openclaw/Library/Application Support/BeeChat/BeeChat.sqlite
[2026-08-05T15:58:58.588Z] generalTopicID=491EA8D6-9527-4E71-89B4-D0A06DF3F49D
[2026-08-05T15:58:58.588Z] generalSessionKey=agent:main:491ea8d6-9527-4e71-89b4-d0a06df3f49d
[2026-08-05T15:58:58.588Z] operator=Q
[2026-08-05T15:58:58.588Z] gate=g2
[2026-08-05T15:58:58.616Z] messages_loaded=428 at 2026-08-05T15:58:58.616Z
[2026-08-05T15:58:58.825Z] webView didFinish navigation at 2026-08-05T15:58:58.825Z
[2026-08-05T15:59:00.426Z] G2 START — pre-registered criteria:
[2026-08-05T15:59:00.427Z] G2 criterion scroll_engine=route_plan_4.4 (pinned+ResizeObserver+50/120 hysteresis+window.resize)
[2026-08-05T15:59:00.427Z] G2 criterion pin_state_required=true throughout all measurement phases
[2026-08-05T15:59:00.427Z] G2 criterion distance_from_bottom_px_tolerance=4 (sub-frame; allows sub-pixel rounding)
[2026-08-05T15:59:00.428Z] G2 criterion streaming_append_count=50 at everyMs=200 (5fps for 10s)
[2026-08-05T15:59:00.428Z] G2 criterion late_image_count=10 at everyMs=500 (local PNG fixtures)
[2026-08-05T15:59:00.428Z] G2 criterion window_resize_duration_sec=10 at hz=4 cycling 5 sizes
[2026-08-05T15:59:00.428Z] G2 criterion bounce_probe_method=scroll_up_500px_then_inject_above_and_below_then_hold_10_frames_no_repin
[2026-08-05T15:59:00.429Z] G2 criterion bounce_probe_passes_only_if_pinned_state_remains_correct_under_stress
[2026-08-05T15:59:00.429Z] G2 criterion no_imperative_pinToBottom_during_measurement_phases (the scroll engine is the pin)
[2026-08-05T15:59:00.429Z] G2 criterion verdict_logic_evaluates_each_criterion_above_explicitly (E8 compliance)
[2026-08-05T15:59:00.563Z] JS[consoleLog]: ERROR: Script error.
[2026-08-05T15:59:00.659Z] G2 stream_append[0] dfb=0px pinned=true (no imperative pin issued) engineDebugTail=[{"shAfter":187839,"t":114,"shBefore":187839,"dBefore":187119,"stAfter":187119,"ms":18,"dAfter":0,"pinned":true,"userScrolledUp":false,"stBefore":0,"lastPinTransition":111},{"shAfter":187839,"t":114,"shBefore":187839,"dBefore":0,"stAfter":187119,"ms":18,"dAfter":0,"pinned":true,"userScrolledUp":false,"stBefore":0,"lastPinTransition":111},{"shAfter":187943,"t":1683,"shBefore":187943,"dBefore":104,"stAfter":187223,"ms":34,"dAfter":0,"pinned":true,"userScrolledUp":false,"stBefore":187119,"lastPinTransition":1666},{"shAfter":188026,"t":1765.0000000000002,"shBefore":188002,"dBefore":83,"stAfter":187306,"ms":30.000000000000227,"dAfter":0,"pinned":true,"userScrolledUp":false,"stBefore":187223,"lastPinTransition":1749},{"shAfter":188026,"t":1783.0000000000002,"shBefore":188026,"dBefore":0,"stAfter":187306,"ms":34.000000000000227,"dAfter":0,"pinned":true,"userScrolledUp":false,"stBefore":187306,"lastPinTransition":1765.0000000000002}] ok=true
[2026-08-05T15:59:00.659Z] G2 resize[0] dfb=0px pinned=true size=760x720 ok=true
[2026-08-05T15:59:00.844Z] G2 stream_append[1] dfb=104px pinned=true (no imperative pin issued) engineDebugTail=[{"shAfter":188026,"t":1783.0000000000002,"shBefore":188026,"dBefore":0,"stAfter":187306,"ms":34.000000000000227,"dAfter":0,"pinned":true,"userScrolledUp":false,"stBefore":187306,"lastPinTransition":1765.0000000000002},{"shAfter":188130,"t":1849,"shBefore":188130,"dBefore":104,"stAfter":187410,"ms":22,"dAfter":0,"pinned":true,"userScrolledUp":false,"stBefore":187306,"lastPinTransition":1833},{"shAfter":185268,"t":1933,"shBefore":185268,"dBefore":0,"stAfter":184528,"ms":8,"dAfter":0,"pinned":true,"userScrolledUp":false,"stBefore":184528,"lastPinTransition":1925},{"shAfter":185268,"t":1949,"shBefore":185268,"dBefore":0,"stAfter":184528,"ms":24,"dAfter":0,"pinned":true,"userScrolledUp":false,"stBefore":184528,"lastPinTransition":1933},{"shAfter":185268,"t":1949,"shBefore":185268,"dBefore":0,"stAfter":184528,"ms":24,"dAfter":0,"pinned":true,"userScrolledUp":false,"stBefore":184528,"lastPinTransition":1933}] ok=false
[2026-08-05T15:59:00.926Z] G2 resize[1] dfb=0px pinned=true size=780x740 ok=true
[2026-08-05T15:59:01.049Z] G2 stream_append[2] dfb=104px pinned=true (no imperative pin issued) engineDebugTail=[{"shAfter":185268,"t":1949,"shBefore":185268,"dBefore":0,"stAfter":184528,"ms":24,"dAfter":0,"pinned":true,"userScrolledUp":false,"stBefore":184528,"lastPinTransition":1933},{"shAfter":185372,"t":2066,"shBefore":185372,"dBefore":104,"stAfter":184632,"ms":39.999999999999773,"dAfter":0,"pinned":true,"userScrolledUp":false,"stBefore":184528,"lastPinTransition":2050},{"shAfter":190358,"t":2192,"shBefore":190358,"dBefore":5026,"stAfter":189658,"ms":3,"dAfter":0,"pinned":true,"userScrolledUp":false,"stBefore":184632,"lastPinTransition":2189},{"shAfter":190358,"t":2199,"shBefore":190358,"dBefore":0,"stAfter":189658,"ms":10,"dAfter":0,"pinned":true,"userScrolledUp":false,"stBefore":189658,"lastPinTransition":2192},{"shAfter":190358,"t":2199,"shBefore":190358,"dBefore":0,"stAfter":189658,"ms":10,"dAfter":0,"pinned":true,"userScrolledUp":false,"stBefore":189658,"lastPinTransition":2192}] ok=false
[2026-08-05T15:59:01.054Z] JS[consoleLog]: ERROR: Script error.
[2026-08-05T15:59:01.176Z] G2 image_inject[0] dfb=0px pinned=true url=g2-img-0.png ok=true
[2026-08-05T15:59:01.179Z] G2 resize[2] dfb=0px pinned=true size=740x700 ok=true
[2026-08-05T15:59:01.272Z] G2 stream_append[3] dfb=104px pinned=true (no imperative pin issued) engineDebugTail=[{"shAfter":190358,"t":2192,"shBefore":190358,"dBefore":5026,"stAfter":189658,"ms":3,"dAfter":0,"pinned":true,"userScrolledUp":false,"stBefore":184632,"lastPinTransition":2189},{"shAfter":190358,"t":2199,"shBefore":190358,"dBefore":0,"stAfter":189658,"ms":10,"dAfter":0,"pinned":true,"userScrolledUp":false,"stBefore":189658,"lastPinTransition":2192},{"shAfter":190358,"t":2199,"shBefore":190358,"dBefore":0,"stAfter":189658,"ms":10,"dAfter":0,"pinned":true,"userScrolledUp":false,"stBefore":189658,"lastPinTransition":2192},{"shAfter":190545,"t":2266,"shBefore":190521,"dBefore":187,"stAfter":189845,"ms":33,"dAfter":0,"pinned":true,"userScrolledUp":false,"stBefore":189658,"lastPinTransition":2249},{"shAfter":190545,"t":2282,"shBefore":190545,"dBefore":0,"stAfter":189845,"ms":32,"dAfter":0,"pinned":true,"userScrolledUp":false,"stBefore":189845,"lastPinTransition":2266}] ok=false
[2026-08-05T15:59:01.476Z] G2 resize[3] dfb=9760px pinned=true size=800x760 ok=false
[2026-08-05T15:59:01.476Z] G2 stream_append[4] dfb=9760px pinned=true (no imperative pin issued) engineDebugTail=[{"shAfter":190545,"t":2266,"shBefore":190521,"dBefore":187,"stAfter":189845,"ms":33,"dAfter":0,"pinned":true,"userScrolledUp":false,"stBefore":189658,"lastPinTransition":2249},{"shAfter":190545,"t":2282,"shBefore":190545,"dBefore":0,"stAfter":189845,"ms":32,"dAfter":0,"pinned":true,"userScrolledUp":false,"stBefore":189845,"lastPinTransition":2266},{"shAfter":183575,"t":2460,"shBefore":183575,"dBefore":104,"stAfter":182815,"ms":6,"dAfter":0,"pinned":true,"userScrolledUp":false,"stBefore":182711,"lastPinTransition":2455},{"shAfter":183575,"t":2466,"shBefore":183575,"dBefore":0,"stAfter":182815,"ms":11,"dAfter":0,"pinned":true,"userScrolledUp":false,"stBefore":182815,"lastPinTransition":2461},{"shAfter":183575,"t":2466,"shBefore":183575,"dBefore":0,"stAfter":182815,"ms":11,"dAfter":0,"pinned":true,"userScrolledUp":false,"stBefore":182815,"lastPinTransition":2461}] ok=false
[2026-08-05T15:59:01.582Z] JS[consoleLog]: ERROR: Script error.
[2026-08-05T15:59:01.651Z] G2 stream_append[5] dfb=104px pinned=true (no imperative pin issued) engineDebugTail=[{"shAfter":193255,"t":2665,"shBefore":183679,"dBefore":9760,"stAfter":192575,"ms":38,"dAfter":0,"pinned":true,"userScrolledUp":false,"stBefore":182815,"lastPinTransition":2659.0000000000005},{"shAfter":193255,"t":2665,"shBefore":193255,"dBefore":0,"stAfter":192575,"ms":5.9999999999995453,"dAfter":0,"pinned":true,"userScrolledUp":false,"stBefore":182815,"lastPinTransition":2659.0000000000005},{"shAfter":193255,"t":2683.0000000000005,"shBefore":193255,"dBefore":0,"stAfter":192575,"ms":24,"dAfter":0,"pinned":true,"userScrolledUp":false,"stBefore":192575,"lastPinTransition":2665},{"shAfter":193255,"t":2683.0000000000005,"shBefore":193255,"dBefore":0,"stAfter":192575,"ms":24,"dAfter":0,"pinned":true,"userScrolledUp":false,"stBefore":192575,"lastPinTransition":2665},{"shAfter":193338,"t":2800.0000000000005,"shBefore":193338,"dBefore":83,"stAfter":192658,"ms":33.000000000000455,"dAfter":0,"pinned":true,"userScrolledUp":false,"stBefore":192575,"lastPinTransition":2783}] ok=false
[2026-08-05T15:59:01.652Z] G2 resize[4] dfb=104px pinned=true size=720x680 ok=false
[2026-08-05T15:59:01.653Z] G2 image_inject[1] dfb=104px pinned=true url=g2-img-1.png ok=false
[2026-08-05T15:59:01.861Z] G2 stream_append[6] dfb=104px pinned=true (no imperative pin issued) engineDebugTail=[{"shAfter":193338,"t":2800.0000000000005,"shBefore":193338,"dBefore":83,"stAfter":192658,"ms":33.000000000000455,"dAfter":0,"pinned":true,"userScrolledUp":false,"stBefore":192575,"lastPinTransition":2783},{"shAfter":193442,"t":2867,"shBefore":193442,"dBefore":104,"stAfter":192762,"ms":33,"dAfter":0,"pinned":true,"userScrolledUp":false,"stBefore":192658,"lastPinTransition":2850},{"shAfter":188816,"t":2995,"shBefore":188816,"dBefore":0,"stAfter":188096,"ms":5,"dAfter":0,"pinned":true,"userScrolledUp":false,"stBefore":188096,"lastPinTransition":2991},{"shAfter":188816,"t":3000,"shBefore":188816,"dBefore":0,"stAfter":188096,"ms":9,"dAfter":0,"pinned":true,"userScrolledUp":false,"stBefore":188096,"lastPinTransition":2995},{"shAfter":188816,"t":3000,"shBefore":188816,"dBefore":0,"stAfter":188096,"ms":9,"dAfter":0,"pinned":true,"userScrolledUp":false,"stBefore":188096,"lastPinTransition":2995}] ok=false
[2026-08-05T15:59:02.010Z] G2 resize[5] dfb=0px pinned=true size=760x720 ok=true
[2026-08-05T15:59:02.071Z] G2 stream_append[7] dfb=163px pinned=true (no imperative pin issued) engineDebugTail=[{"shAfter":188816,"t":3000,"shBefore":188816,"dBefore":0,"stAfter":188096,"ms":9,"dAfter":0,"pinned":true,"userScrolledUp":false,"stBefore":188096,"lastPinTransition":2995},{"shAfter":188920,"t":3066.0000000000005,"shBefore":188920,"dBefore":104,"stAfter":188200,"ms":23.000000000000455,"dAfter":0,"pinned":true,"userScrolledUp":false,"stBefore":188096,"lastPinTransition":3050.0000000000005},{"shAfter":186058,"t":3198,"shBefore":186058,"dBefore":0,"stAfter":185318,"ms":6,"dAfter":0,"pinned":true,"userScrolledUp":false,"stBefore":185318,"lastPinTransition":3192},{"shAfter":186058,"t":3200,"shBefore":186058,"dBefore":0,"stAfter":185318,"ms":7,"dAfter":0,"pinned":true,"userScrolledUp":false,"stBefore":185318,"lastPinTransition":3198},{"shAfter":186058,"t":3200,"shBefore":186058,"dBefore":0,"stAfter":185318,"ms":7,"dAfter":0,"pinned":true,"userScrolledUp":false,"stBefore":185318,"lastPinTransition":3198}] ok=false
[2026-08-05T15:59:02.076Z] JS[consoleLog]: ERROR: Script error.
[2026-08-05T15:59:02.194Z] G2 image_inject[2] dfb=0px pinned=true url=g2-img-2.png ok=true
[2026-08-05T15:59:02.195Z] G2 resize[6] dfb=0px pinned=true size=780x740 ok=true
[2026-08-05T15:59:02.313Z] G2 stream_append[8] dfb=5130px pinned=true (no imperative pin issued) engineDebugTail=[{"shAfter":186058,"t":3198,"shBefore":186058,"dBefore":0,"stAfter":185318,"ms":6,"dAfter":0,"pinned":true,"userScrolledUp":false,"stBefore":185318,"lastPinTransition":3192},{"shAfter":186058,"t":3200,"shBefore":186058,"dBefore":0,"stAfter":185318,"ms":7,"dAfter":0,"pinned":true,"userScrolledUp":false,"stBefore":185318,"lastPinTransition":3198},{"shAfter":186058,"t":3200,"shBefore":186058,"dBefore":0,"stAfter":185318,"ms":7,"dAfter":0,"pinned":true,"userScrolledUp":false,"stBefore":185318,"lastPinTransition":3198},{"shAfter":186245,"t":3284.0000000000005,"shBefore":186221,"dBefore":187,"stAfter":185505,"ms":30.000000000000455,"dAfter":0,"pinned":true,"userScrolledUp":false,"stBefore":185318,"lastPinTransition":3267},{"shAfter":186245,"t":3301,"shBefore":186245,"dBefore":0,"stAfter":185505,"ms":34,"dAfter":0,"pinned":true,"userScrolledUp":false,"stBefore":185505,"lastPinTransition":3284.0000000000005}] ok=false
[2026-08-05T15:59:02.529Z] G2 resize[7] dfb=0px pinned=true size=740x700 ok=true
[2026-08-05T15:59:02.529Z] G2 stream_append[9] dfb=0px pinned=true (no imperative pin issued) engineDebugTail=[{"shAfter":186245,"t":3284.0000000000005,"shBefore":186221,"dBefore":187,"stAfter":185505,"ms":30.000000000000455,"dAfter":0,"pinned":true,"userScrolledUp":false,"stBefore":185318,"lastPinTransition":3267},{"shAfter":186245,"t":3301,"shBefore":186245,"dBefore":0,"stAfter":185505,"ms":34,"dAfter":0,"pinned":true,"userScrolledUp":false,"stBefore":185505,"lastPinTransition":3284.0000000000005},{"shAfter":191335,"t":3501,"shBefore":191335,"dBefore":5130,"stAfter":190635,"ms":5,"dAfter":0,"pinned":true,"userScrolledUp":false,"stBefore":185505,"lastPinTransition":3496},{"shAfter":191335,"t":3517,"shBefore":191335,"dBefore":0,"stAfter":190635,"ms":21,"dAfter":0,"pinned":true,"userScrolledUp":false,"stBefore":190635,"lastPinTransition":3501},{"shAfter":191335,"t":3517,"shBefore":191335,"dBefore":0,"stAfter":190635,"ms":21,"dAfter":0,"pinned":true,"userScrolledUp":false,"stBefore":190635,"lastPinTransition":3501}] ok=true
[2026-08-05T15:59:02.684Z] G2 image_inject[3] dfb=163px pinned=true url=g2-img-3.png ok=false
[2026-08-05T15:59:02.692Z] JS[consoleLog]: ERROR: Script error.
[2026-08-05T15:59:02.707Z] G2 stream_append[10] dfb=0px pinned=true (no imperative pin issued) engineDebugTail=[{"shAfter":191335,"t":3517,"shBefore":191335,"dBefore":0,"stAfter":190635,"ms":21,"dAfter":0,"pinned":true,"userScrolledUp":false,"stBefore":190635,"lastPinTransition":3501},{"shAfter":184365,"t":3717,"shBefore":191439,"dBefore":0,"stAfter":183605,"ms":39,"dAfter":0,"pinned":true,"userScrolledUp":false,"stBefore":190635,"lastPinTransition":3712},{"shAfter":184365,"t":3717,"shBefore":184365,"dBefore":0,"stAfter":183605,"ms":5,"dAfter":0,"pinned":true,"userScrolledUp":false,"stBefore":183605,"lastPinTransition":3712},{"shAfter":184365,"t":3734,"shBefore":184365,"dBefore":0,"stAfter":183605,"ms":22,"dAfter":0,"pinned":true,"userScrolledUp":false,"stBefore":183605,"lastPinTransition":3717},{"shAfter":184365,"t":3734,"shBefore":184365,"dBefore":0,"stAfter":183605,"ms":22,"dAfter":0,"pinned":true,"userScrolledUp":false,"stBefore":183605,"lastPinTransition":3717}] ok=true
[2026-08-05T15:59:02.728Z] G2 resize[8] dfb=9674px pinned=true size=800x760 ok=false
[2026-08-05T15:59:02.894Z] G2 stream_append[11] dfb=122px pinned=true (no imperative pin issued) engineDebugTail=[{"shAfter":194146,"t":3911,"shBefore":184528,"dBefore":187,"stAfter":193466,"ms":45,"dAfter":0,"pinned":true,"userScrolledUp":false,"stBefore":183605,"lastPinTransition":3884},{"shAfter":194146,"t":3917.0000000000005,"shBefore":184552,"dBefore":0,"stAfter":193466,"ms":33.000000000000455,"dAfter":0,"pinned":true,"userScrolledUp":false,"stBefore":183792,"lastPinTransition":3911},{"shAfter":194146,"t":3917.0000000000005,"shBefore":194146,"dBefore":0,"stAfter":193466,"ms":6.0000000000004547,"dAfter":0,"pinned":true,"userScrolledUp":false,"stBefore":183792,"lastPinTransition":3911},{"shAfter":194146,"t":3934,"shBefore":194146,"dBefore":0,"stAfter":193466,"ms":23,"dAfter":0,"pinned":true,"userScrolledUp":false,"stBefore":193466,"lastPinTransition":3917.0000000000005},{"shAfter":194146,"t":3934,"shBefore":194146,"dBefore":0,"stAfter":193466,"ms":23,"dAfter":0,"pinned":true,"userScrolledUp":false,"stBefore":193466,"lastPinTransition":3917.0000000000005}] ok=false
[2026-08-05T15:59:02.917Z] G2 resize[9] dfb=122px pinned=true size=720x680 ok=false
[2026-08-05T15:59:03.130Z] G2 stream_append[12] dfb=163px pinned=true (no imperative pin issued) engineDebugTail=[{"shAfter":194146,"t":3917.0000000000005,"shBefore":184552,"dBefore":0,"stAfter":193466,"ms":33.000000000000455,"dAfter":0,"pinned":true,"userScrolledUp":false,"stBefore":183792,"lastPinTransition":3911},{"shAfter":194146,"t":3917.0000000000005,"shBefore":194146,"dBefore":0,"stAfter":193466,"ms":6.0000000000004547,"dAfter":0,"pinned":true,"userScrolledUp":false,"stBefore":183792,"lastPinTransition":3911},{"shAfter":194146,"t":3934,"shBefore":194146,"dBefore":0,"stAfter":193466,"ms":23,"dAfter":0,"pinned":true,"userScrolledUp":false,"stBefore":193466,"lastPinTransition":3917.0000000000005},{"shAfter":194146,"t":3934,"shBefore":194146,"dBefore":0,"stAfter":193466,"ms":23,"dAfter":0,"pinned":true,"userScrolledUp":false,"stBefore":193466,"lastPinTransition":3917.0000000000005},{"shAfter":194268,"t":4118,"shBefore":194268,"dBefore":122,"stAfter":193588,"ms":41,"dAfter":0,"pinned":true,"userScrolledUp":false,"stBefore":193466,"lastPinTransition":4101}] ok=false
[2026-08-05T15:59:03.133Z] JS[consoleLog]: ERROR: Script error.
[2026-08-05T15:59:03.341Z] G2 image_inject[4] dfb=104px pinned=true url=g2-img-4.png ok=false
[2026-08-05T15:59:03.341Z] G2 resize[10] dfb=104px pinned=true size=760x720 ok=false
[2026-08-05T15:59:03.342Z] G2 stream_append[13] dfb=104px pinned=true (no imperative pin issued) engineDebugTail=[{"shAfter":194268,"t":4118,"shBefore":194268,"dBefore":122,"stAfter":193588,"ms":41,"dAfter":0,"pinned":true,"userScrolledUp":false,"stBefore":193466,"lastPinTransition":4101},{"shAfter":189793,"t":4318.0000000000009,"shBefore":189769,"dBefore":163,"stAfter":189073,"ms":6.0000000000009095,"dAfter":0,"pinned":true,"userScrolledUp":false,"stBefore":188886,"lastPinTransition":4312},{"shAfter":189793,"t":4334.0000000000009,"shBefore":189769,"dBefore":0,"stAfter":189073,"ms":22.000000000000909,"dAfter":0,"pinned":true,"userScrolledUp":false,"stBefore":189049,"lastPinTransition":4318.0000000000009},{"shAfter":189793,"t":4334.0000000000009,"shBefore":189769,"dBefore":0,"stAfter":189073,"ms":22.000000000000909,"dAfter":0,"pinned":true,"userScrolledUp":false,"stBefore":189049,"lastPinTransition":4318.0000000000009},{"shAfter":189793,"t":4351,"shBefore":189793,"dBefore":0,"stAfter":189073,"ms":32.999999999999091,"dAfter":0,"pinned":true,"userScrolledUp":false,"stBefore":189073,"lastPinTransition":4334.0000000000009}] ok=false
[2026-08-05T15:59:03.544Z] G2 resize[11] dfb=5130px pinned=true size=780x740 ok=false
[2026-08-05T15:59:03.544Z] G2 stream_append[14] dfb=5130px pinned=true (no imperative pin issued) engineDebugTail=[{"shAfter":189793,"t":4334.0000000000009,"shBefore":189769,"dBefore":0,"stAfter":189073,"ms":22.000000000000909,"dAfter":0,"pinned":true,"userScrolledUp":false,"stBefore":189049,"lastPinTransition":4318.0000000000009},{"shAfter":189793,"t":4351,"shBefore":189793,"dBefore":0,"stAfter":189073,"ms":32.999999999999091,"dAfter":0,"pinned":true,"userScrolledUp":false,"stBefore":189073,"lastPinTransition":4334.0000000000009},{"shAfter":187035,"t":4529,"shBefore":187035,"dBefore":104,"stAfter":186295,"ms":5,"dAfter":0,"pinned":true,"userScrolledUp":false,"stBefore":186191,"lastPinTransition":4524},{"shAfter":187035,"t":4535,"shBefore":187035,"dBefore":0,"stAfter":186295,"ms":11,"dAfter":0,"pinned":true,"userScrolledUp":false,"stBefore":186295,"lastPinTransition":4529},{"shAfter":187035,"t":4535,"shBefore":187035,"dBefore":0,"stAfter":186295,"ms":11,"dAfter":0,"pinned":true,"userScrolledUp":false,"stBefore":186295,"lastPinTransition":4529}] ok=false
[2026-08-05T15:59:03.744Z] G2 image_inject[5] dfb=0px pinned=true url=g2-img-5.png ok=true
[2026-08-05T15:59:03.745Z] G2 stream_append[15] dfb=0px pinned=true (no imperative pin issued) engineDebugTail=[{"shAfter":187035,"t":4535,"shBefore":187035,"dBefore":0,"stAfter":186295,"ms":11,"dAfter":0,"pinned":true,"userScrolledUp":false,"stBefore":186295,"lastPinTransition":4529},{"shAfter":192125,"t":4734,"shBefore":187139,"dBefore":5130,"stAfter":191425,"ms":38,"dAfter":0,"pinned":true,"userScrolledUp":false,"stBefore":186295,"lastPinTransition":4727},{"shAfter":192125,"t":4734,"shBefore":192125,"dBefore":0,"stAfter":191425,"ms":7,"dAfter":0,"pinned":true,"userScrolledUp":false,"stBefore":186295,"lastPinTransition":4727},{"shAfter":192125,"t":4751,"shBefore":192125,"dBefore":0,"stAfter":191425,"ms":24,"dAfter":0,"pinned":true,"userScrolledUp":false,"stBefore":191425,"lastPinTransition":4734},{"shAfter":192125,"t":4751,"shBefore":192125,"dBefore":0,"stAfter":191425,"ms":24,"dAfter":0,"pinned":true,"userScrolledUp":false,"stBefore":191425,"lastPinTransition":4734}] ok=true
[2026-08-05T15:59:03.745Z] G2 resize[12] dfb=0px pinned=true size=740x700 ok=true
[2026-08-05T15:59:03.748Z] JS[consoleLog]: ERROR: Script error.
[2026-08-05T15:59:03.929Z] G2 stream_append[16] dfb=104px pinned=true (no imperative pin issued) engineDebugTail=[{"shAfter":192125,"t":4751,"shBefore":192125,"dBefore":0,"stAfter":191425,"ms":24,"dAfter":0,"pinned":true,"userScrolledUp":false,"stBefore":191425,"lastPinTransition":4734},{"shAfter":185238,"t":4935.0000000000009,"shBefore":185234,"dBefore":20,"stAfter":184478,"ms":8,"dAfter":0,"pinned":true,"userScrolledUp":false,"stBefore":184454,"lastPinTransition":4927.0000000000009},{"shAfter":185238,"t":4952,"shBefore":185234,"dBefore":0,"stAfter":184478,"ms":24.999999999999091,"dAfter":0,"pinned":true,"userScrolledUp":false,"stBefore":184474,"lastPinTransition":4935.0000000000009},{"shAfter":185238,"t":4952,"shBefore":185234,"dBefore":0,"stAfter":184478,"ms":24.999999999999091,"dAfter":0,"pinned":true,"userScrolledUp":false,"stBefore":184474,"lastPinTransition":4935.0000000000009},{"shAfter":185238,"t":4968,"shBefore":185238,"dBefore":0,"stAfter":184478,"ms":32.999999999999091,"dAfter":0,"pinned":true,"userScrolledUp":false,"stBefore":184478,"lastPinTransition":4952}] ok=false
[2026-08-05T15:59:03.930Z] G2 resize[13] dfb=104px pinned=true size=800x760 ok=false
[2026-08-05T15:59:04.160Z] G2 stream_append[17] dfb=9963px pinned=true (no imperative pin issued) engineDebugTail=[{"shAfter":185238,"t":4935.0000000000009,"shBefore":185234,"dBefore":20,"stAfter":184478,"ms":8,"dAfter":0,"pinned":true,"userScrolledUp":false,"stBefore":184454,"lastPinTransition":4927.0000000000009},{"shAfter":185238,"t":4952,"shBefore":185234,"dBefore":0,"stAfter":184478,"ms":24.999999999999091,"dAfter":0,"pinned":true,"userScrolledUp":false,"stBefore":184474,"lastPinTransition":4935.0000000000009},{"shAfter":185238,"t":4952,"shBefore":185234,"dBefore":0,"stAfter":184478,"ms":24.999999999999091,"dAfter":0,"pinned":true,"userScrolledUp":false,"stBefore":184474,"lastPinTransition":4935.0000000000009},{"shAfter":185238,"t":4968,"shBefore":185238,"dBefore":0,"stAfter":184478,"ms":32.999999999999091,"dAfter":0,"pinned":true,"userScrolledUp":false,"stBefore":184478,"lastPinTransition":4952},{"shAfter":185342,"t":5134,"shBefore":185342,"dBefore":104,"stAfter":184582,"ms":22,"dAfter":0,"pinned":true,"userScrolledUp":false,"stBefore":184478,"lastPinTransition":5118}] ok=false
[2026-08-05T15:59:04.163Z] JS[consoleLog]: ERROR: Script error.
[2026-08-05T15:59:04.375Z] G2 image_inject[6] dfb=104px pinned=true url=g2-img-6.png ok=false
[2026-08-05T15:59:04.375Z] G2 resize[14] dfb=104px pinned=true size=720x680 ok=false
[2026-08-05T15:59:04.376Z] G2 stream_append[18] dfb=104px pinned=true (no imperative pin issued) engineDebugTail=[{"shAfter":185342,"t":5134,"shBefore":185342,"dBefore":104,"stAfter":184582,"ms":22,"dAfter":0,"pinned":true,"userScrolledUp":false,"stBefore":184478,"lastPinTransition":5118},{"shAfter":195249,"t":5347,"shBefore":195225,"dBefore":9963,"stAfter":194569,"ms":4,"dAfter":0,"pinned":true,"userScrolledUp":false,"stBefore":184582,"lastPinTransition":5343},{"shAfter":195249,"t":5352,"shBefore":195225,"dBefore":0,"stAfter":194569,"ms":9,"dAfter":0,"pinned":true,"userScrolledUp":false,"stBefore":194545,"lastPinTransition":5347},{"shAfter":195249,"t":5352,"shBefore":195225,"dBefore":0,"stAfter":194569,"ms":9,"dAfter":0,"pinned":true,"userScrolledUp":false,"stBefore":194545,"lastPinTransition":5347},{"shAfter":195249,"t":5369,"shBefore":195249,"dBefore":0,"stAfter":194569,"ms":22,"dAfter":0,"pinned":true,"userScrolledUp":false,"stBefore":194569,"lastPinTransition":5352}] ok=false
[2026-08-05T15:59:04.579Z] G2 resize[15] dfb=59px pinned=true size=760x720 ok=false
[2026-08-05T15:59:04.580Z] G2 stream_append[19] dfb=59px pinned=true (no imperative pin issued) engineDebugTail=[{"shAfter":195249,"t":5352,"shBefore":195225,"dBefore":0,"stAfter":194569,"ms":9,"dAfter":0,"pinned":true,"userScrolledUp":false,"stBefore":194545,"lastPinTransition":5347},{"shAfter":195249,"t":5369,"shBefore":195249,"dBefore":0,"stAfter":194569,"ms":22,"dAfter":0,"pinned":true,"userScrolledUp":false,"stBefore":194569,"lastPinTransition":5352},{"shAfter":190583,"t":5563,"shBefore":190583,"dBefore":104,"stAfter":189863,"ms":5,"dAfter":0,"pinned":true,"userScrolledUp":false,"stBefore":189759,"lastPinTransition":5558},{"shAfter":190583,"t":5567,"shBefore":190583,"dBefore":0,"stAfter":189863,"ms":9,"dAfter":0,"pinned":true,"userScrolledUp":false,"stBefore":189863,"lastPinTransition":5563},{"shAfter":190583,"t":5567,"shBefore":190583,"dBefore":0,"stAfter":189863,"ms":9,"dAfter":0,"pinned":true,"userScrolledUp":false,"stBefore":189863,"lastPinTransition":5563}] ok=false
[2026-08-05T15:59:04.582Z] JS[consoleLog]: ERROR: Script error.
[2026-08-05T15:59:04.779Z] G2 image_inject[7] dfb=5130px pinned=true url=g2-img-7.png ok=false
[2026-08-05T15:59:04.780Z] G2 stream_append[20] dfb=5130px pinned=true (no imperative pin issued) engineDebugTail=[{"shAfter":187908,"t":5769,"shBefore":190687,"dBefore":59,"stAfter":187168,"ms":39,"dAfter":0,"pinned":true,"userScrolledUp":false,"stBefore":189863,"lastPinTransition":5762},{"shAfter":187908,"t":5769,"shBefore":187884,"dBefore":0,"stAfter":187168,"ms":7,"dAfter":0,"pinned":true,"userScrolledUp":false,"stBefore":187085,"lastPinTransition":5762},{"shAfter":187908,"t":5786.0000000000009,"shBefore":187884,"dBefore":0,"stAfter":187168,"ms":24.000000000000909,"dAfter":0,"pinned":true,"userScrolledUp":false,"stBefore":187144,"lastPinTransition":5769},{"shAfter":187908,"t":5786.0000000000009,"shBefore":187884,"dBefore":0,"stAfter":187168,"ms":24.000000000000909,"dAfter":0,"pinned":true,"userScrolledUp":false,"stBefore":187144,"lastPinTransition":5769},{"shAfter":187908,"t":5802.0000000000009,"shBefore":187908,"dBefore":0,"stAfter":187168,"ms":33.000000000000909,"dAfter":0,"pinned":true,"userScrolledUp":false,"stBefore":187168,"lastPinTransition":5786.0000000000009}] ok=false
[2026-08-05T15:59:04.780Z] G2 resize[16] dfb=5130px pinned=true size=780x740 ok=false
[2026-08-05T15:59:04.995Z] G2 stream_append[21] dfb=0px pinned=true (no imperative pin issued) engineDebugTail=[{"shAfter":187908,"t":5802.0000000000009,"shBefore":187908,"dBefore":0,"stAfter":187168,"ms":33.000000000000909,"dAfter":0,"pinned":true,"userScrolledUp":false,"stBefore":187168,"lastPinTransition":5786.0000000000009},{"shAfter":192998,"t":5969,"shBefore":188012,"dBefore":5130,"stAfter":192298,"ms":36,"dAfter":0,"pinned":true,"userScrolledUp":false,"stBefore":187168,"lastPinTransition":5962},{"shAfter":192998,"t":5969,"shBefore":192998,"dBefore":0,"stAfter":192298,"ms":7,"dAfter":0,"pinned":true,"userScrolledUp":false,"stBefore":187168,"lastPinTransition":5962},{"shAfter":192998,"t":5986,"shBefore":192998,"dBefore":0,"stAfter":192298,"ms":24,"dAfter":0,"pinned":true,"userScrolledUp":false,"stBefore":192298,"lastPinTransition":5969},{"shAfter":192998,"t":5986,"shBefore":192998,"dBefore":0,"stAfter":192298,"ms":24,"dAfter":0,"pinned":true,"userScrolledUp":false,"stBefore":192298,"lastPinTransition":5969}] ok=true
[2026-08-05T15:59:04.995Z] G2 resize[17] dfb=0px pinned=true size=740x700 ok=true
[2026-08-05T15:59:05.170Z] G2 image_inject[8] dfb=163px pinned=true url=g2-img-8.png ok=false
[2026-08-05T15:59:05.170Z] G2 stream_append[22] dfb=163px pinned=true (no imperative pin issued) engineDebugTail=[{"shAfter":192998,"t":5986,"shBefore":192998,"dBefore":0,"stAfter":192298,"ms":24,"dAfter":0,"pinned":true,"userScrolledUp":false,"stBefore":192298,"lastPinTransition":5969},{"shAfter":186028,"t":6186,"shBefore":193102,"dBefore":0,"stAfter":185268,"ms":40.999999999999091,"dAfter":0,"pinned":true,"userScrolledUp":false,"stBefore":192298,"lastPinTransition":6177.0000000000009},{"shAfter":186028,"t":6186,"shBefore":186028,"dBefore":0,"stAfter":185268,"ms":8.9999999999990905,"dAfter":0,"pinned":true,"userScrolledUp":false,"stBefore":185268,"lastPinTransition":6177.0000000000009},{"shAfter":186028,"t":6203,"shBefore":186028,"dBefore":0,"stAfter":185268,"ms":25.999999999999091,"dAfter":0,"pinned":true,"userScrolledUp":false,"stBefore":185268,"lastPinTransition":6186},{"shAfter":186028,"t":6203,"shBefore":186028,"dBefore":0,"stAfter":185268,"ms":25.999999999999091,"dAfter":0,"pinned":true,"userScrolledUp":false,"stBefore":185268,"lastPinTransition":6186}] ok=false
[2026-08-05T15:59:05.171Z] G2 resize[18] dfb=163px pinned=true size=800x760 ok=false
[2026-08-05T15:59:05.177Z] JS[consoleLog]: ERROR: Script error.
[2026-08-05T15:59:05.408Z] G2 stream_append[23] dfb=10012px pinned=true (no imperative pin issued) engineDebugTail=[{"shAfter":186028,"t":6186,"shBefore":186028,"dBefore":0,"stAfter":185268,"ms":8.9999999999990905,"dAfter":0,"pinned":true,"userScrolledUp":false,"stBefore":185268,"lastPinTransition":6177.0000000000009},{"shAfter":186028,"t":6203,"shBefore":186028,"dBefore":0,"stAfter":185268,"ms":25.999999999999091,"dAfter":0,"pinned":true,"userScrolledUp":false,"stBefore":185268,"lastPinTransition":6186},{"shAfter":186028,"t":6203,"shBefore":186028,"dBefore":0,"stAfter":185268,"ms":25.999999999999091,"dAfter":0,"pinned":true,"userScrolledUp":false,"stBefore":185268,"lastPinTransition":6186},{"shAfter":186215,"t":6386,"shBefore":186191,"dBefore":187,"stAfter":185455,"ms":34,"dAfter":0,"pinned":true,"userScrolledUp":false,"stBefore":185268,"lastPinTransition":6370},{"shAfter":186215,"t":6403.0000000000009,"shBefore":186215,"dBefore":0,"stAfter":185455,"ms":33.000000000000909,"dAfter":0,"pinned":true,"userScrolledUp":false,"stBefore":185455,"lastPinTransition":6386}] ok=false
[2026-08-05T15:59:05.611Z] G2 resize[19] dfb=0px pinned=true size=720x680 ok=true
[2026-08-05T15:59:05.612Z] G2 stream_append[24] dfb=0px pinned=true (no imperative pin issued) engineDebugTail=[{"shAfter":186215,"t":6386,"shBefore":186191,"dBefore":187,"stAfter":185455,"ms":34,"dAfter":0,"pinned":true,"userScrolledUp":false,"stBefore":185268,"lastPinTransition":6370},{"shAfter":186215,"t":6403.0000000000009,"shBefore":186215,"dBefore":0,"stAfter":185455,"ms":33.000000000000909,"dAfter":0,"pinned":true,"userScrolledUp":false,"stBefore":185455,"lastPinTransition":6386},{"shAfter":196147,"t":6596,"shBefore":196147,"dBefore":10012,"stAfter":195467,"ms":5,"dAfter":0,"pinned":true,"userScrolledUp":false,"stBefore":185455,"lastPinTransition":6591},{"shAfter":196147,"t":6602,"shBefore":196147,"dBefore":0,"stAfter":195467,"ms":11,"dAfter":0,"pinned":true,"userScrolledUp":false,"stBefore":195467,"lastPinTransition":6596},{"shAfter":196147,"t":6602,"shBefore":196147,"dBefore":0,"stAfter":195467,"ms":11,"dAfter":0,"pinned":true,"userScrolledUp":false,"stBefore":195467,"lastPinTransition":6596}] ok=true
[2026-08-05T15:59:05.815Z] G2 image_inject[9] dfb=0px pinned=true url=g2-img-9.png ok=true
[2026-08-05T15:59:05.815Z] G2 stream_append[25] dfb=0px pinned=true (no imperative pin issued) engineDebugTail=[{"shAfter":196147,"t":6602,"shBefore":196147,"dBefore":0,"stAfter":195467,"ms":11,"dAfter":0,"pinned":true,"userScrolledUp":false,"stBefore":195467,"lastPinTransition":6596},{"shAfter":191373,"t":6803,"shBefore":196269,"dBefore":0,"stAfter":190653,"ms":39,"dAfter":0,"pinned":true,"userScrolledUp":false,"stBefore":195467,"lastPinTransition":6794.0000000000009},{"shAfter":191373,"t":6803,"shBefore":191373,"dBefore":0,"stAfter":190653,"ms":8.9999999999990905,"dAfter":0,"pinned":true,"userScrolledUp":false,"stBefore":190653,"lastPinTransition":6794.0000000000009},{"shAfter":191373,"t":6820,"shBefore":191373,"dBefore":0,"stAfter":190653,"ms":25.999999999999091,"dAfter":0,"pinned":true,"userScrolledUp":false,"stBefore":190653,"lastPinTransition":6803},{"shAfter":191373,"t":6820,"shBefore":191373,"dBefore":0,"stAfter":190653,"ms":25.999999999999091,"dAfter":0,"pinned":true,"userScrolledUp":false,"stBefore":190653,"lastPinTransition":6803}] ok=true
[2026-08-05T15:59:05.816Z] G2 resize[20] dfb=0px pinned=true size=760x720 ok=true
[2026-08-05T15:59:06.024Z] G2 stream_append[26] dfb=5130px pinned=true (no imperative pin issued) engineDebugTail=[{"shAfter":191373,"t":6820,"shBefore":191373,"dBefore":0,"stAfter":190653,"ms":25.999999999999091,"dAfter":0,"pinned":true,"userScrolledUp":false,"stBefore":190653,"lastPinTransition":6803},{"shAfter":188615,"t":7003,"shBefore":191477,"dBefore":0,"stAfter":187875,"ms":38,"dAfter":0,"pinned":true,"userScrolledUp":false,"stBefore":190653,"lastPinTransition":6998},{"shAfter":188615,"t":7003,"shBefore":188615,"dBefore":0,"stAfter":187875,"ms":5,"dAfter":0,"pinned":true,"userScrolledUp":false,"stBefore":187875,"lastPinTransition":6998},{"shAfter":188615,"t":7020.0000000000009,"shBefore":188615,"dBefore":0,"stAfter":187875,"ms":22.000000000000909,"dAfter":0,"pinned":true,"userScrolledUp":false,"stBefore":187875,"lastPinTransition":7003},{"shAfter":188615,"t":7020.0000000000009,"shBefore":188615,"dBefore":0,"stAfter":187875,"ms":22.000000000000909,"dAfter":0,"pinned":true,"userScrolledUp":false,"stBefore":187875,"lastPinTransition":7003}] ok=false
[2026-08-05T15:59:06.024Z] G2 resize[21] dfb=5130px pinned=true size=780x740 ok=false
[2026-08-05T15:59:06.201Z] G2 stream_append[27] dfb=104px pinned=true (no imperative pin issued) engineDebugTail=[{"shAfter":188615,"t":7020.0000000000009,"shBefore":188615,"dBefore":0,"stAfter":187875,"ms":22.000000000000909,"dAfter":0,"pinned":true,"userScrolledUp":false,"stBefore":187875,"lastPinTransition":7003},{"shAfter":193705,"t":7219,"shBefore":188719,"dBefore":5130,"stAfter":193005,"ms":41,"dAfter":0,"pinned":true,"userScrolledUp":false,"stBefore":187875,"lastPinTransition":7207},{"shAfter":193705,"t":7219,"shBefore":193705,"dBefore":0,"stAfter":193005,"ms":12,"dAfter":0,"pinned":true,"userScrolledUp":false,"stBefore":187875,"lastPinTransition":7207},{"shAfter":193705,"t":7237,"shBefore":193705,"dBefore":0,"stAfter":193005,"ms":30,"dAfter":0,"pinned":true,"userScrolledUp":false,"stBefore":193005,"lastPinTransition":7219},{"shAfter":193705,"t":7237,"shBefore":193705,"dBefore":0,"stAfter":193005,"ms":30,"dAfter":0,"pinned":true,"userScrolledUp":false,"stBefore":193005,"lastPinTransition":7219}] ok=false
[2026-08-05T15:59:06.228Z] G2 resize[22] dfb=0px pinned=true size=740x700 ok=true
[2026-08-05T15:59:06.402Z] G2 stream_append[28] dfb=104px pinned=true (no imperative pin issued) engineDebugTail=[{"shAfter":193705,"t":7237,"shBefore":193705,"dBefore":0,"stAfter":193005,"ms":30,"dAfter":0,"pinned":true,"userScrolledUp":false,"stBefore":193005,"lastPinTransition":7219},{"shAfter":186735,"t":7420,"shBefore":193809,"dBefore":0,"stAfter":185975,"ms":37.999999999999091,"dAfter":0,"pinned":true,"userScrolledUp":false,"stBefore":193005,"lastPinTransition":7411.0000000000009},{"shAfter":186735,"t":7420,"shBefore":186735,"dBefore":0,"stAfter":185975,"ms":8.9999999999990905,"dAfter":0,"pinned":true,"userScrolledUp":false,"stBefore":185975,"lastPinTransition":7411.0000000000009},{"shAfter":186735,"t":7437,"shBefore":186735,"dBefore":0,"stAfter":185975,"ms":25.999999999999091,"dAfter":0,"pinned":true,"userScrolledUp":false,"stBefore":185975,"lastPinTransition":7420},{"shAfter":186735,"t":7437,"shBefore":186735,"dBefore":0,"stAfter":185975,"ms":25.999999999999091,"dAfter":0,"pinned":true,"userScrolledUp":false,"stBefore":185975,"lastPinTransition":7420}] ok=false
[2026-08-05T15:59:06.403Z] G2 resize[23] dfb=104px pinned=true size=800x760 ok=false
[2026-08-05T15:59:06.642Z] G2 stream_append[29] dfb=10120px pinned=true (no imperative pin issued) engineDebugTail=[{"shAfter":186735,"t":7420,"shBefore":193809,"dBefore":0,"stAfter":185975,"ms":37.999999999999091,"dAfter":0,"pinned":true,"userScrolledUp":false,"stBefore":193005,"lastPinTransition":7411.0000000000009},{"shAfter":186735,"t":7420,"shBefore":186735,"dBefore":0,"stAfter":185975,"ms":8.9999999999990905,"dAfter":0,"pinned":true,"userScrolledUp":false,"stBefore":185975,"lastPinTransition":7411.0000000000009},{"shAfter":186735,"t":7437,"shBefore":186735,"dBefore":0,"stAfter":185975,"ms":25.999999999999091,"dAfter":0,"pinned":true,"userScrolledUp":false,"stBefore":185975,"lastPinTransition":7420},{"shAfter":186735,"t":7437,"shBefore":186735,"dBefore":0,"stAfter":185975,"ms":25.999999999999091,"dAfter":0,"pinned":true,"userScrolledUp":false,"stBefore":185975,"lastPinTransition":7420},{"shAfter":186839,"t":7621,"shBefore":186839,"dBefore":104,"stAfter":186079,"ms":36,"dAfter":0,"pinned":true,"userScrolledUp":false,"stBefore":185975,"lastPinTransition":7604}] ok=false
[2026-08-05T15:59:06.850Z] G2 stream_append[30] dfb=0px pinned=true (no imperative pin issued) engineDebugTail=[{"shAfter":186839,"t":7621,"shBefore":186839,"dBefore":104,"stAfter":186079,"ms":36,"dAfter":0,"pinned":true,"userScrolledUp":false,"stBefore":185975,"lastPinTransition":7604},{"shAfter":196879,"t":7837,"shBefore":186943,"dBefore":10120,"stAfter":196199,"ms":39.999999999999091,"dAfter":0,"pinned":true,"userScrolledUp":false,"stBefore":186079,"lastPinTransition":7825},{"shAfter":196879,"t":7837,"shBefore":196879,"dBefore":0,"stAfter":196199,"ms":12,"dAfter":0,"pinned":true,"userScrolledUp":false,"stBefore":186079,"lastPinTransition":7825},{"shAfter":196879,"t":7854,"shBefore":196879,"dBefore":0,"stAfter":196199,"ms":29,"dAfter":0,"pinned":true,"userScrolledUp":false,"stBefore":196199,"lastPinTransition":7837},{"shAfter":196879,"t":7854,"shBefore":196879,"dBefore":0,"stAfter":196199,"ms":29,"dAfter":0,"pinned":true,"userScrolledUp":false,"stBefore":196199,"lastPinTransition":7837}] ok=true
[2026-08-05T15:59:06.850Z] G2 resize[24] dfb=0px pinned=true size=720x680 ok=true
[2026-08-05T15:59:07.062Z] G2 stream_append[31] dfb=0px pinned=true (no imperative pin issued) engineDebugTail=[{"shAfter":196879,"t":7854,"shBefore":196879,"dBefore":0,"stAfter":196199,"ms":29,"dAfter":0,"pinned":true,"userScrolledUp":false,"stBefore":196199,"lastPinTransition":7837},{"shAfter":191997,"t":8037.0000000000009,"shBefore":197001,"dBefore":0,"stAfter":191277,"ms":35,"dAfter":0,"pinned":true,"userScrolledUp":false,"stBefore":196199,"lastPinTransition":8032.9999999999991},{"shAfter":191997,"t":8037.0000000000009,"shBefore":191997,"dBefore":0,"stAfter":191277,"ms":4.000000000001819,"dAfter":0,"pinned":true,"userScrolledUp":false,"stBefore":191277,"lastPinTransition":8032.9999999999991},{"shAfter":191997,"t":8054,"shBefore":191997,"dBefore":0,"stAfter":191277,"ms":21.000000000000909,"dAfter":0,"pinned":true,"userScrolledUp":false,"stBefore":191277,"lastPinTransition":8038},{"shAfter":191997,"t":8054,"shBefore":191997,"dBefore":0,"stAfter":191277,"ms":21.000000000000909,"dAfter":0,"pinned":true,"userScrolledUp":false,"stBefore":191277,"lastPinTransition":8038}] ok=true
[2026-08-05T15:59:07.062Z] G2 resize[25] dfb=0px pinned=true size=760x720 ok=true
[2026-08-05T15:59:07.262Z] G2 stream_append[32] dfb=5026px pinned=true (no imperative pin issued) engineDebugTail=[{"shAfter":191997,"t":8054,"shBefore":191997,"dBefore":0,"stAfter":191277,"ms":21.000000000000909,"dAfter":0,"pinned":true,"userScrolledUp":false,"stBefore":191277,"lastPinTransition":8038},{"shAfter":189343,"t":8254,"shBefore":192101,"dBefore":104,"stAfter":188603,"ms":40,"dAfter":0,"pinned":true,"userScrolledUp":false,"stBefore":191277,"lastPinTransition":8246},{"shAfter":189343,"t":8254,"shBefore":189343,"dBefore":0,"stAfter":188603,"ms":8.999999999998181,"dAfter":0,"pinned":true,"userScrolledUp":false,"stBefore":188499,"lastPinTransition":8246},{"shAfter":189343,"t":8271,"shBefore":189343,"dBefore":0,"stAfter":188603,"ms":25,"dAfter":0,"pinned":true,"userScrolledUp":false,"stBefore":188603,"lastPinTransition":8254},{"shAfter":189343,"t":8271,"shBefore":189343,"dBefore":0,"stAfter":188603,"ms":25,"dAfter":0,"pinned":true,"userScrolledUp":false,"stBefore":188603,"lastPinTransition":8254}] ok=false
[2026-08-05T15:59:07.263Z] G2 resize[26] dfb=5130px pinned=true size=780x740 ok=false
[2026-08-05T15:59:07.263Z] G2 stream_append[33] dfb=5130px pinned=true (no imperative pin issued) engineDebugTail=[{"shAfter":191997,"t":8054,"shBefore":191997,"dBefore":0,"stAfter":191277,"ms":21.000000000000909,"dAfter":0,"pinned":true,"userScrolledUp":false,"stBefore":191277,"lastPinTransition":8038},{"shAfter":189343,"t":8254,"shBefore":192101,"dBefore":104,"stAfter":188603,"ms":40,"dAfter":0,"pinned":true,"userScrolledUp":false,"stBefore":191277,"lastPinTransition":8246},{"shAfter":189343,"t":8254,"shBefore":189343,"dBefore":0,"stAfter":188603,"ms":8.999999999998181,"dAfter":0,"pinned":true,"userScrolledUp":false,"stBefore":188499,"lastPinTransition":8246},{"shAfter":189343,"t":8271,"shBefore":189343,"dBefore":0,"stAfter":188603,"ms":25,"dAfter":0,"pinned":true,"userScrolledUp":false,"stBefore":188603,"lastPinTransition":8254},{"shAfter":189343,"t":8271,"shBefore":189343,"dBefore":0,"stAfter":188603,"ms":25,"dAfter":0,"pinned":true,"userScrolledUp":false,"stBefore":188603,"lastPinTransition":8254}] ok=false
[2026-08-05T15:59:07.448Z] G2 resize[27] dfb=0px pinned=true size=740x700 ok=true
[2026-08-05T15:59:07.448Z] G2 stream_append[34] dfb=0px pinned=true (no imperative pin issued) engineDebugTail=[{"shAfter":189343,"t":8271,"shBefore":189343,"dBefore":0,"stAfter":188603,"ms":25,"dAfter":0,"pinned":true,"userScrolledUp":false,"stBefore":188603,"lastPinTransition":8254},{"shAfter":189343,"t":8271,"shBefore":189343,"dBefore":0,"stAfter":188603,"ms":25,"dAfter":0,"pinned":true,"userScrolledUp":false,"stBefore":188603,"lastPinTransition":8254},{"shAfter":194433,"t":8448,"shBefore":194433,"dBefore":5130,"stAfter":193733,"ms":2,"dAfter":0,"pinned":true,"userScrolledUp":false,"stBefore":188603,"lastPinTransition":8446},{"shAfter":194433,"t":8454,"shBefore":194433,"dBefore":0,"stAfter":193733,"ms":8,"dAfter":0,"pinned":true,"userScrolledUp":false,"stBefore":193733,"lastPinTransition":8448},{"shAfter":194433,"t":8454,"shBefore":194433,"dBefore":0,"stAfter":193733,"ms":8,"dAfter":0,"pinned":true,"userScrolledUp":false,"stBefore":193733,"lastPinTransition":8448}] ok=true
[2026-08-05T15:59:07.644Z] G2 stream_append[35] dfb=104px pinned=true (no imperative pin issued) engineDebugTail=[{"shAfter":194433,"t":8454,"shBefore":194433,"dBefore":0,"stAfter":193733,"ms":8,"dAfter":0,"pinned":true,"userScrolledUp":false,"stBefore":193733,"lastPinTransition":8448},{"shAfter":187463,"t":8645,"shBefore":194537,"dBefore":104,"stAfter":186703,"ms":31,"dAfter":0,"pinned":true,"userScrolledUp":false,"stBefore":193733,"lastPinTransition":8621},{"shAfter":187463,"t":8655,"shBefore":187463,"dBefore":0,"stAfter":186703,"ms":10,"dAfter":0,"pinned":true,"userScrolledUp":false,"stBefore":186703,"lastPinTransition":8645},{"shAfter":187463,"t":8671,"shBefore":187463,"dBefore":0,"stAfter":186703,"ms":26,"dAfter":0,"pinned":true,"userScrolledUp":false,"stBefore":186703,"lastPinTransition":8655},{"shAfter":187463,"t":8671,"shBefore":187463,"dBefore":0,"stAfter":186703,"ms":26,"dAfter":0,"pinned":true,"userScrolledUp":false,"stBefore":186703,"lastPinTransition":8655}] ok=false
[2026-08-05T15:59:07.653Z] G2 resize[28] dfb=104px pinned=true size=800x760 ok=false
[2026-08-05T15:59:07.882Z] G2 stream_append[36] dfb=10246px pinned=true (no imperative pin issued) engineDebugTail=[{"shAfter":187463,"t":8645,"shBefore":194537,"dBefore":104,"stAfter":186703,"ms":31,"dAfter":0,"pinned":true,"userScrolledUp":false,"stBefore":193733,"lastPinTransition":8621},{"shAfter":187463,"t":8655,"shBefore":187463,"dBefore":0,"stAfter":186703,"ms":10,"dAfter":0,"pinned":true,"userScrolledUp":false,"stBefore":186703,"lastPinTransition":8645},{"shAfter":187463,"t":8671,"shBefore":187463,"dBefore":0,"stAfter":186703,"ms":26,"dAfter":0,"pinned":true,"userScrolledUp":false,"stBefore":186703,"lastPinTransition":8655},{"shAfter":187463,"t":8671,"shBefore":187463,"dBefore":0,"stAfter":186703,"ms":26,"dAfter":0,"pinned":true,"userScrolledUp":false,"stBefore":186703,"lastPinTransition":8655},{"shAfter":187567,"t":8855,"shBefore":187567,"dBefore":104,"stAfter":186807,"ms":28,"dAfter":0,"pinned":true,"userScrolledUp":false,"stBefore":186703,"lastPinTransition":8838.0000000000018}] ok=false
[2026-08-05T15:59:08.096Z] G2 resize[29] dfb=104px pinned=true size=720x680 ok=false
[2026-08-05T15:59:08.096Z] G2 stream_append[37] dfb=104px pinned=true (no imperative pin issued) engineDebugTail=[{"shAfter":187463,"t":8671,"shBefore":187463,"dBefore":0,"stAfter":186703,"ms":26,"dAfter":0,"pinned":true,"userScrolledUp":false,"stBefore":186703,"lastPinTransition":8655},{"shAfter":187567,"t":8855,"shBefore":187567,"dBefore":104,"stAfter":186807,"ms":28,"dAfter":0,"pinned":true,"userScrolledUp":false,"stBefore":186703,"lastPinTransition":8838.0000000000018},{"shAfter":197733,"t":9068,"shBefore":197733,"dBefore":10246,"stAfter":197053,"ms":4,"dAfter":0,"pinned":true,"userScrolledUp":false,"stBefore":186807,"lastPinTransition":9064},{"shAfter":197733,"t":9072.0000000000018,"shBefore":197733,"dBefore":0,"stAfter":197053,"ms":7.000000000001819,"dAfter":0,"pinned":true,"userScrolledUp":false,"stBefore":197053,"lastPinTransition":9068},{"shAfter":197733,"t":9072.0000000000018,"shBefore":197733,"dBefore":0,"stAfter":197053,"ms":7.000000000001819,"dAfter":0,"pinned":true,"userScrolledUp":false,"stBefore":197053,"lastPinTransition":9068}] ok=false
[2026-08-05T15:59:08.295Z] G2 resize[30] dfb=104px pinned=true size=760x720 ok=false
[2026-08-05T15:59:08.295Z] G2 stream_append[38] dfb=104px pinned=true (no imperative pin issued) engineDebugTail=[{"shAfter":197733,"t":9072.0000000000018,"shBefore":197733,"dBefore":0,"stAfter":197053,"ms":7.000000000001819,"dAfter":0,"pinned":true,"userScrolledUp":false,"stBefore":197053,"lastPinTransition":9068},{"shAfter":197733,"t":9072.0000000000018,"shBefore":197733,"dBefore":0,"stAfter":197053,"ms":7.000000000001819,"dAfter":0,"pinned":true,"userScrolledUp":false,"stBefore":197053,"lastPinTransition":9068},{"shAfter":192725,"t":9281,"shBefore":192725,"dBefore":104,"stAfter":192005,"ms":2,"dAfter":0,"pinned":true,"userScrolledUp":false,"stBefore":191901,"lastPinTransition":9279},{"shAfter":192725,"t":9288,"shBefore":192725,"dBefore":0,"stAfter":192005,"ms":9,"dAfter":0,"pinned":true,"userScrolledUp":false,"stBefore":192005,"lastPinTransition":9281},{"shAfter":192725,"t":9288,"shBefore":192725,"dBefore":0,"stAfter":192005,"ms":9,"dAfter":0,"pinned":true,"userScrolledUp":false,"stBefore":192005,"lastPinTransition":9281}] ok=false
[2026-08-05T15:59:08.496Z] G2 resize[31] dfb=5130px pinned=true size=780x740 ok=false
[2026-08-05T15:59:08.497Z] G2 stream_append[39] dfb=5130px pinned=true (no imperative pin issued) engineDebugTail=[{"shAfter":192725,"t":9288,"shBefore":192725,"dBefore":0,"stAfter":192005,"ms":9,"dAfter":0,"pinned":true,"userScrolledUp":false,"stBefore":192005,"lastPinTransition":9281},{"shAfter":192725,"t":9288,"shBefore":192725,"dBefore":0,"stAfter":192005,"ms":9,"dAfter":0,"pinned":true,"userScrolledUp":false,"stBefore":192005,"lastPinTransition":9281},{"shAfter":189967,"t":9480,"shBefore":189967,"dBefore":104,"stAfter":189227,"ms":2,"dAfter":0,"pinned":true,"userScrolledUp":false,"stBefore":189123,"lastPinTransition":9478},{"shAfter":189967,"t":9489,"shBefore":189967,"dBefore":0,"stAfter":189227,"ms":11,"dAfter":0,"pinned":true,"userScrolledUp":false,"stBefore":189227,"lastPinTransition":9480},{"shAfter":189967,"t":9489,"shBefore":189967,"dBefore":0,"stAfter":189227,"ms":11,"dAfter":0,"pinned":true,"userScrolledUp":false,"stBefore":189227,"lastPinTransition":9480}] ok=false
[2026-08-05T15:59:08.679Z] G2 stream_append[40] dfb=104px pinned=true (no imperative pin issued) engineDebugTail=[{"shAfter":189967,"t":9489,"shBefore":189967,"dBefore":0,"stAfter":189227,"ms":11,"dAfter":0,"pinned":true,"userScrolledUp":false,"stBefore":189227,"lastPinTransition":9480},{"shAfter":195057,"t":9689,"shBefore":190071,"dBefore":5130,"stAfter":194357,"ms":39,"dAfter":0,"pinned":true,"userScrolledUp":false,"stBefore":189227,"lastPinTransition":9679},{"shAfter":195057,"t":9689,"shBefore":195057,"dBefore":0,"stAfter":194357,"ms":10,"dAfter":0,"pinned":true,"userScrolledUp":false,"stBefore":189227,"lastPinTransition":9679},{"shAfter":195057,"t":9704,"shBefore":195057,"dBefore":0,"stAfter":194357,"ms":25,"dAfter":0,"pinned":true,"userScrolledUp":false,"stBefore":194357,"lastPinTransition":9689},{"shAfter":195057,"t":9704,"shBefore":195057,"dBefore":0,"stAfter":194357,"ms":25,"dAfter":0,"pinned":true,"userScrolledUp":false,"stBefore":194357,"lastPinTransition":9689}] ok=false
[2026-08-05T15:59:08.679Z] G2 resize[32] dfb=104px pinned=true size=740x700 ok=false
[2026-08-05T15:59:08.912Z] G2 stream_append[41] dfb=104px pinned=true (no imperative pin issued) engineDebugTail=[{"shAfter":195057,"t":9689,"shBefore":190071,"dBefore":5130,"stAfter":194357,"ms":39,"dAfter":0,"pinned":true,"userScrolledUp":false,"stBefore":189227,"lastPinTransition":9679},{"shAfter":195057,"t":9689,"shBefore":195057,"dBefore":0,"stAfter":194357,"ms":10,"dAfter":0,"pinned":true,"userScrolledUp":false,"stBefore":189227,"lastPinTransition":9679},{"shAfter":195057,"t":9704,"shBefore":195057,"dBefore":0,"stAfter":194357,"ms":25,"dAfter":0,"pinned":true,"userScrolledUp":false,"stBefore":194357,"lastPinTransition":9689},{"shAfter":195057,"t":9704,"shBefore":195057,"dBefore":0,"stAfter":194357,"ms":25,"dAfter":0,"pinned":true,"userScrolledUp":false,"stBefore":194357,"lastPinTransition":9689},{"shAfter":195161,"t":9889,"shBefore":195161,"dBefore":104,"stAfter":194461,"ms":28,"dAfter":0,"pinned":true,"userScrolledUp":false,"stBefore":194357,"lastPinTransition":9872}] ok=false
[2026-08-05T15:59:09.112Z] G2 resize[33] dfb=10354px pinned=true size=800x760 ok=false
[2026-08-05T15:59:09.112Z] G2 stream_append[42] dfb=10354px pinned=true (no imperative pin issued) engineDebugTail=[{"shAfter":195057,"t":9704,"shBefore":195057,"dBefore":0,"stAfter":194357,"ms":25,"dAfter":0,"pinned":true,"userScrolledUp":false,"stBefore":194357,"lastPinTransition":9689},{"shAfter":195161,"t":9889,"shBefore":195161,"dBefore":104,"stAfter":194461,"ms":28,"dAfter":0,"pinned":true,"userScrolledUp":false,"stBefore":194357,"lastPinTransition":9872},{"shAfter":188191,"t":10098,"shBefore":188191,"dBefore":104,"stAfter":187431,"ms":3,"dAfter":0,"pinned":true,"userScrolledUp":false,"stBefore":187327,"lastPinTransition":10095},{"shAfter":188191,"t":10106,"shBefore":188191,"dBefore":0,"stAfter":187431,"ms":11,"dAfter":0,"pinned":true,"userScrolledUp":false,"stBefore":187431,"lastPinTransition":10099},{"shAfter":188191,"t":10106,"shBefore":188191,"dBefore":0,"stAfter":187431,"ms":11,"dAfter":0,"pinned":true,"userScrolledUp":false,"stBefore":187431,"lastPinTransition":10099}] ok=false
[2026-08-05T15:59:09.313Z] G2 resize[34] dfb=104px pinned=true size=720x680 ok=false
[2026-08-05T15:59:09.313Z] G2 stream_append[43] dfb=104px pinned=true (no imperative pin issued) engineDebugTail=[{"shAfter":188191,"t":10106,"shBefore":188191,"dBefore":0,"stAfter":187431,"ms":11,"dAfter":0,"pinned":true,"userScrolledUp":false,"stBefore":187431,"lastPinTransition":10099},{"shAfter":188191,"t":10106,"shBefore":188191,"dBefore":0,"stAfter":187431,"ms":11,"dAfter":0,"pinned":true,"userScrolledUp":false,"stBefore":187431,"lastPinTransition":10099},{"shAfter":198465,"t":10297,"shBefore":198465,"dBefore":10354,"stAfter":197785,"ms":2,"dAfter":0,"pinned":true,"userScrolledUp":false,"stBefore":187431,"lastPinTransition":10295},{"shAfter":198465,"t":10306.000000000002,"shBefore":198465,"dBefore":0,"stAfter":197785,"ms":11.000000000001819,"dAfter":0,"pinned":true,"userScrolledUp":false,"stBefore":197785,"lastPinTransition":10297},{"shAfter":198465,"t":10306.000000000002,"shBefore":198465,"dBefore":0,"stAfter":197785,"ms":11.000000000001819,"dAfter":0,"pinned":true,"userScrolledUp":false,"stBefore":197785,"lastPinTransition":10297}] ok=false
[2026-08-05T15:59:09.530Z] G2 resize[35] dfb=0px pinned=true size=760x720 ok=true
[2026-08-05T15:59:09.530Z] G2 stream_append[44] dfb=0px pinned=true (no imperative pin issued) engineDebugTail=[{"shAfter":198465,"t":10306.000000000002,"shBefore":198465,"dBefore":0,"stAfter":197785,"ms":11.000000000001819,"dAfter":0,"pinned":true,"userScrolledUp":false,"stBefore":197785,"lastPinTransition":10297},{"shAfter":198465,"t":10306.000000000002,"shBefore":198465,"dBefore":0,"stAfter":197785,"ms":11.000000000001819,"dAfter":0,"pinned":true,"userScrolledUp":false,"stBefore":197785,"lastPinTransition":10297},{"shAfter":193349,"t":10499,"shBefore":193349,"dBefore":104,"stAfter":192629,"ms":3,"dAfter":0,"pinned":true,"userScrolledUp":false,"stBefore":192525,"lastPinTransition":10496},{"shAfter":193349,"t":10505,"shBefore":193349,"dBefore":0,"stAfter":192629,"ms":9,"dAfter":0,"pinned":true,"userScrolledUp":false,"stBefore":192629,"lastPinTransition":10499},{"shAfter":193349,"t":10505,"shBefore":193349,"dBefore":0,"stAfter":192629,"ms":9,"dAfter":0,"pinned":true,"userScrolledUp":false,"stBefore":192629,"lastPinTransition":10499}] ok=true
[2026-08-05T15:59:09.730Z] G2 stream_append[45] dfb=5130px pinned=true (no imperative pin issued) engineDebugTail=[{"shAfter":193349,"t":10505,"shBefore":193349,"dBefore":0,"stAfter":192629,"ms":9,"dAfter":0,"pinned":true,"userScrolledUp":false,"stBefore":192629,"lastPinTransition":10499},{"shAfter":190591,"t":10723,"shBefore":193453,"dBefore":0,"stAfter":189851,"ms":41,"dAfter":0,"pinned":true,"userScrolledUp":false,"stBefore":192629,"lastPinTransition":10712},{"shAfter":190591,"t":10723,"shBefore":190591,"dBefore":0,"stAfter":189851,"ms":11,"dAfter":0,"pinned":true,"userScrolledUp":false,"stBefore":189851,"lastPinTransition":10712},{"shAfter":190591,"t":10740,"shBefore":190591,"dBefore":0,"stAfter":189851,"ms":28,"dAfter":0,"pinned":true,"userScrolledUp":false,"stBefore":189851,"lastPinTransition":10723},{"shAfter":190591,"t":10740,"shBefore":190591,"dBefore":0,"stAfter":189851,"ms":28,"dAfter":0,"pinned":true,"userScrolledUp":false,"stBefore":189851,"lastPinTransition":10723}] ok=false
[2026-08-05T15:59:09.730Z] G2 resize[36] dfb=5130px pinned=true size=780x740 ok=false
[2026-08-05T15:59:09.905Z] G2 stream_append[46] dfb=104px pinned=true (no imperative pin issued) engineDebugTail=[{"shAfter":190591,"t":10740,"shBefore":190591,"dBefore":0,"stAfter":189851,"ms":28,"dAfter":0,"pinned":true,"userScrolledUp":false,"stBefore":189851,"lastPinTransition":10723},{"shAfter":195681,"t":10922,"shBefore":190695,"dBefore":5130,"stAfter":194981,"ms":38,"dAfter":0,"pinned":true,"userScrolledUp":false,"stBefore":189851,"lastPinTransition":10913},{"shAfter":195681,"t":10922,"shBefore":195681,"dBefore":0,"stAfter":194981,"ms":9,"dAfter":0,"pinned":true,"userScrolledUp":false,"stBefore":189851,"lastPinTransition":10913},{"shAfter":195681,"t":10940,"shBefore":195681,"dBefore":0,"stAfter":194981,"ms":27,"dAfter":0,"pinned":true,"userScrolledUp":false,"stBefore":194981,"lastPinTransition":10922},{"shAfter":195681,"t":10940,"shBefore":195681,"dBefore":0,"stAfter":194981,"ms":27,"dAfter":0,"pinned":true,"userScrolledUp":false,"stBefore":194981,"lastPinTransition":10922}] ok=false
[2026-08-05T15:59:09.906Z] G2 resize[37] dfb=104px pinned=true size=740x700 ok=false
[2026-08-05T15:59:10.145Z] G2 stream_append[47] dfb=104px pinned=true (no imperative pin issued) engineDebugTail=[{"shAfter":195681,"t":10922,"shBefore":190695,"dBefore":5130,"stAfter":194981,"ms":38,"dAfter":0,"pinned":true,"userScrolledUp":false,"stBefore":189851,"lastPinTransition":10913},{"shAfter":195681,"t":10922,"shBefore":195681,"dBefore":0,"stAfter":194981,"ms":9,"dAfter":0,"pinned":true,"userScrolledUp":false,"stBefore":189851,"lastPinTransition":10913},{"shAfter":195681,"t":10940,"shBefore":195681,"dBefore":0,"stAfter":194981,"ms":27,"dAfter":0,"pinned":true,"userScrolledUp":false,"stBefore":194981,"lastPinTransition":10922},{"shAfter":195681,"t":10940,"shBefore":195681,"dBefore":0,"stAfter":194981,"ms":27,"dAfter":0,"pinned":true,"userScrolledUp":false,"stBefore":194981,"lastPinTransition":10922},{"shAfter":195785,"t":11124,"shBefore":195785,"dBefore":104,"stAfter":195085,"ms":35.999999999998181,"dAfter":0,"pinned":true,"userScrolledUp":false,"stBefore":194981,"lastPinTransition":11107.000000000002}] ok=false
[2026-08-05T15:59:10.348Z] G2 resize[38] dfb=10462px pinned=true size=800x760 ok=false
[2026-08-05T15:59:10.348Z] G2 stream_append[48] dfb=10462px pinned=true (no imperative pin issued) engineDebugTail=[{"shAfter":195681,"t":10940,"shBefore":195681,"dBefore":0,"stAfter":194981,"ms":27,"dAfter":0,"pinned":true,"userScrolledUp":false,"stBefore":194981,"lastPinTransition":10922},{"shAfter":195785,"t":11124,"shBefore":195785,"dBefore":104,"stAfter":195085,"ms":35.999999999998181,"dAfter":0,"pinned":true,"userScrolledUp":false,"stBefore":194981,"lastPinTransition":11107.000000000002},{"shAfter":188815,"t":11331,"shBefore":188815,"dBefore":104,"stAfter":188055,"ms":3,"dAfter":0,"pinned":true,"userScrolledUp":false,"stBefore":187951,"lastPinTransition":11328},{"shAfter":188815,"t":11338.000000000002,"shBefore":188815,"dBefore":0,"stAfter":188055,"ms":10.000000000001819,"dAfter":0,"pinned":true,"userScrolledUp":false,"stBefore":188055,"lastPinTransition":11331},{"shAfter":188815,"t":11338.000000000002,"shBefore":188815,"dBefore":0,"stAfter":188055,"ms":10.000000000001819,"dAfter":0,"pinned":true,"userScrolledUp":false,"stBefore":188055,"lastPinTransition":11331}] ok=false
[2026-08-05T15:59:10.521Z] G2 resize[39] dfb=0px pinned=true size=720x680 ok=true
[2026-08-05T15:59:10.522Z] G2 stream_append[49] dfb=0px pinned=true (no imperative pin issued) engineDebugTail=[{"shAfter":188815,"t":11338.000000000002,"shBefore":188815,"dBefore":0,"stAfter":188055,"ms":10.000000000001819,"dAfter":0,"pinned":true,"userScrolledUp":false,"stBefore":188055,"lastPinTransition":11331},{"shAfter":188815,"t":11338.000000000002,"shBefore":188815,"dBefore":0,"stAfter":188055,"ms":10.000000000001819,"dAfter":0,"pinned":true,"userScrolledUp":false,"stBefore":188055,"lastPinTransition":11331},{"shAfter":199197,"t":11533,"shBefore":199197,"dBefore":10462,"stAfter":198517,"ms":3,"dAfter":0,"pinned":true,"userScrolledUp":false,"stBefore":188055,"lastPinTransition":11531},{"shAfter":199197,"t":11540.000000000002,"shBefore":199197,"dBefore":0,"stAfter":198517,"ms":9.000000000001819,"dAfter":0,"pinned":true,"userScrolledUp":false,"stBefore":198517,"lastPinTransition":11533},{"shAfter":199197,"t":11540.000000000002,"shBefore":199197,"dBefore":0,"stAfter":198517,"ms":9.000000000001819,"dAfter":0,"pinned":true,"userScrolledUp":false,"stBefore":198517,"lastPinTransition":11533}] ok=true
[2026-08-05T15:59:12.711Z] JS_ERR: JavaScript execution returned a result of an unsupported type
[2026-08-05T15:59:15.377Z] G2 evidence written: /Users/openclaw/projects/BeeChat-v5/Docs/Reviews/optionb/G2-evidence.md
[2026-08-05T15:59:15.377Z] === exit code=1 ===
[2026-08-05T16:00:33.523Z] === TranscriptSpike launch ===
[2026-08-05T16:00:33.523Z] date=2026-08-05T16:00:33.523Z
[2026-08-05T16:00:33.523Z] build=TranscriptSpike WP-0 2026-08-05
[2026-08-05T16:00:33.523Z] machine=Openclaw's Mac mini  macOS 26.5.1 arm64
[2026-08-05T16:00:33.524Z] dbPath=/Users/openclaw/Library/Application Support/BeeChat/BeeChat.sqlite
[2026-08-05T16:00:33.524Z] generalTopicID=491EA8D6-9527-4E71-89B4-D0A06DF3F49D
[2026-08-05T16:00:33.524Z] generalSessionKey=agent:main:491ea8d6-9527-4e71-89b4-d0a06df3f49d
[2026-08-05T16:00:33.524Z] operator=Q
[2026-08-05T16:00:33.524Z] gate=g2
[2026-08-05T16:00:33.553Z] messages_loaded=428 at 2026-08-05T16:00:33.553Z
[2026-08-05T16:00:33.789Z] webView didFinish navigation at 2026-08-05T16:00:33.789Z
[2026-08-05T16:00:35.389Z] G2 START — pre-registered criteria:
[2026-08-05T16:00:35.390Z] G2 criterion scroll_engine=route_plan_4.4 (pinned+ResizeObserver+50/120 hysteresis+window.resize)
[2026-08-05T16:00:35.390Z] G2 criterion pin_state_required=true throughout all measurement phases
[2026-08-05T16:00:35.391Z] G2 criterion distance_from_bottom_px_tolerance=4 (sub-frame; allows sub-pixel rounding)
[2026-08-05T16:00:35.392Z] G2 criterion streaming_append_count=50 at everyMs=400 (2.5fps for 20s; slowed from 5fps after engine deferred-rAF repin measurement-race discovery)
[2026-08-05T16:00:35.392Z] G2 criterion late_image_count=10 at everyMs=500 (local PNG fixtures)
[2026-08-05T16:00:35.393Z] G2 criterion window_resize_duration_sec=10 at hz=4 cycling 5 sizes
[2026-08-05T16:00:35.393Z] G2 criterion bounce_probe_method=scroll_up_500px_then_inject_above_and_below_then_hold_10_frames_no_repin
[2026-08-05T16:00:35.394Z] G2 criterion bounce_probe_passes_only_if_pinned_state_remains_correct_under_stress
[2026-08-05T16:00:35.394Z] G2 criterion no_imperative_pinToBottom_during_measurement_phases (the scroll engine is the pin)
[2026-08-05T16:00:35.395Z] G2 criterion verdict_logic_evaluates_each_criterion_above_explicitly (E8 compliance)
[2026-08-05T16:00:35.533Z] JS[consoleLog]: ERROR: Script error.
[2026-08-05T16:00:35.629Z] G2 stream_append[0] dfb=0px pinned=true (no imperative pin issued) engineDebugTail=[{"shAfter":187839,"t":115,"shBefore":187839,"dBefore":187119,"stAfter":187119,"ms":14,"dAfter":0,"pinned":true,"userScrolledUp":false,"stBefore":0,"lastPinTransition":113},{"shAfter":187839,"t":115,"shBefore":187839,"dBefore":0,"stAfter":187119,"ms":14,"dAfter":0,"pinned":true,"userScrolledUp":false,"stBefore":0,"lastPinTransition":113},{"shAfter":187943,"t":1679,"shBefore":187943,"dBefore":104,"stAfter":187223,"ms":32.999999999999773,"dAfter":0,"pinned":true,"userScrolledUp":false,"stBefore":187119,"lastPinTransition":1663},{"shAfter":188026,"t":1762,"shBefore":188002,"dBefore":83,"stAfter":187306,"ms":21,"dAfter":0,"pinned":true,"userScrolledUp":false,"stBefore":187223,"lastPinTransition":1752},{"shAfter":188026,"t":1778,"shBefore":188026,"dBefore":0,"stAfter":187306,"ms":25,"dAfter":0,"pinned":true,"userScrolledUp":false,"stBefore":187306,"lastPinTransition":1762}] ok=true
[2026-08-05T16:00:35.630Z] G2 resize[0] dfb=0px pinned=true size=760x720 ok=true
[2026-08-05T16:00:35.893Z] G2 resize[1] dfb=0px pinned=true size=780x740 ok=true
[2026-08-05T16:00:36.028Z] G2 stream_append[1] dfb=59px pinned=true (no imperative pin issued) engineDebugTail=[{"shAfter":185164,"t":1946,"shBefore":185164,"dBefore":0,"stAfter":184424,"ms":20,"dAfter":0,"pinned":true,"userScrolledUp":false,"stBefore":184424,"lastPinTransition":1931},{"shAfter":185268,"t":2080,"shBefore":185268,"dBefore":104,"stAfter":184528,"ms":40,"dAfter":0,"pinned":true,"userScrolledUp":false,"stBefore":184424,"lastPinTransition":2063},{"shAfter":190254,"t":2196,"shBefore":190254,"dBefore":5026,"stAfter":189554,"ms":8,"dAfter":0,"pinned":true,"userScrolledUp":false,"stBefore":184528,"lastPinTransition":2188},{"shAfter":190254,"t":2213,"shBefore":190254,"dBefore":0,"stAfter":189554,"ms":25,"dAfter":0,"pinned":true,"userScrolledUp":false,"stBefore":189554,"lastPinTransition":2196},{"shAfter":190254,"t":2213,"shBefore":190254,"dBefore":0,"stAfter":189554,"ms":25,"dAfter":0,"pinned":true,"userScrolledUp":false,"stBefore":189554,"lastPinTransition":2196}] ok=false
[2026-08-05T16:00:36.036Z] JS[consoleLog]: ERROR: Script error.
[2026-08-05T16:00:36.153Z] G2 image_inject[0] dfb=0px pinned=true url=g2-img-0.png ok=true
[2026-08-05T16:00:36.154Z] G2 resize[2] dfb=0px pinned=true size=740x700 ok=true
[2026-08-05T16:00:36.423Z] G2 resize[3] dfb=0px pinned=true size=800x760 ok=true
[2026-08-05T16:00:36.424Z] G2 stream_append[2] dfb=0px pinned=true (no imperative pin issued) engineDebugTail=[{"shAfter":190337,"t":2280.0000000000005,"shBefore":190333,"dBefore":83,"stAfter":189637,"ms":33.000000000000455,"dAfter":0,"pinned":true,"userScrolledUp":false,"stBefore":189554,"lastPinTransition":2263},{"shAfter":190337,"t":2296.0000000000005,"shBefore":190337,"dBefore":0,"stAfter":189637,"ms":33.000000000000455,"dAfter":0,"pinned":true,"userScrolledUp":false,"stBefore":189637,"lastPinTransition":2280.0000000000005},{"shAfter":183367,"t":2451,"shBefore":183367,"dBefore":104,"stAfter":182607,"ms":3,"dAfter":0,"pinned":true,"userScrolledUp":false,"stBefore":182503,"lastPinTransition":2448},{"shAfter":183367,"t":2463,"shBefore":183367,"dBefore":0,"stAfter":182607,"ms":15,"dAfter":0,"pinned":true,"userScrolledUp":false,"stBefore":182607,"lastPinTransition":2451},{"shAfter":183367,"t":2463,"shBefore":183367,"dBefore":0,"stAfter":182607,"ms":15,"dAfter":0,"pinned":true,"userScrolledUp":false,"stBefore":182607,"lastPinTransition":2451}] ok=true
[2026-08-05T16:00:36.555Z] JS[consoleLog]: ERROR: Script error.
[2026-08-05T16:00:36.639Z] G2 resize[4] dfb=104px pinned=true size=720x680 ok=false
[2026-08-05T16:00:36.640Z] G2 image_inject[1] dfb=104px pinned=true url=g2-img-1.png ok=false
[2026-08-05T16:00:36.847Z] G2 stream_append[3] dfb=0px pinned=true (no imperative pin issued) engineDebugTail=[{"shAfter":193026,"t":2814,"shBefore":193026,"dBefore":83,"stAfter":192346,"ms":33.999999999999545,"dAfter":0,"pinned":true,"userScrolledUp":false,"stBefore":192263,"lastPinTransition":2797},{"shAfter":193130,"t":2880,"shBefore":193130,"dBefore":104,"stAfter":192450,"ms":24,"dAfter":0,"pinned":true,"userScrolledUp":false,"stBefore":192346,"lastPinTransition":2863},{"shAfter":188504,"t":2981,"shBefore":188504,"dBefore":0,"stAfter":187784,"ms":3,"dAfter":0,"pinned":true,"userScrolledUp":false,"stBefore":187784,"lastPinTransition":2978},{"shAfter":188504,"t":2995,"shBefore":188504,"dBefore":0,"stAfter":187784,"ms":17,"dAfter":0,"pinned":true,"userScrolledUp":false,"stBefore":187784,"lastPinTransition":2981},{"shAfter":188504,"t":2995,"shBefore":188504,"dBefore":0,"stAfter":187784,"ms":17,"dAfter":0,"pinned":true,"userScrolledUp":false,"stBefore":187784,"lastPinTransition":2981}] ok=true
[2026-08-05T16:00:36.968Z] G2 resize[5] dfb=0px pinned=true size=760x720 ok=true
[2026-08-05T16:00:37.073Z] JS[consoleLog]: ERROR: Script error.
[2026-08-05T16:00:37.161Z] G2 resize[6] dfb=0px pinned=true size=780x740 ok=true
[2026-08-05T16:00:37.162Z] G2 image_inject[2] dfb=0px pinned=true url=g2-img-2.png ok=true
[2026-08-05T16:00:37.284Z] G2 stream_append[4] dfb=5026px pinned=true (no imperative pin issued) engineDebugTail=[{"shAfter":188504,"t":2995,"shBefore":188504,"dBefore":0,"stAfter":187784,"ms":17,"dAfter":0,"pinned":true,"userScrolledUp":false,"stBefore":187784,"lastPinTransition":2981},{"shAfter":185642,"t":3196,"shBefore":185642,"dBefore":0,"stAfter":184902,"ms":8.9999999999995453,"dAfter":0,"pinned":true,"userScrolledUp":false,"stBefore":184902,"lastPinTransition":3187.0000000000005},{"shAfter":185642,"t":3213,"shBefore":185642,"dBefore":0,"stAfter":184902,"ms":25.999999999999545,"dAfter":0,"pinned":true,"userScrolledUp":false,"stBefore":184902,"lastPinTransition":3196},{"shAfter":185642,"t":3213,"shBefore":185642,"dBefore":0,"stAfter":184902,"ms":25.999999999999545,"dAfter":0,"pinned":true,"userScrolledUp":false,"stBefore":184902,"lastPinTransition":3196},{"shAfter":185829,"t":3331,"shBefore":185829,"dBefore":187,"stAfter":185089,"ms":34,"dAfter":0,"pinned":true,"userScrolledUp":false,"stBefore":184902,"lastPinTransition":3312.0000000000005}] ok=false
[2026-08-05T16:00:37.513Z] G2 resize[7] dfb=0px pinned=true size=740x700 ok=true
[2026-08-05T16:00:37.662Z] JS[consoleLog]: ERROR: Script error.
[2026-08-05T16:00:37.716Z] G2 image_inject[3] dfb=9656px pinned=true url=g2-img-3.png ok=false
[2026-08-05T16:00:37.716Z] G2 stream_append[5] dfb=9656px pinned=true (no imperative pin issued) engineDebugTail=[{"shAfter":190815,"t":3531,"shBefore":190815,"dBefore":0,"stAfter":190115,"ms":28,"dAfter":0,"pinned":true,"userScrolledUp":false,"stBefore":190115,"lastPinTransition":3512},{"shAfter":183845,"t":3747,"shBefore":190919,"dBefore":0,"stAfter":183085,"ms":39,"dAfter":0,"pinned":true,"userScrolledUp":false,"stBefore":190115,"lastPinTransition":3732},{"shAfter":183845,"t":3747,"shBefore":183845,"dBefore":0,"stAfter":183085,"ms":15,"dAfter":0,"pinned":true,"userScrolledUp":false,"stBefore":183085,"lastPinTransition":3732},{"shAfter":183845,"t":3763,"shBefore":183845,"dBefore":0,"stAfter":183085,"ms":31,"dAfter":0,"pinned":true,"userScrolledUp":false,"stBefore":183085,"lastPinTransition":3748},{"shAfter":183845,"t":3763,"shBefore":183845,"dBefore":0,"stAfter":183085,"ms":31,"dAfter":0,"pinned":true,"userScrolledUp":false,"stBefore":183085,"lastPinTransition":3748}] ok=false
[2026-08-05T16:00:37.716Z] G2 resize[8] dfb=9656px pinned=true size=800x760 ok=false
[2026-08-05T16:00:37.904Z] G2 resize[9] dfb=104px pinned=true size=720x680 ok=false
[2026-08-05T16:00:38.091Z] JS[consoleLog]: ERROR: Script error.
[2026-08-05T16:00:38.095Z] G2 stream_append[6] dfb=0px pinned=true (no imperative pin issued) engineDebugTail=[{"shAfter":193504,"t":3938,"shBefore":193504,"dBefore":0,"stAfter":192824,"ms":3,"dAfter":0,"pinned":true,"userScrolledUp":false,"stBefore":183168,"lastPinTransition":3935},{"shAfter":193504,"t":3948,"shBefore":193504,"dBefore":0,"stAfter":192824,"ms":13,"dAfter":0,"pinned":true,"userScrolledUp":false,"stBefore":192824,"lastPinTransition":3938},{"shAfter":193504,"t":3948,"shBefore":193504,"dBefore":0,"stAfter":192824,"ms":13,"dAfter":0,"pinned":true,"userScrolledUp":false,"stBefore":192824,"lastPinTransition":3938},{"shAfter":193608,"t":4148,"shBefore":193608,"dBefore":104,"stAfter":192928,"ms":40,"dAfter":0,"pinned":true,"userScrolledUp":false,"stBefore":192824,"lastPinTransition":4131},{"shAfter":189065,"t":4311,"shBefore":189041,"dBefore":59,"stAfter":188345,"ms":8,"dAfter":0,"pinned":true,"userScrolledUp":false,"stBefore":188262,"lastPinTransition":4304}] ok=true
[2026-08-05T16:00:38.285Z] G2 image_inject[4] dfb=104px pinned=true url=g2-img-4.png ok=false
[2026-08-05T16:00:38.285Z] G2 resize[10] dfb=104px pinned=true size=760x720 ok=false
[2026-08-05T16:00:38.499Z] G2 resize[11] dfb=5026px pinned=true size=780x740 ok=false
[2026-08-05T16:00:38.500Z] G2 stream_append[7] dfb=5026px pinned=true (no imperative pin issued) engineDebugTail=[{"shAfter":189065,"t":4315,"shBefore":189041,"dBefore":0,"stAfter":188345,"ms":11,"dAfter":0,"pinned":true,"userScrolledUp":false,"stBefore":188321,"lastPinTransition":4311},{"shAfter":189065,"t":4331,"shBefore":189065,"dBefore":0,"stAfter":188345,"ms":20,"dAfter":0,"pinned":true,"userScrolledUp":false,"stBefore":188345,"lastPinTransition":4315},{"shAfter":186307,"t":4510,"shBefore":186307,"dBefore":104,"stAfter":185567,"ms":7,"dAfter":0,"pinned":true,"userScrolledUp":false,"stBefore":185463,"lastPinTransition":4503},{"shAfter":186307,"t":4515,"shBefore":186307,"dBefore":0,"stAfter":185567,"ms":12,"dAfter":0,"pinned":true,"userScrolledUp":false,"stBefore":185567,"lastPinTransition":4510},{"shAfter":186307,"t":4515,"shBefore":186307,"dBefore":0,"stAfter":185567,"ms":12,"dAfter":0,"pinned":true,"userScrolledUp":false,"stBefore":185567,"lastPinTransition":4510}] ok=false
[2026-08-05T16:00:38.676Z] G2 image_inject[5] dfb=163px pinned=true url=g2-img-5.png ok=false
[2026-08-05T16:00:38.707Z] G2 resize[12] dfb=20px pinned=true size=740x700 ok=false
[2026-08-05T16:00:38.712Z] JS[consoleLog]: ERROR: Script error.
[2026-08-05T16:00:38.876Z] G2 stream_append[8] dfb=0px pinned=true (no imperative pin issued) engineDebugTail=[{"shAfter":184406,"t":4933,"shBefore":191456,"dBefore":20,"stAfter":183646,"ms":39,"dAfter":0,"pinned":true,"userScrolledUp":false,"stBefore":190593,"lastPinTransition":4926},{"shAfter":184406,"t":4933,"shBefore":184402,"dBefore":0,"stAfter":183646,"ms":7,"dAfter":0,"pinned":true,"userScrolledUp":false,"stBefore":183622,"lastPinTransition":4926},{"shAfter":184406,"t":4949,"shBefore":184402,"dBefore":0,"stAfter":183646,"ms":23,"dAfter":0,"pinned":true,"userScrolledUp":false,"stBefore":183642,"lastPinTransition":4933},{"shAfter":184406,"t":4949,"shBefore":184402,"dBefore":0,"stAfter":183646,"ms":23,"dAfter":0,"pinned":true,"userScrolledUp":false,"stBefore":183642,"lastPinTransition":4933},{"shAfter":184406,"t":4965,"shBefore":184406,"dBefore":0,"stAfter":183646,"ms":32,"dAfter":0,"pinned":true,"userScrolledUp":false,"stBefore":183646,"lastPinTransition":4949}] ok=true
[2026-08-05T16:00:38.877Z] G2 resize[13] dfb=0px pinned=true size=800x760 ok=true
[2026-08-05T16:00:39.176Z] JS[consoleLog]: ERROR: Script error.
[2026-08-05T16:00:39.336Z] G2 image_inject[6] dfb=0px pinned=true url=g2-img-6.png ok=true
[2026-08-05T16:00:39.354Z] G2 resize[14] dfb=0px pinned=true size=720x680 ok=true
[2026-08-05T16:00:39.354Z] G2 stream_append[9] dfb=0px pinned=true (no imperative pin issued) engineDebugTail=[{"shAfter":194169,"t":5400,"shBefore":194145,"dBefore":0,"stAfter":193489,"ms":10,"dAfter":0,"pinned":true,"userScrolledUp":false,"stBefore":193465,"lastPinTransition":5396},{"shAfter":194169,"t":5416,"shBefore":194169,"dBefore":0,"stAfter":193489,"ms":20,"dAfter":0,"pinned":true,"userScrolledUp":false,"stBefore":193489,"lastPinTransition":5400},{"shAfter":189543,"t":5561,"shBefore":189543,"dBefore":0,"stAfter":188823,"ms":6,"dAfter":0,"pinned":true,"userScrolledUp":false,"stBefore":188823,"lastPinTransition":5555},{"shAfter":189543,"t":5564,"shBefore":189543,"dBefore":0,"stAfter":188823,"ms":9,"dAfter":0,"pinned":true,"userScrolledUp":false,"stBefore":188823,"lastPinTransition":5561},{"shAfter":189543,"t":5564,"shBefore":189543,"dBefore":0,"stAfter":188823,"ms":9,"dAfter":0,"pinned":true,"userScrolledUp":false,"stBefore":188823,"lastPinTransition":5561}] ok=true
[2026-08-05T16:00:39.554Z] G2 resize[15] dfb=0px pinned=true size=760x720 ok=true
[2026-08-05T16:00:39.560Z] JS[consoleLog]: ERROR: Script error.
[2026-08-05T16:00:39.756Z] G2 stream_append[10] dfb=5026px pinned=true (no imperative pin issued) engineDebugTail=[{"shAfter":186868,"t":5783,"shBefore":189647,"dBefore":59,"stAfter":186128,"ms":41,"dAfter":0,"pinned":true,"userScrolledUp":false,"stBefore":188823,"lastPinTransition":5774},{"shAfter":186868,"t":5783,"shBefore":186844,"dBefore":0,"stAfter":186128,"ms":9,"dAfter":0,"pinned":true,"userScrolledUp":false,"stBefore":186045,"lastPinTransition":5774},{"shAfter":186868,"t":5799,"shBefore":186844,"dBefore":0,"stAfter":186128,"ms":25,"dAfter":0,"pinned":true,"userScrolledUp":false,"stBefore":186104,"lastPinTransition":5783},{"shAfter":186868,"t":5799,"shBefore":186844,"dBefore":0,"stAfter":186128,"ms":25,"dAfter":0,"pinned":true,"userScrolledUp":false,"stBefore":186104,"lastPinTransition":5783},{"shAfter":186868,"t":5816,"shBefore":186868,"dBefore":0,"stAfter":186128,"ms":33,"dAfter":0,"pinned":true,"userScrolledUp":false,"stBefore":186128,"lastPinTransition":5799}] ok=false
[2026-08-05T16:00:39.756Z] G2 resize[16] dfb=5026px pinned=true size=780x740 ok=false
[2026-08-05T16:00:39.778Z] G2 image_inject[7] dfb=0px pinned=true url=g2-img-7.png ok=true
[2026-08-05T16:00:39.976Z] G2 resize[17] dfb=0px pinned=true size=740x700 ok=true
[2026-08-05T16:00:40.144Z] G2 image_inject[8] dfb=59px pinned=true url=g2-img-8.png ok=false
[2026-08-05T16:00:40.145Z] G2 stream_append[11] dfb=59px pinned=true (no imperative pin issued) engineDebugTail=[{"shAfter":191854,"t":5999.0000000000009,"shBefore":191854,"dBefore":0,"stAfter":191154,"ms":24,"dAfter":0,"pinned":true,"userScrolledUp":false,"stBefore":191154,"lastPinTransition":5983.0000000000009},{"shAfter":184884,"t":6201.0000000000009,"shBefore":191958,"dBefore":0,"stAfter":184124,"ms":41.000000000000909,"dAfter":0,"pinned":true,"userScrolledUp":false,"stBefore":191154,"lastPinTransition":6194},{"shAfter":184884,"t":6201.0000000000009,"shBefore":184884,"dBefore":0,"stAfter":184124,"ms":7.0000000000009095,"dAfter":0,"pinned":true,"userScrolledUp":false,"stBefore":184124,"lastPinTransition":6194},{"shAfter":184884,"t":6216,"shBefore":184884,"dBefore":0,"stAfter":184124,"ms":22,"dAfter":0,"pinned":true,"userScrolledUp":false,"stBefore":184124,"lastPinTransition":6201.0000000000009},{"shAfter":184884,"t":6216,"shBefore":184884,"dBefore":0,"stAfter":184124,"ms":22,"dAfter":0,"pinned":true,"userScrolledUp":false,"stBefore":184124,"lastPinTransition":6201.0000000000009}] ok=false
[2026-08-05T16:00:40.154Z] G2 resize[18] dfb=59px pinned=true size=800x760 ok=false
[2026-08-05T16:00:40.155Z] JS[consoleLog]: ERROR: Script error.
[2026-08-05T16:00:40.697Z] G2 resize[19] dfb=0px pinned=true size=720x680 ok=true
[2026-08-05T16:00:40.697Z] G2 stream_append[12] dfb=0px pinned=true (no imperative pin issued) engineDebugTail=[{"shAfter":190021,"t":6747,"shBefore":194683,"dBefore":0,"stAfter":189301,"ms":24,"dAfter":0,"pinned":true,"userScrolledUp":false,"stBefore":194003,"lastPinTransition":6742},{"shAfter":190021,"t":6747,"shBefore":194683,"dBefore":0,"stAfter":189301,"ms":24,"dAfter":0,"pinned":true,"userScrolledUp":false,"stBefore":194003,"lastPinTransition":6742},{"shAfter":190021,"t":6747,"shBefore":190021,"dBefore":0,"stAfter":189301,"ms":5,"dAfter":0,"pinned":true,"userScrolledUp":false,"stBefore":189301,"lastPinTransition":6742},{"shAfter":190021,"t":6750,"shBefore":190021,"dBefore":0,"stAfter":189301,"ms":8,"dAfter":0,"pinned":true,"userScrolledUp":false,"stBefore":189301,"lastPinTransition":6747},{"shAfter":190021,"t":6750,"shBefore":190021,"dBefore":0,"stAfter":189301,"ms":8,"dAfter":0,"pinned":true,"userScrolledUp":false,"stBefore":189301,"lastPinTransition":6747}] ok=true
[2026-08-05T16:00:40.697Z] G2 resize[20] dfb=0px pinned=true size=760x720 ok=true
[2026-08-05T16:00:40.777Z] G2 image_inject[9] dfb=0px pinned=true url=g2-img-9.png ok=true
[2026-08-05T16:00:40.864Z] G2 stream_append[13] dfb=0px pinned=true (no imperative pin issued) engineDebugTail=[{"shAfter":190021,"t":6750,"shBefore":190021,"dBefore":0,"stAfter":189301,"ms":8,"dAfter":0,"pinned":true,"userScrolledUp":false,"stBefore":189301,"lastPinTransition":6747},{"shAfter":187263,"t":6920,"shBefore":190125,"dBefore":0,"stAfter":186523,"ms":43,"dAfter":0,"pinned":true,"userScrolledUp":false,"stBefore":189301,"lastPinTransition":6916},{"shAfter":187263,"t":6920,"shBefore":187263,"dBefore":0,"stAfter":186523,"ms":4,"dAfter":0,"pinned":true,"userScrolledUp":false,"stBefore":186523,"lastPinTransition":6916},{"shAfter":187263,"t":6933,"shBefore":187263,"dBefore":0,"stAfter":186523,"ms":17,"dAfter":0,"pinned":true,"userScrolledUp":false,"stBefore":186523,"lastPinTransition":6920},{"shAfter":187263,"t":6933,"shBefore":187263,"dBefore":0,"stAfter":186523,"ms":17,"dAfter":0,"pinned":true,"userScrolledUp":false,"stBefore":186523,"lastPinTransition":6920}] ok=true
[2026-08-05T16:00:40.889Z] G2 resize[21] dfb=0px pinned=true size=780x740 ok=true
[2026-08-05T16:00:41.527Z] G2 resize[22] dfb=9850px pinned=true size=740x700 ok=false
[2026-08-05T16:00:41.528Z] G2 stream_append[14] dfb=9850px pinned=true (no imperative pin issued) engineDebugTail=[{"shAfter":185279,"t":7551,"shBefore":192353,"dBefore":0,"stAfter":184519,"ms":27.999999999999091,"dAfter":0,"pinned":true,"userScrolledUp":false,"stBefore":191653,"lastPinTransition":7540},{"shAfter":185279,"t":7551,"shBefore":192353,"dBefore":0,"stAfter":184519,"ms":27.999999999999091,"dAfter":0,"pinned":true,"userScrolledUp":false,"stBefore":191653,"lastPinTransition":7540},{"shAfter":185279,"t":7551,"shBefore":185279,"dBefore":0,"stAfter":184519,"ms":11,"dAfter":0,"pinned":true,"userScrolledUp":false,"stBefore":184519,"lastPinTransition":7540},{"shAfter":185279,"t":7567,"shBefore":185279,"dBefore":0,"stAfter":184519,"ms":27,"dAfter":0,"pinned":true,"userScrolledUp":false,"stBefore":184519,"lastPinTransition":7551},{"shAfter":185279,"t":7567,"shBefore":185279,"dBefore":0,"stAfter":184519,"ms":27,"dAfter":0,"pinned":true,"userScrolledUp":false,"stBefore":184519,"lastPinTransition":7551}] ok=false
[2026-08-05T16:00:41.528Z] G2 resize[23] dfb=9850px pinned=true size=800x760 ok=false
[2026-08-05T16:00:41.704Z] G2 stream_append[15] dfb=0px pinned=true (no imperative pin issued) engineDebugTail=[{"shAfter":185279,"t":7567,"shBefore":185279,"dBefore":0,"stAfter":184519,"ms":27,"dAfter":0,"pinned":true,"userScrolledUp":false,"stBefore":184519,"lastPinTransition":7551},{"shAfter":195049,"t":7751,"shBefore":185383,"dBefore":9850,"stAfter":194369,"ms":41,"dAfter":0,"pinned":true,"userScrolledUp":false,"stBefore":184519,"lastPinTransition":7746},{"shAfter":195049,"t":7751,"shBefore":195049,"dBefore":0,"stAfter":194369,"ms":5,"dAfter":0,"pinned":true,"userScrolledUp":false,"stBefore":184519,"lastPinTransition":7746},{"shAfter":195049,"t":7767,"shBefore":195049,"dBefore":0,"stAfter":194369,"ms":21,"dAfter":0,"pinned":true,"userScrolledUp":false,"stBefore":194369,"lastPinTransition":7751},{"shAfter":195049,"t":7767,"shBefore":195049,"dBefore":0,"stAfter":194369,"ms":21,"dAfter":0,"pinned":true,"userScrolledUp":false,"stBefore":194369,"lastPinTransition":7751}] ok=true
[2026-08-05T16:00:41.708Z] G2 resize[24] dfb=0px pinned=true size=720x680 ok=true
[2026-08-05T16:00:41.892Z] G2 resize[25] dfb=104px pinned=true size=760x720 ok=false
[2026-08-05T16:00:42.124Z] G2 stream_append[16] dfb=0px pinned=true (no imperative pin issued) engineDebugTail=[{"shAfter":195049,"t":7767,"shBefore":195049,"dBefore":0,"stAfter":194369,"ms":21,"dAfter":0,"pinned":true,"userScrolledUp":false,"stBefore":194369,"lastPinTransition":7751},{"shAfter":190333,"t":7929,"shBefore":190333,"dBefore":0,"stAfter":189613,"ms":6,"dAfter":0,"pinned":true,"userScrolledUp":false,"stBefore":189613,"lastPinTransition":7923},{"shAfter":190333,"t":7934,"shBefore":190333,"dBefore":0,"stAfter":189613,"ms":11,"dAfter":0,"pinned":true,"userScrolledUp":false,"stBefore":189613,"lastPinTransition":7929},{"shAfter":190333,"t":7934,"shBefore":190333,"dBefore":0,"stAfter":189613,"ms":11,"dAfter":0,"pinned":true,"userScrolledUp":false,"stBefore":189613,"lastPinTransition":7929},{"shAfter":190437,"t":8151,"shBefore":190437,"dBefore":104,"stAfter":189717,"ms":41.000000000000909,"dAfter":0,"pinned":true,"userScrolledUp":false,"stBefore":189613,"lastPinTransition":8135}] ok=true
[2026-08-05T16:00:42.308Z] G2 resize[26] dfb=0px pinned=true size=780x740 ok=true
[2026-08-05T16:00:42.455Z] G2 resize[27] dfb=0px pinned=true size=740x700 ok=true
[2026-08-05T16:00:42.455Z] G2 stream_append[17] dfb=0px pinned=true (no imperative pin issued) engineDebugTail=[{"shAfter":187575,"t":8368,"shBefore":187575,"dBefore":0,"stAfter":186835,"ms":25,"dAfter":0,"pinned":true,"userScrolledUp":false,"stBefore":186835,"lastPinTransition":8351},{"shAfter":187575,"t":8368,"shBefore":187575,"dBefore":0,"stAfter":186835,"ms":25,"dAfter":0,"pinned":true,"userScrolledUp":false,"stBefore":186835,"lastPinTransition":8351},{"shAfter":192665,"t":8480,"shBefore":192665,"dBefore":5130,"stAfter":191965,"ms":5,"dAfter":0,"pinned":true,"userScrolledUp":false,"stBefore":186835,"lastPinTransition":8475},{"shAfter":192665,"t":8485,"shBefore":192665,"dBefore":0,"stAfter":191965,"ms":10,"dAfter":0,"pinned":true,"userScrolledUp":false,"stBefore":191965,"lastPinTransition":8480},{"shAfter":192665,"t":8485,"shBefore":192665,"dBefore":0,"stAfter":191965,"ms":10,"dAfter":0,"pinned":true,"userScrolledUp":false,"stBefore":191965,"lastPinTransition":8480}] ok=true
[2026-08-05T16:00:42.637Z] G2 resize[28] dfb=104px pinned=true size=800x760 ok=false
[2026-08-05T16:00:42.855Z] G2 stream_append[18] dfb=9800px pinned=true (no imperative pin issued) engineDebugTail=[{"shAfter":192665,"t":8485,"shBefore":192665,"dBefore":0,"stAfter":191965,"ms":10,"dAfter":0,"pinned":true,"userScrolledUp":false,"stBefore":191965,"lastPinTransition":8480},{"shAfter":185591,"t":8680,"shBefore":185591,"dBefore":0,"stAfter":184831,"ms":6,"dAfter":0,"pinned":true,"userScrolledUp":false,"stBefore":184831,"lastPinTransition":8674},{"shAfter":185591,"t":8685,"shBefore":185591,"dBefore":0,"stAfter":184831,"ms":11,"dAfter":0,"pinned":true,"userScrolledUp":false,"stBefore":184831,"lastPinTransition":8680},{"shAfter":185591,"t":8685,"shBefore":185591,"dBefore":0,"stAfter":184831,"ms":11,"dAfter":0,"pinned":true,"userScrolledUp":false,"stBefore":184831,"lastPinTransition":8680},{"shAfter":185695,"t":8885,"shBefore":185695,"dBefore":104,"stAfter":184935,"ms":39,"dAfter":0,"pinned":true,"userScrolledUp":false,"stBefore":184831,"lastPinTransition":8869}] ok=false
[2026-08-05T16:00:43.073Z] G2 resize[29] dfb=104px pinned=true size=720x680 ok=false
[2026-08-05T16:00:43.286Z] G2 resize[30] dfb=0px pinned=true size=760x720 ok=true
[2026-08-05T16:00:43.286Z] G2 stream_append[19] dfb=0px pinned=true (no imperative pin issued) engineDebugTail=[{"shAfter":195415,"t":9085,"shBefore":195415,"dBefore":0,"stAfter":194735,"ms":11,"dAfter":0,"pinned":true,"userScrolledUp":false,"stBefore":194735,"lastPinTransition":9076},{"shAfter":195415,"t":9085,"shBefore":195415,"dBefore":0,"stAfter":194735,"ms":11,"dAfter":0,"pinned":true,"userScrolledUp":false,"stBefore":194735,"lastPinTransition":9076},{"shAfter":190749,"t":9297,"shBefore":190749,"dBefore":104,"stAfter":190029,"ms":5,"dAfter":0,"pinned":true,"userScrolledUp":false,"stBefore":189925,"lastPinTransition":9292},{"shAfter":190749,"t":9302,"shBefore":190749,"dBefore":0,"stAfter":190029,"ms":10,"dAfter":0,"pinned":true,"userScrolledUp":false,"stBefore":190029,"lastPinTransition":9297},{"shAfter":190749,"t":9302,"shBefore":190749,"dBefore":0,"stAfter":190029,"ms":10,"dAfter":0,"pinned":true,"userScrolledUp":false,"stBefore":190029,"lastPinTransition":9297}] ok=true
[2026-08-05T16:00:43.476Z] G2 resize[31] dfb=5130px pinned=true size=780x740 ok=false
[2026-08-05T16:00:43.653Z] G2 stream_append[20] dfb=0px pinned=true (no imperative pin issued) engineDebugTail=[{"shAfter":187887,"t":9519,"shBefore":187887,"dBefore":0,"stAfter":187147,"ms":15,"dAfter":0,"pinned":true,"userScrolledUp":false,"stBefore":187147,"lastPinTransition":9508},{"shAfter":192977,"t":9701,"shBefore":187991,"dBefore":5130,"stAfter":192277,"ms":38,"dAfter":0,"pinned":true,"userScrolledUp":false,"stBefore":187147,"lastPinTransition":9695},{"shAfter":192977,"t":9701,"shBefore":192977,"dBefore":0,"stAfter":192277,"ms":6,"dAfter":0,"pinned":true,"userScrolledUp":false,"stBefore":187147,"lastPinTransition":9695},{"shAfter":192977,"t":9719,"shBefore":192977,"dBefore":0,"stAfter":192277,"ms":24,"dAfter":0,"pinned":true,"userScrolledUp":false,"stBefore":192277,"lastPinTransition":9701},{"shAfter":192977,"t":9719,"shBefore":192977,"dBefore":0,"stAfter":192277,"ms":24,"dAfter":0,"pinned":true,"userScrolledUp":false,"stBefore":192277,"lastPinTransition":9701}] ok=true
[2026-08-05T16:00:43.654Z] G2 resize[32] dfb=0px pinned=true size=740x700 ok=true
[2026-08-05T16:00:44.430Z] G2 resize[33] dfb=0px pinned=true size=800x760 ok=true
[2026-08-05T16:00:44.430Z] G2 stream_append[21] dfb=0px pinned=true (no imperative pin issued) engineDebugTail=[{"shAfter":191061,"t":10478,"shBefore":186111,"dBefore":0,"stAfter":190341,"ms":18,"dAfter":0,"pinned":true,"userScrolledUp":false,"stBefore":185351,"lastPinTransition":10476},{"shAfter":191061,"t":10478,"shBefore":186111,"dBefore":0,"stAfter":190341,"ms":18,"dAfter":0,"pinned":true,"userScrolledUp":false,"stBefore":185351,"lastPinTransition":10476},{"shAfter":191061,"t":10478,"shBefore":191061,"dBefore":0,"stAfter":190341,"ms":2,"dAfter":0,"pinned":true,"userScrolledUp":false,"stBefore":185351,"lastPinTransition":10476},{"shAfter":191061,"t":10486,"shBefore":191061,"dBefore":0,"stAfter":190341,"ms":10,"dAfter":0,"pinned":true,"userScrolledUp":false,"stBefore":190341,"lastPinTransition":10478},{"shAfter":191061,"t":10486,"shBefore":191061,"dBefore":0,"stAfter":190341,"ms":10,"dAfter":0,"pinned":true,"userScrolledUp":false,"stBefore":190341,"lastPinTransition":10478}] ok=true
[2026-08-05T16:00:44.431Z] G2 resize[34] dfb=0px pinned=true size=720x680 ok=true
[2026-08-05T16:00:44.455Z] G2 resize[35] dfb=0px pinned=true size=760x720 ok=true
[2026-08-05T16:00:44.455Z] G2 stream_append[22] dfb=0px pinned=true (no imperative pin issued) engineDebugTail=[{"shAfter":191061,"t":10478,"shBefore":186111,"dBefore":0,"stAfter":190341,"ms":18,"dAfter":0,"pinned":true,"userScrolledUp":false,"stBefore":185351,"lastPinTransition":10476},{"shAfter":191061,"t":10478,"shBefore":186111,"dBefore":0,"stAfter":190341,"ms":18,"dAfter":0,"pinned":true,"userScrolledUp":false,"stBefore":185351,"lastPinTransition":10476},{"shAfter":191061,"t":10478,"shBefore":191061,"dBefore":0,"stAfter":190341,"ms":2,"dAfter":0,"pinned":true,"userScrolledUp":false,"stBefore":185351,"lastPinTransition":10476},{"shAfter":191061,"t":10486,"shBefore":191061,"dBefore":0,"stAfter":190341,"ms":10,"dAfter":0,"pinned":true,"userScrolledUp":false,"stBefore":190341,"lastPinTransition":10478},{"shAfter":191061,"t":10486,"shBefore":191061,"dBefore":0,"stAfter":190341,"ms":10,"dAfter":0,"pinned":true,"userScrolledUp":false,"stBefore":190341,"lastPinTransition":10478}] ok=true
[2026-08-05T16:00:44.641Z] G2 resize[36] dfb=104px pinned=true size=780x740 ok=false
[2026-08-05T16:00:44.860Z] G2 stream_append[23] dfb=5026px pinned=true (no imperative pin issued) engineDebugTail=[{"shAfter":191061,"t":10486,"shBefore":191061,"dBefore":0,"stAfter":190341,"ms":10,"dAfter":0,"pinned":true,"userScrolledUp":false,"stBefore":190341,"lastPinTransition":10478},{"shAfter":188199,"t":10677,"shBefore":188199,"dBefore":0,"stAfter":187459,"ms":3,"dAfter":0,"pinned":true,"userScrolledUp":false,"stBefore":187459,"lastPinTransition":10674},{"shAfter":188199,"t":10686,"shBefore":188199,"dBefore":0,"stAfter":187459,"ms":12,"dAfter":0,"pinned":true,"userScrolledUp":false,"stBefore":187459,"lastPinTransition":10677},{"shAfter":188199,"t":10686,"shBefore":188199,"dBefore":0,"stAfter":187459,"ms":12,"dAfter":0,"pinned":true,"userScrolledUp":false,"stBefore":187459,"lastPinTransition":10677},{"shAfter":188303,"t":10887,"shBefore":188303,"dBefore":104,"stAfter":187563,"ms":39,"dAfter":0,"pinned":true,"userScrolledUp":false,"stBefore":187459,"lastPinTransition":10870.000000000002}] ok=false
[2026-08-05T16:00:45.056Z] G2 resize[37] dfb=104px pinned=true size=740x700 ok=false
[2026-08-05T16:00:45.257Z] G2 resize[38] dfb=9908px pinned=true size=800x760 ok=false
[2026-08-05T16:00:45.258Z] G2 stream_append[24] dfb=9908px pinned=true (no imperative pin issued) engineDebugTail=[{"shAfter":193289,"t":11103,"shBefore":193289,"dBefore":0,"stAfter":192589,"ms":24,"dAfter":0,"pinned":true,"userScrolledUp":false,"stBefore":192589,"lastPinTransition":11087},{"shAfter":193289,"t":11103,"shBefore":193289,"dBefore":0,"stAfter":192589,"ms":24,"dAfter":0,"pinned":true,"userScrolledUp":false,"stBefore":192589,"lastPinTransition":11087},{"shAfter":186319,"t":11279,"shBefore":186319,"dBefore":104,"stAfter":185559,"ms":4,"dAfter":0,"pinned":true,"userScrolledUp":false,"stBefore":185455,"lastPinTransition":11275},{"shAfter":186319,"t":11287,"shBefore":186319,"dBefore":0,"stAfter":185559,"ms":12,"dAfter":0,"pinned":true,"userScrolledUp":false,"stBefore":185559,"lastPinTransition":11279},{"shAfter":186319,"t":11287,"shBefore":186319,"dBefore":0,"stAfter":185559,"ms":12,"dAfter":0,"pinned":true,"userScrolledUp":false,"stBefore":185559,"lastPinTransition":11279}] ok=false
[2026-08-05T16:00:45.437Z] G2 resize[39] dfb=122px pinned=true size=720x680 ok=false
[2026-08-05T16:00:45.632Z] G2 stream_append[25] dfb=0px pinned=true (no imperative pin issued) engineDebugTail=[{"shAfter":186319,"t":11287,"shBefore":186319,"dBefore":0,"stAfter":185559,"ms":12,"dAfter":0,"pinned":true,"userScrolledUp":false,"stBefore":185559,"lastPinTransition":11279},{"shAfter":196147,"t":11479.000000000002,"shBefore":196147,"dBefore":9908,"stAfter":195467,"ms":3.000000000001819,"dAfter":0,"pinned":true,"userScrolledUp":false,"stBefore":185559,"lastPinTransition":11476},{"shAfter":196147,"t":11487,"shBefore":196147,"dBefore":0,"stAfter":195467,"ms":11,"dAfter":0,"pinned":true,"userScrolledUp":false,"stBefore":195467,"lastPinTransition":11479.000000000002},{"shAfter":196147,"t":11487,"shBefore":196147,"dBefore":0,"stAfter":195467,"ms":11,"dAfter":0,"pinned":true,"userScrolledUp":false,"stBefore":195467,"lastPinTransition":11479.000000000002},{"shAfter":196269,"t":11688,"shBefore":196269,"dBefore":122,"stAfter":195589,"ms":40,"dAfter":0,"pinned":true,"userScrolledUp":false,"stBefore":195467,"lastPinTransition":11671}] ok=true
[2026-08-05T16:00:46.698Z] G2 stream_append[26] dfb=122px pinned=true (no imperative pin issued) engineDebugTail=[{"shAfter":196147,"t":11479.000000000002,"shBefore":196147,"dBefore":9908,"stAfter":195467,"ms":3.000000000001819,"dAfter":0,"pinned":true,"userScrolledUp":false,"stBefore":185559,"lastPinTransition":11476},{"shAfter":196147,"t":11487,"shBefore":196147,"dBefore":0,"stAfter":195467,"ms":11,"dAfter":0,"pinned":true,"userScrolledUp":false,"stBefore":195467,"lastPinTransition":11479.000000000002},{"shAfter":196147,"t":11487,"shBefore":196147,"dBefore":0,"stAfter":195467,"ms":11,"dAfter":0,"pinned":true,"userScrolledUp":false,"stBefore":195467,"lastPinTransition":11479.000000000002},{"shAfter":196269,"t":11688,"shBefore":196269,"dBefore":122,"stAfter":195589,"ms":40,"dAfter":0,"pinned":true,"userScrolledUp":false,"stBefore":195467,"lastPinTransition":11671},{"shAfter":196513,"t":12738,"shBefore":196513,"dBefore":244,"stAfter":195833,"ms":27,"dAfter":0,"pinned":true,"userScrolledUp":false,"stBefore":195589,"lastPinTransition":12722}] ok=false
[2026-08-05T16:00:46.699Z] G2 stream_append[27] dfb=122px pinned=true (no imperative pin issued) engineDebugTail=[{"shAfter":196147,"t":11479.000000000002,"shBefore":196147,"dBefore":9908,"stAfter":195467,"ms":3.000000000001819,"dAfter":0,"pinned":true,"userScrolledUp":false,"stBefore":185559,"lastPinTransition":11476},{"shAfter":196147,"t":11487,"shBefore":196147,"dBefore":0,"stAfter":195467,"ms":11,"dAfter":0,"pinned":true,"userScrolledUp":false,"stBefore":195467,"lastPinTransition":11479.000000000002},{"shAfter":196147,"t":11487,"shBefore":196147,"dBefore":0,"stAfter":195467,"ms":11,"dAfter":0,"pinned":true,"userScrolledUp":false,"stBefore":195467,"lastPinTransition":11479.000000000002},{"shAfter":196269,"t":11688,"shBefore":196269,"dBefore":122,"stAfter":195589,"ms":40,"dAfter":0,"pinned":true,"userScrolledUp":false,"stBefore":195467,"lastPinTransition":11671},{"shAfter":196513,"t":12738,"shBefore":196513,"dBefore":244,"stAfter":195833,"ms":27,"dAfter":0,"pinned":true,"userScrolledUp":false,"stBefore":195589,"lastPinTransition":12722}] ok=false
[2026-08-05T16:00:46.899Z] G2 stream_append[28] dfb=0px pinned=true (no imperative pin issued) engineDebugTail=[{"shAfter":196147,"t":11487,"shBefore":196147,"dBefore":0,"stAfter":195467,"ms":11,"dAfter":0,"pinned":true,"userScrolledUp":false,"stBefore":195467,"lastPinTransition":11479.000000000002},{"shAfter":196147,"t":11487,"shBefore":196147,"dBefore":0,"stAfter":195467,"ms":11,"dAfter":0,"pinned":true,"userScrolledUp":false,"stBefore":195467,"lastPinTransition":11479.000000000002},{"shAfter":196269,"t":11688,"shBefore":196269,"dBefore":122,"stAfter":195589,"ms":40,"dAfter":0,"pinned":true,"userScrolledUp":false,"stBefore":195467,"lastPinTransition":11671},{"shAfter":196513,"t":12738,"shBefore":196513,"dBefore":244,"stAfter":195833,"ms":27,"dAfter":0,"pinned":true,"userScrolledUp":false,"stBefore":195589,"lastPinTransition":12722},{"shAfter":196635,"t":12939,"shBefore":196635,"dBefore":122,"stAfter":195955,"ms":23,"dAfter":0,"pinned":true,"userScrolledUp":false,"stBefore":195833,"lastPinTransition":12922}] ok=true
[2026-08-05T16:00:47.688Z] JS_ERR: JavaScript execution returned a result of an unsupported type
[2026-08-05T16:00:47.889Z] G2 stream_append[29] dfb=122px pinned=true (no imperative pin issued) engineDebugTail=[{"shAfter":196147,"t":11487,"shBefore":196147,"dBefore":0,"stAfter":195467,"ms":11,"dAfter":0,"pinned":true,"userScrolledUp":false,"stBefore":195467,"lastPinTransition":11479.000000000002},{"shAfter":196269,"t":11688,"shBefore":196269,"dBefore":122,"stAfter":195589,"ms":40,"dAfter":0,"pinned":true,"userScrolledUp":false,"stBefore":195467,"lastPinTransition":11671},{"shAfter":196513,"t":12738,"shBefore":196513,"dBefore":244,"stAfter":195833,"ms":27,"dAfter":0,"pinned":true,"userScrolledUp":false,"stBefore":195589,"lastPinTransition":12722},{"shAfter":196635,"t":12939,"shBefore":196635,"dBefore":122,"stAfter":195955,"ms":23,"dAfter":0,"pinned":true,"userScrolledUp":false,"stBefore":195833,"lastPinTransition":12922},{"shAfter":197987,"t":13939,"shBefore":197987,"dBefore":1852,"stAfter":197307,"ms":33,"dAfter":0,"pinned":true,"userScrolledUp":false,"stBefore":195455,"lastPinTransition":13922}] ok=false
[2026-08-05T16:00:47.890Z] G2 stream_append[30] dfb=122px pinned=true (no imperative pin issued) engineDebugTail=[{"shAfter":196147,"t":11487,"shBefore":196147,"dBefore":0,"stAfter":195467,"ms":11,"dAfter":0,"pinned":true,"userScrolledUp":false,"stBefore":195467,"lastPinTransition":11479.000000000002},{"shAfter":196269,"t":11688,"shBefore":196269,"dBefore":122,"stAfter":195589,"ms":40,"dAfter":0,"pinned":true,"userScrolledUp":false,"stBefore":195467,"lastPinTransition":11671},{"shAfter":196513,"t":12738,"shBefore":196513,"dBefore":244,"stAfter":195833,"ms":27,"dAfter":0,"pinned":true,"userScrolledUp":false,"stBefore":195589,"lastPinTransition":12722},{"shAfter":196635,"t":12939,"shBefore":196635,"dBefore":122,"stAfter":195955,"ms":23,"dAfter":0,"pinned":true,"userScrolledUp":false,"stBefore":195833,"lastPinTransition":12922},{"shAfter":197987,"t":13939,"shBefore":197987,"dBefore":1852,"stAfter":197307,"ms":33,"dAfter":0,"pinned":true,"userScrolledUp":false,"stBefore":195455,"lastPinTransition":13922}] ok=false
[2026-08-05T16:00:48.097Z] G2 stream_append[31] dfb=0px pinned=true (no imperative pin issued) engineDebugTail=[{"shAfter":196269,"t":11688,"shBefore":196269,"dBefore":122,"stAfter":195589,"ms":40,"dAfter":0,"pinned":true,"userScrolledUp":false,"stBefore":195467,"lastPinTransition":11671},{"shAfter":196513,"t":12738,"shBefore":196513,"dBefore":244,"stAfter":195833,"ms":27,"dAfter":0,"pinned":true,"userScrolledUp":false,"stBefore":195589,"lastPinTransition":12722},{"shAfter":196635,"t":12939,"shBefore":196635,"dBefore":122,"stAfter":195955,"ms":23,"dAfter":0,"pinned":true,"userScrolledUp":false,"stBefore":195833,"lastPinTransition":12922},{"shAfter":197987,"t":13939,"shBefore":197987,"dBefore":1852,"stAfter":197307,"ms":33,"dAfter":0,"pinned":true,"userScrolledUp":false,"stBefore":195455,"lastPinTransition":13922},{"shAfter":198109,"t":14140,"shBefore":198109,"dBefore":122,"stAfter":197429,"ms":32,"dAfter":0,"pinned":true,"userScrolledUp":false,"stBefore":197307,"lastPinTransition":14121}] ok=true
[2026-08-05T16:00:49.188Z] G2 stream_append[32] dfb=122px pinned=true (no imperative pin issued) engineDebugTail=[{"shAfter":196513,"t":12738,"shBefore":196513,"dBefore":244,"stAfter":195833,"ms":27,"dAfter":0,"pinned":true,"userScrolledUp":false,"stBefore":195589,"lastPinTransition":12722},{"shAfter":196635,"t":12939,"shBefore":196635,"dBefore":122,"stAfter":195955,"ms":23,"dAfter":0,"pinned":true,"userScrolledUp":false,"stBefore":195833,"lastPinTransition":12922},{"shAfter":197987,"t":13939,"shBefore":197987,"dBefore":1852,"stAfter":197307,"ms":33,"dAfter":0,"pinned":true,"userScrolledUp":false,"stBefore":195455,"lastPinTransition":13922},{"shAfter":198109,"t":14140,"shBefore":198109,"dBefore":122,"stAfter":197429,"ms":32,"dAfter":0,"pinned":true,"userScrolledUp":false,"stBefore":197307,"lastPinTransition":14121},{"shAfter":198353,"t":15241,"shBefore":198353,"dBefore":244,"stAfter":197673,"ms":39,"dAfter":0,"pinned":true,"userScrolledUp":false,"stBefore":197429,"lastPinTransition":15224}] ok=false
[2026-08-05T16:00:49.189Z] G2 stream_append[33] dfb=122px pinned=true (no imperative pin issued) engineDebugTail=[{"shAfter":196513,"t":12738,"shBefore":196513,"dBefore":244,"stAfter":195833,"ms":27,"dAfter":0,"pinned":true,"userScrolledUp":false,"stBefore":195589,"lastPinTransition":12722},{"shAfter":196635,"t":12939,"shBefore":196635,"dBefore":122,"stAfter":195955,"ms":23,"dAfter":0,"pinned":true,"userScrolledUp":false,"stBefore":195833,"lastPinTransition":12922},{"shAfter":197987,"t":13939,"shBefore":197987,"dBefore":1852,"stAfter":197307,"ms":33,"dAfter":0,"pinned":true,"userScrolledUp":false,"stBefore":195455,"lastPinTransition":13922},{"shAfter":198109,"t":14140,"shBefore":198109,"dBefore":122,"stAfter":197429,"ms":32,"dAfter":0,"pinned":true,"userScrolledUp":false,"stBefore":197307,"lastPinTransition":14121},{"shAfter":198353,"t":15241,"shBefore":198353,"dBefore":244,"stAfter":197673,"ms":39,"dAfter":0,"pinned":true,"userScrolledUp":false,"stBefore":197429,"lastPinTransition":15224}] ok=false
[2026-08-05T16:00:49.398Z] G2 stream_append[34] dfb=0px pinned=true (no imperative pin issued) engineDebugTail=[{"shAfter":196635,"t":12939,"shBefore":196635,"dBefore":122,"stAfter":195955,"ms":23,"dAfter":0,"pinned":true,"userScrolledUp":false,"stBefore":195833,"lastPinTransition":12922},{"shAfter":197987,"t":13939,"shBefore":197987,"dBefore":1852,"stAfter":197307,"ms":33,"dAfter":0,"pinned":true,"userScrolledUp":false,"stBefore":195455,"lastPinTransition":13922},{"shAfter":198109,"t":14140,"shBefore":198109,"dBefore":122,"stAfter":197429,"ms":32,"dAfter":0,"pinned":true,"userScrolledUp":false,"stBefore":197307,"lastPinTransition":14121},{"shAfter":198353,"t":15241,"shBefore":198353,"dBefore":244,"stAfter":197673,"ms":39,"dAfter":0,"pinned":true,"userScrolledUp":false,"stBefore":197429,"lastPinTransition":15224},{"shAfter":198475,"t":15441,"shBefore":198475,"dBefore":122,"stAfter":197795,"ms":35,"dAfter":0,"pinned":true,"userScrolledUp":false,"stBefore":197673,"lastPinTransition":15424}] ok=true
[2026-08-05T16:00:49.601Z] G2 stream_append[35] dfb=0px pinned=true (no imperative pin issued) engineDebugTail=[{"shAfter":197987,"t":13939,"shBefore":197987,"dBefore":1852,"stAfter":197307,"ms":33,"dAfter":0,"pinned":true,"userScrolledUp":false,"stBefore":195455,"lastPinTransition":13922},{"shAfter":198109,"t":14140,"shBefore":198109,"dBefore":122,"stAfter":197429,"ms":32,"dAfter":0,"pinned":true,"userScrolledUp":false,"stBefore":197307,"lastPinTransition":14121},{"shAfter":198353,"t":15241,"shBefore":198353,"dBefore":244,"stAfter":197673,"ms":39,"dAfter":0,"pinned":true,"userScrolledUp":false,"stBefore":197429,"lastPinTransition":15224},{"shAfter":198475,"t":15441,"shBefore":198475,"dBefore":122,"stAfter":197795,"ms":35,"dAfter":0,"pinned":true,"userScrolledUp":false,"stBefore":197673,"lastPinTransition":15424},{"shAfter":198597,"t":15641,"shBefore":198597,"dBefore":122,"stAfter":197917,"ms":23,"dAfter":0,"pinned":true,"userScrolledUp":false,"stBefore":197795,"lastPinTransition":15624}] ok=true
[2026-08-05T16:00:50.938Z] G2 stream_append[36] dfb=0px pinned=true (no imperative pin issued) engineDebugTail=[{"shAfter":198109,"t":14140,"shBefore":198109,"dBefore":122,"stAfter":197429,"ms":32,"dAfter":0,"pinned":true,"userScrolledUp":false,"stBefore":197307,"lastPinTransition":14121},{"shAfter":198353,"t":15241,"shBefore":198353,"dBefore":244,"stAfter":197673,"ms":39,"dAfter":0,"pinned":true,"userScrolledUp":false,"stBefore":197429,"lastPinTransition":15224},{"shAfter":198475,"t":15441,"shBefore":198475,"dBefore":122,"stAfter":197795,"ms":35,"dAfter":0,"pinned":true,"userScrolledUp":false,"stBefore":197673,"lastPinTransition":15424},{"shAfter":198597,"t":15641,"shBefore":198597,"dBefore":122,"stAfter":197917,"ms":23,"dAfter":0,"pinned":true,"userScrolledUp":false,"stBefore":197795,"lastPinTransition":15624},{"shAfter":198963,"t":16992,"shBefore":198963,"dBefore":366,"stAfter":198283,"ms":39,"dAfter":0,"pinned":true,"userScrolledUp":false,"stBefore":197917,"lastPinTransition":16975}] ok=true
[2026-08-05T16:00:50.939Z] G2 stream_append[37] dfb=0px pinned=true (no imperative pin issued) engineDebugTail=[{"shAfter":198109,"t":14140,"shBefore":198109,"dBefore":122,"stAfter":197429,"ms":32,"dAfter":0,"pinned":true,"userScrolledUp":false,"stBefore":197307,"lastPinTransition":14121},{"shAfter":198353,"t":15241,"shBefore":198353,"dBefore":244,"stAfter":197673,"ms":39,"dAfter":0,"pinned":true,"userScrolledUp":false,"stBefore":197429,"lastPinTransition":15224},{"shAfter":198475,"t":15441,"shBefore":198475,"dBefore":122,"stAfter":197795,"ms":35,"dAfter":0,"pinned":true,"userScrolledUp":false,"stBefore":197673,"lastPinTransition":15424},{"shAfter":198597,"t":15641,"shBefore":198597,"dBefore":122,"stAfter":197917,"ms":23,"dAfter":0,"pinned":true,"userScrolledUp":false,"stBefore":197795,"lastPinTransition":15624},{"shAfter":198963,"t":16992,"shBefore":198963,"dBefore":366,"stAfter":198283,"ms":39,"dAfter":0,"pinned":true,"userScrolledUp":false,"stBefore":197917,"lastPinTransition":16975}] ok=true
[2026-08-05T16:00:50.939Z] G2 stream_append[38] dfb=0px pinned=true (no imperative pin issued) engineDebugTail=[{"shAfter":198109,"t":14140,"shBefore":198109,"dBefore":122,"stAfter":197429,"ms":32,"dAfter":0,"pinned":true,"userScrolledUp":false,"stBefore":197307,"lastPinTransition":14121},{"shAfter":198353,"t":15241,"shBefore":198353,"dBefore":244,"stAfter":197673,"ms":39,"dAfter":0,"pinned":true,"userScrolledUp":false,"stBefore":197429,"lastPinTransition":15224},{"shAfter":198475,"t":15441,"shBefore":198475,"dBefore":122,"stAfter":197795,"ms":35,"dAfter":0,"pinned":true,"userScrolledUp":false,"stBefore":197673,"lastPinTransition":15424},{"shAfter":198597,"t":15641,"shBefore":198597,"dBefore":122,"stAfter":197917,"ms":23,"dAfter":0,"pinned":true,"userScrolledUp":false,"stBefore":197795,"lastPinTransition":15624},{"shAfter":198963,"t":16992,"shBefore":198963,"dBefore":366,"stAfter":198283,"ms":39,"dAfter":0,"pinned":true,"userScrolledUp":false,"stBefore":197917,"lastPinTransition":16975}] ok=true
[2026-08-05T16:00:52.224Z] G2 stream_append[39] dfb=122px pinned=true (no imperative pin issued) engineDebugTail=[{"shAfter":198353,"t":15241,"shBefore":198353,"dBefore":244,"stAfter":197673,"ms":39,"dAfter":0,"pinned":true,"userScrolledUp":false,"stBefore":197429,"lastPinTransition":15224},{"shAfter":198475,"t":15441,"shBefore":198475,"dBefore":122,"stAfter":197795,"ms":35,"dAfter":0,"pinned":true,"userScrolledUp":false,"stBefore":197673,"lastPinTransition":15424},{"shAfter":198597,"t":15641,"shBefore":198597,"dBefore":122,"stAfter":197917,"ms":23,"dAfter":0,"pinned":true,"userScrolledUp":false,"stBefore":197795,"lastPinTransition":15624},{"shAfter":198963,"t":16992,"shBefore":198963,"dBefore":366,"stAfter":198283,"ms":39,"dAfter":0,"pinned":true,"userScrolledUp":false,"stBefore":197917,"lastPinTransition":16975},{"shAfter":199329,"t":18275.000000000004,"shBefore":199329,"dBefore":366,"stAfter":198649,"ms":37.000000000003638,"dAfter":0,"pinned":true,"userScrolledUp":false,"stBefore":198283,"lastPinTransition":18260}] ok=false
[2026-08-05T16:00:52.225Z] G2 stream_append[40] dfb=122px pinned=true (no imperative pin issued) engineDebugTail=[{"shAfter":198353,"t":15241,"shBefore":198353,"dBefore":244,"stAfter":197673,"ms":39,"dAfter":0,"pinned":true,"userScrolledUp":false,"stBefore":197429,"lastPinTransition":15224},{"shAfter":198475,"t":15441,"shBefore":198475,"dBefore":122,"stAfter":197795,"ms":35,"dAfter":0,"pinned":true,"userScrolledUp":false,"stBefore":197673,"lastPinTransition":15424},{"shAfter":198597,"t":15641,"shBefore":198597,"dBefore":122,"stAfter":197917,"ms":23,"dAfter":0,"pinned":true,"userScrolledUp":false,"stBefore":197795,"lastPinTransition":15624},{"shAfter":198963,"t":16992,"shBefore":198963,"dBefore":366,"stAfter":198283,"ms":39,"dAfter":0,"pinned":true,"userScrolledUp":false,"stBefore":197917,"lastPinTransition":16975},{"shAfter":199329,"t":18275.000000000004,"shBefore":199329,"dBefore":366,"stAfter":198649,"ms":37.000000000003638,"dAfter":0,"pinned":true,"userScrolledUp":false,"stBefore":198283,"lastPinTransition":18260}] ok=false
[2026-08-05T16:00:52.225Z] G2 stream_append[41] dfb=122px pinned=true (no imperative pin issued) engineDebugTail=[{"shAfter":198353,"t":15241,"shBefore":198353,"dBefore":244,"stAfter":197673,"ms":39,"dAfter":0,"pinned":true,"userScrolledUp":false,"stBefore":197429,"lastPinTransition":15224},{"shAfter":198475,"t":15441,"shBefore":198475,"dBefore":122,"stAfter":197795,"ms":35,"dAfter":0,"pinned":true,"userScrolledUp":false,"stBefore":197673,"lastPinTransition":15424},{"shAfter":198597,"t":15641,"shBefore":198597,"dBefore":122,"stAfter":197917,"ms":23,"dAfter":0,"pinned":true,"userScrolledUp":false,"stBefore":197795,"lastPinTransition":15624},{"shAfter":198963,"t":16992,"shBefore":198963,"dBefore":366,"stAfter":198283,"ms":39,"dAfter":0,"pinned":true,"userScrolledUp":false,"stBefore":197917,"lastPinTransition":16975},{"shAfter":199329,"t":18275.000000000004,"shBefore":199329,"dBefore":366,"stAfter":198649,"ms":37.000000000003638,"dAfter":0,"pinned":true,"userScrolledUp":false,"stBefore":198283,"lastPinTransition":18260}] ok=false
[2026-08-05T16:00:52.434Z] G2 stream_append[42] dfb=0px pinned=true (no imperative pin issued) engineDebugTail=[{"shAfter":198475,"t":15441,"shBefore":198475,"dBefore":122,"stAfter":197795,"ms":35,"dAfter":0,"pinned":true,"userScrolledUp":false,"stBefore":197673,"lastPinTransition":15424},{"shAfter":198597,"t":15641,"shBefore":198597,"dBefore":122,"stAfter":197917,"ms":23,"dAfter":0,"pinned":true,"userScrolledUp":false,"stBefore":197795,"lastPinTransition":15624},{"shAfter":198963,"t":16992,"shBefore":198963,"dBefore":366,"stAfter":198283,"ms":39,"dAfter":0,"pinned":true,"userScrolledUp":false,"stBefore":197917,"lastPinTransition":16975},{"shAfter":199329,"t":18275.000000000004,"shBefore":199329,"dBefore":366,"stAfter":198649,"ms":37.000000000003638,"dAfter":0,"pinned":true,"userScrolledUp":false,"stBefore":198283,"lastPinTransition":18260},{"shAfter":199451,"t":18475,"shBefore":199451,"dBefore":122,"stAfter":198771,"ms":33,"dAfter":0,"pinned":true,"userScrolledUp":false,"stBefore":198649,"lastPinTransition":18460}] ok=true
[2026-08-05T16:00:53.942Z] G2 stream_append[43] dfb=122px pinned=true (no imperative pin issued) engineDebugTail=[{"shAfter":198597,"t":15641,"shBefore":198597,"dBefore":122,"stAfter":197917,"ms":23,"dAfter":0,"pinned":true,"userScrolledUp":false,"stBefore":197795,"lastPinTransition":15624},{"shAfter":198963,"t":16992,"shBefore":198963,"dBefore":366,"stAfter":198283,"ms":39,"dAfter":0,"pinned":true,"userScrolledUp":false,"stBefore":197917,"lastPinTransition":16975},{"shAfter":199329,"t":18275.000000000004,"shBefore":199329,"dBefore":366,"stAfter":198649,"ms":37.000000000003638,"dAfter":0,"pinned":true,"userScrolledUp":false,"stBefore":198283,"lastPinTransition":18260},{"shAfter":199451,"t":18475,"shBefore":199451,"dBefore":122,"stAfter":198771,"ms":33,"dAfter":0,"pinned":true,"userScrolledUp":false,"stBefore":198649,"lastPinTransition":18460},{"shAfter":199817,"t":19995,"shBefore":199817,"dBefore":366,"stAfter":199137,"ms":39.999999999996362,"dAfter":0,"pinned":true,"userScrolledUp":false,"stBefore":198771,"lastPinTransition":19978}] ok=false
[2026-08-05T16:00:53.942Z] G2 stream_append[44] dfb=122px pinned=true (no imperative pin issued) engineDebugTail=[{"shAfter":198597,"t":15641,"shBefore":198597,"dBefore":122,"stAfter":197917,"ms":23,"dAfter":0,"pinned":true,"userScrolledUp":false,"stBefore":197795,"lastPinTransition":15624},{"shAfter":198963,"t":16992,"shBefore":198963,"dBefore":366,"stAfter":198283,"ms":39,"dAfter":0,"pinned":true,"userScrolledUp":false,"stBefore":197917,"lastPinTransition":16975},{"shAfter":199329,"t":18275.000000000004,"shBefore":199329,"dBefore":366,"stAfter":198649,"ms":37.000000000003638,"dAfter":0,"pinned":true,"userScrolledUp":false,"stBefore":198283,"lastPinTransition":18260},{"shAfter":199451,"t":18475,"shBefore":199451,"dBefore":122,"stAfter":198771,"ms":33,"dAfter":0,"pinned":true,"userScrolledUp":false,"stBefore":198649,"lastPinTransition":18460},{"shAfter":199817,"t":19995,"shBefore":199817,"dBefore":366,"stAfter":199137,"ms":39.999999999996362,"dAfter":0,"pinned":true,"userScrolledUp":false,"stBefore":198771,"lastPinTransition":19978}] ok=false
[2026-08-05T16:00:53.943Z] G2 stream_append[45] dfb=122px pinned=true (no imperative pin issued) engineDebugTail=[{"shAfter":198597,"t":15641,"shBefore":198597,"dBefore":122,"stAfter":197917,"ms":23,"dAfter":0,"pinned":true,"userScrolledUp":false,"stBefore":197795,"lastPinTransition":15624},{"shAfter":198963,"t":16992,"shBefore":198963,"dBefore":366,"stAfter":198283,"ms":39,"dAfter":0,"pinned":true,"userScrolledUp":false,"stBefore":197917,"lastPinTransition":16975},{"shAfter":199329,"t":18275.000000000004,"shBefore":199329,"dBefore":366,"stAfter":198649,"ms":37.000000000003638,"dAfter":0,"pinned":true,"userScrolledUp":false,"stBefore":198283,"lastPinTransition":18260},{"shAfter":199451,"t":18475,"shBefore":199451,"dBefore":122,"stAfter":198771,"ms":33,"dAfter":0,"pinned":true,"userScrolledUp":false,"stBefore":198649,"lastPinTransition":18460},{"shAfter":199817,"t":19995,"shBefore":199817,"dBefore":366,"stAfter":199137,"ms":39.999999999996362,"dAfter":0,"pinned":true,"userScrolledUp":false,"stBefore":198771,"lastPinTransition":19978}] ok=false
[2026-08-05T16:00:54.152Z] G2 stream_append[46] dfb=0px pinned=true (no imperative pin issued) engineDebugTail=[{"shAfter":198963,"t":16992,"shBefore":198963,"dBefore":366,"stAfter":198283,"ms":39,"dAfter":0,"pinned":true,"userScrolledUp":false,"stBefore":197917,"lastPinTransition":16975},{"shAfter":199329,"t":18275.000000000004,"shBefore":199329,"dBefore":366,"stAfter":198649,"ms":37.000000000003638,"dAfter":0,"pinned":true,"userScrolledUp":false,"stBefore":198283,"lastPinTransition":18260},{"shAfter":199451,"t":18475,"shBefore":199451,"dBefore":122,"stAfter":198771,"ms":33,"dAfter":0,"pinned":true,"userScrolledUp":false,"stBefore":198649,"lastPinTransition":18460},{"shAfter":199817,"t":19995,"shBefore":199817,"dBefore":366,"stAfter":199137,"ms":39.999999999996362,"dAfter":0,"pinned":true,"userScrolledUp":false,"stBefore":198771,"lastPinTransition":19978},{"shAfter":199939,"t":20195,"shBefore":199939,"dBefore":122,"stAfter":199259,"ms":35,"dAfter":0,"pinned":true,"userScrolledUp":false,"stBefore":199137,"lastPinTransition":20178}] ok=true
[2026-08-05T16:00:55.653Z] G2 stream_append[47] dfb=0px pinned=true (no imperative pin issued) engineDebugTail=[{"shAfter":199329,"t":18275.000000000004,"shBefore":199329,"dBefore":366,"stAfter":198649,"ms":37.000000000003638,"dAfter":0,"pinned":true,"userScrolledUp":false,"stBefore":198283,"lastPinTransition":18260},{"shAfter":199451,"t":18475,"shBefore":199451,"dBefore":122,"stAfter":198771,"ms":33,"dAfter":0,"pinned":true,"userScrolledUp":false,"stBefore":198649,"lastPinTransition":18460},{"shAfter":199817,"t":19995,"shBefore":199817,"dBefore":366,"stAfter":199137,"ms":39.999999999996362,"dAfter":0,"pinned":true,"userScrolledUp":false,"stBefore":198771,"lastPinTransition":19978},{"shAfter":199939,"t":20195,"shBefore":199939,"dBefore":122,"stAfter":199259,"ms":35,"dAfter":0,"pinned":true,"userScrolledUp":false,"stBefore":199137,"lastPinTransition":20178},{"shAfter":200305,"t":21712,"shBefore":200305,"dBefore":366,"stAfter":199625,"ms":48,"dAfter":0,"pinned":true,"userScrolledUp":false,"stBefore":199259,"lastPinTransition":21696}] ok=true
[2026-08-05T16:00:55.654Z] G2 stream_append[48] dfb=0px pinned=true (no imperative pin issued) engineDebugTail=[{"shAfter":199329,"t":18275.000000000004,"shBefore":199329,"dBefore":366,"stAfter":198649,"ms":37.000000000003638,"dAfter":0,"pinned":true,"userScrolledUp":false,"stBefore":198283,"lastPinTransition":18260},{"shAfter":199451,"t":18475,"shBefore":199451,"dBefore":122,"stAfter":198771,"ms":33,"dAfter":0,"pinned":true,"userScrolledUp":false,"stBefore":198649,"lastPinTransition":18460},{"shAfter":199817,"t":19995,"shBefore":199817,"dBefore":366,"stAfter":199137,"ms":39.999999999996362,"dAfter":0,"pinned":true,"userScrolledUp":false,"stBefore":198771,"lastPinTransition":19978},{"shAfter":199939,"t":20195,"shBefore":199939,"dBefore":122,"stAfter":199259,"ms":35,"dAfter":0,"pinned":true,"userScrolledUp":false,"stBefore":199137,"lastPinTransition":20178},{"shAfter":200305,"t":21712,"shBefore":200305,"dBefore":366,"stAfter":199625,"ms":48,"dAfter":0,"pinned":true,"userScrolledUp":false,"stBefore":199259,"lastPinTransition":21696}] ok=true
[2026-08-05T16:00:55.655Z] G2 stream_append[49] dfb=0px pinned=true (no imperative pin issued) engineDebugTail=[{"shAfter":199329,"t":18275.000000000004,"shBefore":199329,"dBefore":366,"stAfter":198649,"ms":37.000000000003638,"dAfter":0,"pinned":true,"userScrolledUp":false,"stBefore":198283,"lastPinTransition":18260},{"shAfter":199451,"t":18475,"shBefore":199451,"dBefore":122,"stAfter":198771,"ms":33,"dAfter":0,"pinned":true,"userScrolledUp":false,"stBefore":198649,"lastPinTransition":18460},{"shAfter":199817,"t":19995,"shBefore":199817,"dBefore":366,"stAfter":199137,"ms":39.999999999996362,"dAfter":0,"pinned":true,"userScrolledUp":false,"stBefore":198771,"lastPinTransition":19978},{"shAfter":199939,"t":20195,"shBefore":199939,"dBefore":122,"stAfter":199259,"ms":35,"dAfter":0,"pinned":true,"userScrolledUp":false,"stBefore":199137,"lastPinTransition":20178},{"shAfter":200305,"t":21712,"shBefore":200305,"dBefore":366,"stAfter":199625,"ms":48,"dAfter":0,"pinned":true,"userScrolledUp":false,"stBefore":199259,"lastPinTransition":21696}] ok=true
[2026-08-05T16:01:05.484Z] G2 evidence written: /Users/openclaw/projects/BeeChat-v5/Docs/Reviews/optionb/G2-evidence.md
[2026-08-05T16:01:05.484Z] === exit code=1 ===
[2026-08-05T16:02:08.860Z] === TranscriptSpike launch ===
[2026-08-05T16:02:08.860Z] date=2026-08-05T16:02:08.860Z
[2026-08-05T16:02:08.860Z] build=TranscriptSpike WP-0 2026-08-05
[2026-08-05T16:02:08.860Z] machine=Openclaw's Mac mini  macOS 26.5.1 arm64
[2026-08-05T16:02:08.860Z] dbPath=/Users/openclaw/Library/Application Support/BeeChat/BeeChat.sqlite
[2026-08-05T16:02:08.860Z] generalTopicID=491EA8D6-9527-4E71-89B4-D0A06DF3F49D
[2026-08-05T16:02:08.860Z] generalSessionKey=agent:main:491ea8d6-9527-4e71-89b4-d0a06df3f49d
[2026-08-05T16:02:08.860Z] operator=Q
[2026-08-05T16:02:08.860Z] gate=g3
[2026-08-05T16:02:08.890Z] messages_loaded=428 at 2026-08-05T16:02:08.890Z
[2026-08-05T16:02:09.098Z] webView didFinish navigation at 2026-08-05T16:02:09.098Z
[2026-08-05T16:02:10.703Z] G3 START — pre-registered criteria:
[2026-08-05T16:02:10.703Z] G3 criterion fixture=golden_table_and_code (5 bubbles)
[2026-08-05T16:02:10.703Z] G3 criterion drag_select_from=bubble1_top to=bubble5_bottom (programmatic Range as closest headless proxy)
[2026-08-05T16:02:10.704Z] G3 criterion paste_target=NSPasteboard_readback via public.utf8-plain-text (FR-MULTICOPY A5 — paste-verified)
[2026-08-05T16:02:10.704Z] G3 criterion paste_consumer=TextEdit via Cmd+V — confirms pasteboard flavour matches what TextEdit receives
[2026-08-05T16:02:10.705Z] G3 criterion content_in_order_match — every non-empty line of expected appears in actual in order (FR-MULTICOPY A1 semantics)
[2026-08-05T16:02:10.705Z] G3 criterion verdict_logic_evaluates_each_criterion_above_explicitly (E8 compliance)
[2026-08-05T16:02:10.706Z] JS[consoleLog]: [G3] bc keys=21
[2026-08-05T16:02:10.710Z] G3 fixture_loaded_check: {"bubbles":5,"hasTable":true,"hasCode":true}
[2026-08-05T16:02:11.665Z] G3 pasteboard.plain.bytes=0
[2026-08-05T16:02:11.665Z] G3 pasteboard.rtf.bytes=NONE
[2026-08-05T16:02:11.666Z] G3 pasteboard.html.bytes=NONE
[2026-08-05T16:07:23.881Z] === TranscriptSpike launch ===
[2026-08-05T16:07:23.881Z] date=2026-08-05T16:07:23.881Z
[2026-08-05T16:07:23.881Z] build=TranscriptSpike WP-0 2026-08-05
[2026-08-05T16:07:23.881Z] machine=Openclaw's Mac mini  macOS 26.5.1 arm64
[2026-08-05T16:07:23.881Z] dbPath=/Users/openclaw/Library/Application Support/BeeChat/BeeChat.sqlite
[2026-08-05T16:07:23.881Z] generalTopicID=491EA8D6-9527-4E71-89B4-D0A06DF3F49D
[2026-08-05T16:07:23.882Z] generalSessionKey=agent:main:491ea8d6-9527-4e71-89b4-d0a06df3f49d
[2026-08-05T16:07:23.882Z] operator=Q
[2026-08-05T16:07:23.882Z] gate=g3
[2026-08-05T16:07:23.909Z] messages_loaded=428 at 2026-08-05T16:07:23.909Z
[2026-08-05T16:07:24.131Z] webView didFinish navigation at 2026-08-05T16:07:24.131Z
[2026-08-05T16:07:25.729Z] G3 START — pre-registered criteria:
[2026-08-05T16:07:25.730Z] G3 criterion fixture=golden_table_and_code (5 bubbles)
[2026-08-05T16:07:25.730Z] G3 criterion drag_select_from=bubble1_top to=bubble5_bottom (programmatic Range as closest headless proxy)
[2026-08-05T16:07:25.731Z] G3 criterion paste_target=NSPasteboard_readback via public.utf8-plain-text (FR-MULTICOPY A5 — paste-verified)
[2026-08-05T16:07:25.731Z] G3 criterion paste_consumer=TextEdit via Cmd+V — confirms pasteboard flavour matches what TextEdit receives
[2026-08-05T16:07:25.731Z] G3 criterion content_in_order_match — every non-empty line of expected appears in actual in order (FR-MULTICOPY A1 semantics)
[2026-08-05T16:07:25.732Z] G3 criterion verdict_logic_evaluates_each_criterion_above_explicitly (E8 compliance)
[2026-08-05T16:07:25.733Z] JS[consoleLog]: [G3] bc keys=21
[2026-08-05T16:07:25.743Z] G3 fixture_loaded_check: {"bubbles":5,"hasTable":true,"hasCode":true}
[2026-08-05T16:07:26.387Z] G3 copy_result: {"selectionLen":196,"copyResult":true,"pasteboardChangeCount":-1}
[2026-08-05T16:07:26.704Z] G3 pasteboard.plain.bytes=194
[2026-08-05T16:07:26.705Z] G3 pasteboard.rtf.bytes=6205
[2026-08-05T16:07:26.705Z] G3 pasteboard.html.bytes=5671
[2026-08-05T16:07:26.749Z] G3 pasteboard.content_in_order_match=true
[2026-08-05T16:07:26.750Z] G3 textedit.consumer.content_in_order_match=true
[2026-08-05T16:07:26.751Z] G3 pasteboard artefact written: /Users/openclaw/projects/BeeChat-v5/Docs/Reviews/optionb/G3-pasteboard-plain-2026-08-05T16-07-26.750Z.txt
[2026-08-05T16:07:26.752Z] G3 TextEdit consumer artefact written: /Users/openclaw/projects/BeeChat-v5/Docs/Reviews/optionb/G3-textedit-consumer-2026-08-05T16-07-26.751Z.txt
[2026-08-05T16:07:26.753Z] G3 evidence written: /Users/openclaw/projects/BeeChat-v5/Docs/Reviews/optionb/G3-evidence.md
[2026-08-05T16:07:26.753Z] === exit code=0 ===
[2026-08-05T16:07:37.918Z] === TranscriptSpike launch ===
[2026-08-05T16:07:37.919Z] date=2026-08-05T16:07:37.918Z
[2026-08-05T16:07:37.919Z] build=TranscriptSpike WP-0 2026-08-05
[2026-08-05T16:07:37.919Z] machine=Openclaw's Mac mini  macOS 26.5.1 arm64
[2026-08-05T16:07:37.919Z] dbPath=/Users/openclaw/Library/Application Support/BeeChat/BeeChat.sqlite
[2026-08-05T16:07:37.919Z] generalTopicID=491EA8D6-9527-4E71-89B4-D0A06DF3F49D
[2026-08-05T16:07:37.919Z] generalSessionKey=agent:main:491ea8d6-9527-4e71-89b4-d0a06df3f49d
[2026-08-05T16:07:37.919Z] operator=Q
[2026-08-05T16:07:37.919Z] gate=g4
[2026-08-05T16:07:37.921Z] messages_loaded=428 at 2026-08-05T16:07:37.921Z
[2026-08-05T16:07:38.113Z] webView didFinish navigation at 2026-08-05T16:07:38.113Z
[2026-08-05T16:07:39.714Z] G4 START — pre-registered criteria:
[2026-08-05T16:07:39.715Z] G4 criterion ported_theme=light (representative theme)
[2026-08-05T16:07:39.715Z] G4 criterion font_scale_steps=[0.8, 1.0, 1.2, 1.5]
[2026-08-05T16:07:39.716Z] G4 criterion target_perceived_frame=16.7ms; recorded_as=documented_performance_target_if_metric_unavailable
[2026-08-05T16:07:39.716Z] G4 criterion metric_chosen=requestAnimationFrame deltas around style mutation (best-available proxy)
[2026-08-05T16:07:39.716Z] G4 criterion reference_screenshot=G4-reference-light.png (committed artefact)
[2026-08-05T16:07:39.717Z] G4 criterion visual_parity_method=byte_ratio_proxy_vs_production_MessageTemplate (Mel is the named human verifier for substantive parity)
[2026-08-05T16:07:39.717Z] G4 criterion visual_parity_byte_ratio_tolerance=5x (gross divergence only; substantive parity is Mel's eyes)
[2026-08-05T16:07:39.717Z] G4 criterion verdict_logic_evaluates_each_criterion_above_explicitly (E8 compliance)
[2026-08-05T16:07:40.129Z] G4 font_scale=0.80 raf_ms=88.00
[2026-08-05T16:07:40.963Z] G4 font_scale=1.00 raf_ms=59.00
[2026-08-05T16:07:41.826Z] G4 font_scale=1.20 raf_ms=96.00
[2026-08-05T16:07:42.676Z] G4 font_scale=1.50 raf_ms=97.00
[2026-08-05T16:07:44.942Z] G4 reference screenshot: /Users/openclaw/projects/BeeChat-v5/Docs/Reviews/optionb/G4-reference-light.png exists=false size=0 bytes
[2026-08-05T16:07:44.943Z] G4 production template NOT FOUND in expected paths — skipping reference capture
[2026-08-05T16:07:44.943Z] G4 side-by-side: skipped (one or both screenshots missing)
[2026-08-05T16:07:44.944Z] G4 evidence written: /Users/openclaw/projects/BeeChat-v5/Docs/Reviews/optionb/G4-evidence.md
[2026-08-05T16:07:44.944Z] === exit code=0 ===
[2026-08-05T16:08:33.293Z] === TranscriptSpike launch ===
[2026-08-05T16:08:33.293Z] date=2026-08-05T16:08:33.293Z
[2026-08-05T16:08:33.293Z] build=TranscriptSpike WP-0 2026-08-05
[2026-08-05T16:08:33.293Z] machine=Openclaw's Mac mini  macOS 26.5.1 arm64
[2026-08-05T16:08:33.294Z] dbPath=/Users/openclaw/Library/Application Support/BeeChat/BeeChat.sqlite
[2026-08-05T16:08:33.294Z] generalTopicID=491EA8D6-9527-4E71-89B4-D0A06DF3F49D
[2026-08-05T16:08:33.294Z] generalSessionKey=agent:main:491ea8d6-9527-4e71-89b4-d0a06df3f49d
[2026-08-05T16:08:33.294Z] operator=Q
[2026-08-05T16:08:33.294Z] gate=g4
[2026-08-05T16:08:33.322Z] messages_loaded=428 at 2026-08-05T16:08:33.322Z
[2026-08-05T16:08:33.542Z] webView didFinish navigation at 2026-08-05T16:08:33.542Z
[2026-08-05T16:08:35.138Z] G4 START — pre-registered criteria:
[2026-08-05T16:08:35.139Z] G4 criterion ported_theme=light (representative theme)
[2026-08-05T16:08:35.139Z] G4 criterion font_scale_steps=[0.8, 1.0, 1.2, 1.5]
[2026-08-05T16:08:35.139Z] G4 criterion target_perceived_frame=16.7ms; recorded_as=documented_performance_target_if_metric_unavailable
[2026-08-05T16:08:35.140Z] G4 criterion metric_chosen=requestAnimationFrame deltas around style mutation (best-available proxy)
[2026-08-05T16:08:35.140Z] G4 criterion reference_screenshot=G4-reference-light.png (committed artefact)
[2026-08-05T16:08:35.140Z] G4 criterion visual_parity_method=byte_ratio_proxy_vs_production_MessageTemplate (Mel is the named human verifier for substantive parity)
[2026-08-05T16:08:35.141Z] G4 criterion visual_parity_byte_ratio_tolerance=5x (gross divergence only; substantive parity is Mel's eyes)
[2026-08-05T16:08:35.141Z] G4 criterion verdict_logic_evaluates_each_criterion_above_explicitly (E8 compliance)
[2026-08-05T16:08:35.563Z] G4 font_scale=0.80 raf_ms=96.00
[2026-08-05T16:08:36.409Z] G4 font_scale=1.00 raf_ms=60.00
[2026-08-05T16:08:37.260Z] G4 font_scale=1.20 raf_ms=85.00
[2026-08-05T16:08:38.111Z] G4 font_scale=1.50 raf_ms=63.00
[2026-08-05T16:11:49.341Z] === TranscriptSpike launch ===
[2026-08-05T16:11:49.341Z] date=2026-08-05T16:11:49.341Z
[2026-08-05T16:11:49.342Z] build=TranscriptSpike WP-0 2026-08-05
[2026-08-05T16:11:49.342Z] machine=Openclaw's Mac mini  macOS 26.5.1 arm64
[2026-08-05T16:11:49.342Z] dbPath=/Users/openclaw/Library/Application Support/BeeChat/BeeChat.sqlite
[2026-08-05T16:11:49.342Z] generalTopicID=491EA8D6-9527-4E71-89B4-D0A06DF3F49D
[2026-08-05T16:11:49.342Z] generalSessionKey=agent:main:491ea8d6-9527-4e71-89b4-d0a06df3f49d
[2026-08-05T16:11:49.342Z] operator=Q
[2026-08-05T16:11:49.342Z] gate=g4
[2026-08-05T16:11:49.369Z] messages_loaded=428 at 2026-08-05T16:11:49.369Z
[2026-08-05T16:11:49.566Z] webView didFinish navigation at 2026-08-05T16:11:49.566Z
[2026-08-05T16:11:51.163Z] G4 START — pre-registered criteria:
[2026-08-05T16:11:51.164Z] G4 criterion ported_theme=light (representative theme)
[2026-08-05T16:11:51.165Z] G4 criterion font_scale_steps=[0.8, 1.0, 1.2, 1.5]
[2026-08-05T16:11:51.165Z] G4 criterion target_perceived_frame=16.7ms; recorded_as=documented_performance_target_if_metric_unavailable
[2026-08-05T16:11:51.165Z] G4 criterion metric_chosen=requestAnimationFrame deltas around style mutation (best-available proxy)
[2026-08-05T16:11:51.166Z] G4 criterion reference_screenshot=G4-reference-light.png (committed artefact)
[2026-08-05T16:11:51.166Z] G4 criterion visual_parity_method=byte_ratio_proxy_vs_production_MessageTemplate (Mel is the named human verifier for substantive parity)
[2026-08-05T16:11:51.166Z] G4 criterion visual_parity_byte_ratio_tolerance=5x (gross divergence only; substantive parity is Mel's eyes)
[2026-08-05T16:11:51.166Z] G4 criterion verdict_logic_evaluates_each_criterion_above_explicitly (E8 compliance)
[2026-08-05T16:11:51.591Z] G4 font_scale=0.80 raf_ms=95.00
[2026-08-05T16:11:52.438Z] G4 font_scale=1.00 raf_ms=57.00
[2026-08-05T16:11:53.283Z] G4 font_scale=1.20 raf_ms=94.00
[2026-08-05T16:11:54.148Z] G4 font_scale=1.50 raf_ms=97.00
[2026-08-05T16:11:56.524Z] G4 reference screenshot: /Users/openclaw/projects/BeeChat-v5/Docs/Reviews/optionb/G4-reference-light.png exists=true size=115742 bytes (via WKWebView.takeSnapshot)
[2026-08-05T16:11:56.524Z] G4 production template: /Users/openclaw/projects/BeeChat-v5/.build/arm64-apple-macosx/debug/BeeChatPersistence_BeeChatApp.bundle/MessageTemplate.html
[2026-08-05T16:15:33.978Z] === TranscriptSpike launch ===
[2026-08-05T16:15:33.978Z] date=2026-08-05T16:15:33.978Z
[2026-08-05T16:15:33.978Z] build=TranscriptSpike WP-0 2026-08-05
[2026-08-05T16:15:33.979Z] machine=Openclaw's Mac mini  macOS 26.5.1 arm64
[2026-08-05T16:15:33.979Z] dbPath=/Users/openclaw/Library/Application Support/BeeChat/BeeChat.sqlite
[2026-08-05T16:15:33.979Z] generalTopicID=491EA8D6-9527-4E71-89B4-D0A06DF3F49D
[2026-08-05T16:15:33.979Z] generalSessionKey=agent:main:491ea8d6-9527-4e71-89b4-d0a06df3f49d
[2026-08-05T16:15:33.979Z] operator=Q
[2026-08-05T16:15:33.979Z] gate=g4
[2026-08-05T16:15:34.006Z] messages_loaded=428 at 2026-08-05T16:15:34.006Z
[2026-08-05T16:15:34.212Z] webView didFinish navigation at 2026-08-05T16:15:34.212Z
[2026-08-05T16:15:35.816Z] G4 START — pre-registered criteria:
[2026-08-05T16:15:35.816Z] G4 criterion ported_theme=light (representative theme)
[2026-08-05T16:15:35.817Z] G4 criterion font_scale_steps=[0.8, 1.0, 1.2, 1.5]
[2026-08-05T16:15:35.817Z] G4 criterion target_perceived_frame=16.7ms; recorded_as=documented_performance_target_if_metric_unavailable
[2026-08-05T16:15:35.818Z] G4 criterion metric_chosen=requestAnimationFrame deltas around style mutation (best-available proxy)
[2026-08-05T16:15:35.818Z] G4 criterion reference_screenshot=G4-reference-light.png (committed artefact)
[2026-08-05T16:15:35.819Z] G4 criterion visual_parity_method=byte_ratio_proxy_vs_production_MessageTemplate (Mel is the named human verifier for substantive parity)
[2026-08-05T16:15:35.820Z] G4 criterion visual_parity_byte_ratio_tolerance=5x (gross divergence only; substantive parity is Mel's eyes)
[2026-08-05T16:15:35.820Z] G4 criterion verdict_logic_evaluates_each_criterion_above_explicitly (E8 compliance)
[2026-08-05T16:15:36.246Z] G4 font_scale=0.80 raf_ms=95.00
[2026-08-05T16:15:37.090Z] G4 font_scale=1.00 raf_ms=53.00
[2026-08-05T16:15:37.941Z] G4 font_scale=1.20 raf_ms=73.00
[2026-08-05T16:15:38.797Z] G4 font_scale=1.50 raf_ms=91.00
[2026-08-05T16:15:41.178Z] G4 reference screenshot: /Users/openclaw/projects/BeeChat-v5/Docs/Reviews/optionb/G4-reference-light.png exists=true size=115742 bytes (via WKWebView.takeSnapshot)
[2026-08-05T16:15:41.179Z] G4 production template: /Users/openclaw/projects/BeeChat-v5/.build/arm64-apple-macosx/debug/BeeChatPersistence_BeeChatApp.bundle/MessageTemplate.html
[2026-08-05T16:15:43.264Z] G4 production template: navigation did not complete in 2s — skipping snapshot
[2026-08-05T16:15:43.265Z] G4 side-by-side: skipped (one or both screenshots missing)
[2026-08-05T16:15:43.268Z] G4 evidence written: /Users/openclaw/projects/BeeChat-v5/Docs/Reviews/optionb/G4-evidence.md
[2026-08-05T16:15:43.268Z] === exit code=0 ===
[2026-08-05T16:16:19.311Z] === TranscriptSpike launch ===
[2026-08-05T16:16:19.311Z] date=2026-08-05T16:16:19.311Z
[2026-08-05T16:16:19.311Z] build=TranscriptSpike WP-0 2026-08-05
[2026-08-05T16:16:19.311Z] machine=Openclaw's Mac mini  macOS 26.5.1 arm64
[2026-08-05T16:16:19.311Z] dbPath=/Users/openclaw/Library/Application Support/BeeChat/BeeChat.sqlite
[2026-08-05T16:16:19.312Z] generalTopicID=491EA8D6-9527-4E71-89B4-D0A06DF3F49D
[2026-08-05T16:16:19.312Z] generalSessionKey=agent:main:491ea8d6-9527-4e71-89b4-d0a06df3f49d
[2026-08-05T16:16:19.312Z] operator=Q
[2026-08-05T16:16:19.312Z] gate=g3
[2026-08-05T16:16:19.314Z] messages_loaded=428 at 2026-08-05T16:16:19.314Z
[2026-08-05T16:16:19.499Z] webView didFinish navigation at 2026-08-05T16:16:19.499Z
[2026-08-05T16:16:21.103Z] G3 START — pre-registered criteria:
[2026-08-05T16:16:21.104Z] G3 criterion fixture=golden_table_and_code (5 bubbles)
[2026-08-05T16:16:21.104Z] G3 criterion drag_select_from=bubble1_top to=bubble5_bottom (programmatic Range as closest headless proxy)
[2026-08-05T16:16:21.105Z] G3 criterion paste_target=NSPasteboard_readback via public.utf8-plain-text (FR-MULTICOPY A5 — paste-verified)
[2026-08-05T16:16:21.105Z] G3 criterion paste_consumer=TextEdit via Cmd+V — confirms pasteboard flavour matches what TextEdit receives
[2026-08-05T16:16:21.106Z] G3 criterion content_in_order_match — every non-empty line of expected appears in actual in order (FR-MULTICOPY A1 semantics)
[2026-08-05T16:16:21.106Z] G3 criterion verdict_logic_evaluates_each_criterion_above_explicitly (E8 compliance)
[2026-08-05T16:16:21.108Z] JS[consoleLog]: [G3] bc keys=21
[2026-08-05T16:16:21.124Z] G3 fixture_loaded_check: {"bubbles":5,"hasTable":true,"hasCode":true}
[2026-08-05T16:16:21.759Z] G3 copy_result: {"selectionLen":196,"copyResult":true,"pasteboardChangeCount":-1}
[2026-08-05T16:16:22.071Z] G3 pasteboard.plain.bytes=194
[2026-08-05T16:16:22.072Z] G3 pasteboard.rtf.bytes=6205
[2026-08-05T16:16:22.073Z] G3 pasteboard.html.bytes=5671
[2026-08-05T16:16:22.132Z] G3 pasteboard.content_in_order_match=true
[2026-08-05T16:16:22.132Z] G3 textedit.consumer.content_in_order_match=true
[2026-08-05T16:16:22.134Z] G3 pasteboard artefact written: /Users/openclaw/projects/BeeChat-v5/Docs/Reviews/optionb/G3-pasteboard-plain-2026-08-05T16-16-22.132Z.txt
[2026-08-05T16:16:22.135Z] G3 TextEdit consumer artefact written: /Users/openclaw/projects/BeeChat-v5/Docs/Reviews/optionb/G3-textedit-consumer-2026-08-05T16-16-22.134Z.txt
[2026-08-05T16:16:22.136Z] G3 evidence written: /Users/openclaw/projects/BeeChat-v5/Docs/Reviews/optionb/G3-evidence.md
[2026-08-05T16:16:22.136Z] === exit code=0 ===
